cand-bridge-id76	7obi-assembly2_B	0.525	118	145	134	0.814	0.881	9.623E-01	7.809E-01	8.433E-01	1.633E-08	436
cand-bridge-id76	2hyz-assembly1_A-2	0.487	119	145	136	0.821	0.875	9.342E-01	7.673E-01	8.159E-01	3.407E-08	413
cand-bridge-id76	8cp8-assembly2_B	0.487	119	145	136	0.821	0.875	9.099E-01	7.505E-01	7.970E-01	1.986E-08	409
cand-bridge-id76	8cqq-assembly1_A	0.406	155	145	272	0.966	0.562	7.974E-01	7.673E-01	4.174E-01	2.793E-09	407
cand-bridge-id76	8cqp-assembly3_C	0.487	119	145	134	0.821	0.888	9.487E-01	7.779E-01	8.394E-01	7.110E-08	404
cand-bridge-id76	8ch0-assembly1_A	0.487	119	145	136	0.821	0.875	9.016E-01	7.441E-01	7.901E-01	2.941E-08	401
cand-bridge-id76	1na0-assembly2_B	0.491	120	145	119	0.828	0.975	8.355E-01	6.774E-01	8.101E-01	1.050E-08	393
cand-bridge-id76	1na0-assembly1_A	0.491	120	145	119	0.828	0.975	8.230E-01	6.685E-01	7.984E-01	1.633E-08	383
cand-bridge-id76	8ump-assembly1_A	0.442	122	145	120	0.841	0.983	8.389E-01	6.913E-01	8.200E-01	3.407E-08	378
cand-bridge-id76	8fe7-assembly4_G	0.260	119	145	705	0.821	0.169	9.088E-01	7.492E-01	1.632E-01	2.423E-07	374
cand-bridge-id76	2wqh-assembly1_A-2	0.550	100	145	104	0.690	0.962	9.522E-01	6.608E-01	9.087E-01	2.673E-07	371
cand-bridge-id76	6v8e-assembly1_A	0.415	118	145	119	0.814	0.958	8.709E-01	6.917E-01	8.305E-01	7.843E-08	370
cand-bridge-id76	6b85-assembly1_J	0.410	112	145	215	0.772	0.521	9.245E-01	7.194E-01	4.941E-01	2.948E-07	368
cand-bridge-id76	1w3b-assembly1_B	0.366	112	145	368	0.772	0.304	9.128E-01	7.120E-01	2.926E-01	2.423E-07	365
cand-bridge-id76	6v8e-assembly2_F	0.418	117	145	119	0.807	0.950	8.436E-01	6.676E-01	7.988E-01	8.237E-08	361
cand-bridge-id76	5hgv-assembly2_C	0.250	112	145	674	0.772	0.166	9.637E-01	7.447E-01	1.644E-01	6.786E-07	361
cand-bridge-id76	4gyw-assembly2_A	0.260	119	145	695	0.821	0.171	9.490E-01	7.781E-01	1.677E-01	8.672E-07	360
cand-bridge-id76	5a01-assembly3_C	0.267	116	145	681	0.800	0.170	9.541E-01	7.639E-01	1.679E-01	9.108E-07	359
cand-bridge-id76	3pe3-assembly4_D	0.260	119	145	701	0.821	0.170	9.066E-01	7.474E-01	1.639E-01	5.858E-07	356
cand-bridge-id76	6e37-assembly1_A	0.267	116	145	692	0.800	0.168	9.113E-01	7.349E-01	1.632E-01	8.257E-07	353
cand-bridge-id76	3kd7-assembly5_E	0.552	96	145	100	0.662	0.960	9.461E-01	6.321E-01	9.014E-01	5.577E-07	351
cand-bridge-id76	5hgv-assembly1_A	0.260	119	145	695	0.821	0.171	9.500E-01	7.788E-01	1.678E-01	1.416E-06	350
cand-bridge-id76	8fe6-assembly4_G	0.260	119	145	696	0.821	0.171	9.166E-01	7.546E-01	1.657E-01	1.055E-06	348
cand-bridge-id76	4gyw-assembly1_C	0.250	112	145	674	0.772	0.166	9.637E-01	7.447E-01	1.644E-01	1.562E-06	346
cand-bridge-id76	5hrz-assembly1_A	0.416	120	145	122	0.828	0.951	8.370E-01	6.791E-01	7.938E-01	2.197E-07	345
cand-bridge-id76	6vfh-assembly1_A	0.411	119	145	119	0.821	0.966	8.122E-01	6.563E-01	7.818E-01	1.558E-07	344
cand-bridge-id76	8cm9-assembly2_B	0.267	116	145	699	0.800	0.166	9.298E-01	7.474E-01	1.624E-01	1.562E-06	344
cand-bridge-id76	3kd7-assembly2_B	0.545	99	145	100	0.683	0.990	9.578E-01	6.571E-01	9.395E-01	9.566E-07	343
cand-bridge-id76	8cm9-assembly4_D	0.264	117	145	704	0.807	0.166	9.210E-01	7.473E-01	1.622E-01	1.487E-06	343
cand-bridge-id76	6vfk-assembly1_A	0.408	120	145	120	0.828	0.967	8.154E-01	6.638E-01	7.854E-01	1.896E-07	341
cand-bridge-id76	5vie-assembly1_C	0.254	114	145	667	0.786	0.171	9.110E-01	7.229E-01	1.663E-01	1.222E-06	341
cand-bridge-id76	6tka-assembly1_AAA	0.264	117	145	694	0.807	0.169	8.598E-01	7.033E-01	1.607E-01	1.108E-06	335
cand-bridge-id76	4n3c-assembly1_A	0.267	116	145	697	0.800	0.166	8.794E-01	7.117E-01	1.600E-01	1.348E-06	335
cand-bridge-id76	6q4m-assembly1_A	0.264	117	145	698	0.807	0.168	8.957E-01	7.299E-01	1.623E-01	1.810E-06	335
cand-bridge-id76	5nps-assembly1_A	0.264	117	145	693	0.807	0.169	8.847E-01	7.218E-01	1.628E-01	1.723E-06	334
cand-bridge-id76	5bnw-assembly1_A	0.267	116	145	694	0.800	0.167	8.905E-01	7.207E-01	1.616E-01	1.723E-06	334
cand-bridge-id76	6ibo-assembly1_A	0.264	117	145	695	0.807	0.168	8.872E-01	7.236E-01	1.625E-01	1.723E-06	334
cand-bridge-id76	4xif-assembly1_A	0.260	119	145	702	0.821	0.170	9.176E-01	7.553E-01	1.644E-01	2.551E-06	330
cand-bridge-id76	5lwv-assembly1_A	0.264	117	145	711	0.807	0.165	8.703E-01	7.111E-01	1.578E-01	1.996E-06	327
cand-bridge-id76	6vl6-assembly1_A	0.411	119	145	122	0.821	0.943	8.386E-01	6.754E-01	7.891E-01	5.858E-07	324
cand-bridge-id76	8fwd-assembly1_3	0.375	112	145	139	0.772	0.806	9.093E-01	7.096E-01	7.382E-01	2.551E-06	324
cand-bridge-id76	8fwd-assembly1_7	0.375	112	145	139	0.772	0.806	9.067E-01	7.082E-01	7.367E-01	2.551E-06	324
cand-bridge-id76	8dti-assembly1_B	0.300	120	145	629	0.828	0.191	8.801E-01	7.335E-01	1.807E-01	2.429E-06	321
cand-bridge-id76	3kd7-assembly1_A	0.545	99	145	102	0.683	0.971	9.112E-01	6.331E-01	8.783E-01	2.313E-06	320
cand-bridge-id76	8far-assembly1_A	0.357	112	145	136	0.772	0.824	9.219E-01	7.176E-01	7.622E-01	4.826E-06	319
cand-bridge-id76	8fwd-assembly1_C	0.375	112	145	139	0.772	0.806	9.113E-01	7.113E-01	7.400E-01	3.777E-06	318
cand-bridge-id76	5lvv-assembly1_A	0.260	119	145	720	0.821	0.165	8.565E-01	7.104E-01	1.567E-01	2.814E-06	318
cand-bridge-id76	6eou-assembly1_A	0.291	151	145	343	0.945	0.429	7.794E-01	7.341E-01	3.243E-01	5.577E-07	317
cand-bridge-id76	5vie-assembly1_A	0.259	108	145	666	0.745	0.162	9.330E-01	7.007E-01	1.591E-01	4.375E-06	316
cand-bridge-id76	8fuf-assembly1_A	0.267	116	145	695	0.800	0.167	9.030E-01	7.288E-01	1.619E-01	3.777E-06	316
cand-bridge-id76	6vfi-assembly1_B	0.415	118	145	118	0.814	0.966	8.438E-01	6.723E-01	8.115E-01	1.005E-06	315
cand-bridge-id76	8dtg-assembly1_A	0.258	139	145	802	0.959	0.168	8.398E-01	7.815E-01	1.569E-01	2.202E-06	315
cand-bridge-id76	6vfj-assembly1_B	0.391	120	145	119	0.828	0.975	8.477E-01	6.882E-01	8.223E-01	1.562E-06	312
cand-bridge-id76	3vty-assembly4_D	0.281	149	145	171	0.931	0.865	7.475E-01	6.951E-01	5.965E-01	4.584E-07	309
cand-bridge-id76	5lyp-assembly1_A	0.281	128	145	137	0.883	0.920	8.547E-01	7.451E-01	7.854E-01	1.901E-06	308
cand-bridge-id76	7yeh-assembly1_A	0.376	109	145	1020	0.752	0.107	9.339E-01	7.076E-01	1.054E-01	3.966E-06	307
cand-bridge-id76	8umr-assembly1_A	0.442	122	145	120	0.841	0.983	8.322E-01	6.878E-01	8.140E-01	1.164E-06	306
cand-bridge-id76	1w3b-assembly1_A	0.300	150	145	388	0.938	0.376	7.941E-01	7.422E-01	2.883E-01	1.222E-06	306
cand-bridge-id76	5lyn-assembly1_B	0.294	119	145	133	0.821	0.880	8.794E-01	7.163E-01	7.757E-01	3.424E-06	305
cand-bridge-id76	2vyi-assembly2_B	0.284	123	145	123	0.848	0.967	8.418E-01	6.974E-01	8.107E-01	2.679E-06	304
cand-bridge-id76	5fzr-assembly1_B	0.352	102	145	105	0.703	0.971	9.103E-01	6.506E-01	8.784E-01	2.679E-06	302
cand-bridge-id76	3vtx-assembly2_B	0.299	147	145	183	0.966	0.798	7.422E-01	7.143E-01	5.783E-01	6.786E-07	302
cand-bridge-id76	8gck-assembly1_B	0.245	118	145	128	0.807	0.922	8.626E-01	7.035E-01	7.886E-01	5.872E-06	298
cand-bridge-id76	3cvn-assembly1_A	0.242	128	145	300	0.883	0.417	9.026E-01	7.805E-01	3.918E-01	6.803E-06	298
cand-bridge-id76	3sz7-assembly1_A	0.296	118	145	151	0.814	0.768	8.626E-01	6.966E-01	6.709E-01	4.826E-06	293
cand-bridge-id76	3r9a-assembly1_D	0.259	135	145	292	0.917	0.462	8.605E-01	7.905E-01	4.136E-01	5.069E-06	293
cand-bridge-id76	8fwd-assembly1_P	0.402	97	145	100	0.669	0.970	9.173E-01	6.240E-01	8.835E-01	1.225E-05	292
cand-bridge-id76	8ehz-assembly1_A	0.239	121	145	129	0.828	0.938	8.889E-01	7.399E-01	8.249E-01	1.167E-05	292
cand-bridge-id76	8ye5-assembly1_A	0.278	122	145	125	0.841	0.936	8.683E-01	7.092E-01	8.117E-01	9.589E-06	291
cand-bridge-id76	8gck-assembly2_A	0.245	118	145	126	0.807	0.937	8.681E-01	7.091E-01	8.053E-01	9.130E-06	291
cand-bridge-id76	6nsv-assembly1_A	0.239	121	145	128	0.828	0.945	8.461E-01	7.078E-01	7.924E-01	6.803E-06	291
cand-bridge-id76	7yea-assembly1_B	0.304	151	145	1017	0.945	0.147	7.705E-01	7.256E-01	1.139E-01	1.723E-06	291
cand-bridge-id76	7tb1-assembly2_B	0.237	122	145	126	0.834	0.968	8.186E-01	6.915E-01	7.839E-01	5.324E-06	290
cand-bridge-id76	3cvq-assembly1_A	0.252	111	145	289	0.766	0.384	9.339E-01	7.198E-01	3.706E-01	1.645E-05	290
cand-bridge-id76	8ye5-assembly1_B	0.279	118	145	119	0.814	0.950	8.514E-01	6.753E-01	8.065E-01	7.881E-06	289
cand-bridge-id76	8fwd-assembly1_L	0.397	98	145	100	0.676	0.980	9.105E-01	6.267E-01	8.854E-01	1.352E-05	288
cand-bridge-id76	5fzq-assembly1_B	0.352	102	145	105	0.703	0.971	9.074E-01	6.486E-01	8.756E-01	5.872E-06	288
cand-bridge-id76	4kyo-assembly1_D	0.258	139	145	285	0.931	0.484	8.499E-01	7.909E-01	4.235E-01	6.167E-06	286
cand-bridge-id76	8os1-assembly1_B	0.204	142	145	306	0.924	0.464	8.643E-01	7.989E-01	3.992E-01	1.058E-05	286
cand-bridge-id76	5fzr-assembly2_D	0.352	102	145	105	0.703	0.971	8.838E-01	6.357E-01	8.535E-01	5.069E-06	285
cand-bridge-id76	6vl6-assembly1_B	0.406	96	145	98	0.662	0.980	9.074E-01	6.130E-01	8.820E-01	1.727E-05	284
cand-bridge-id76	1na3-assembly1_A	0.589	78	145	86	0.538	0.907	9.488E-01	5.180E-01	8.549E-01	2.207E-05	283
cand-bridge-id76	2j9q-assembly1_B	0.256	144	145	269	0.931	0.535	8.388E-01	7.807E-01	4.428E-01	6.803E-06	283
cand-bridge-id76	3cv0-assembly1_A	0.219	132	145	300	0.910	0.440	8.872E-01	8.086E-01	4.088E-01	1.814E-05	283
cand-bridge-id76	3upv-assembly1_A	0.294	119	145	125	0.807	0.952	8.632E-01	7.028E-01	8.063E-01	9.130E-06	282
cand-bridge-id76	3asf-assembly1_A	0.241	120	145	174	0.828	0.690	8.542E-01	7.145E-01	6.045E-01	1.167E-05	282
cand-bridge-id76	1fch-assembly2_B	0.255	137	145	297	0.931	0.461	8.550E-01	7.960E-01	4.106E-01	1.058E-05	282
cand-bridge-id76	2c0m-assembly4_F	0.262	145	145	302	0.931	0.477	8.154E-01	7.594E-01	3.879E-01	6.803E-06	281
cand-bridge-id76	8fwd-assembly1_0	0.402	97	145	100	0.669	0.970	9.155E-01	6.233E-01	8.818E-01	2.207E-05	280
cand-bridge-id76	3q4a-assembly1_B	0.241	120	145	132	0.821	0.909	8.508E-01	7.058E-01	7.688E-01	1.420E-05	280
cand-bridge-id76	7dhg-assembly1_C	0.294	136	145	470	0.931	0.281	9.030E-01	8.221E-01	2.679E-01	2.963E-05	280
cand-bridge-id76	4ui9-assembly1_P	0.241	112	145	491	0.772	0.228	9.278E-01	7.223E-01	2.222E-01	2.963E-05	280
cand-bridge-id76	3cvl-assembly1_A	0.223	134	145	294	0.910	0.456	9.073E-01	8.256E-01	4.227E-01	3.112E-05	278
cand-bridge-id76	1na3-assembly2_B	0.573	82	145	86	0.566	0.953	9.311E-01	5.367E-01	8.806E-01	2.821E-05	277
cand-bridge-id76	4cgv-assembly3_C	0.221	122	145	126	0.841	0.937	8.545E-01	7.031E-01	7.987E-01	1.420E-05	276
cand-bridge-id76	6q6h-assembly1_J	0.255	137	145	496	0.917	0.262	8.565E-01	7.689E-01	2.394E-01	1.566E-05	276
cand-bridge-id76	4kxk-assembly1_D	0.258	139	145	288	0.917	0.483	8.447E-01	7.753E-01	4.115E-01	1.007E-05	275
cand-bridge-id76	1fch-assembly1_A	0.257	136	145	302	0.917	0.450	8.519E-01	7.823E-01	3.966E-01	1.287E-05	275
cand-bridge-id76	3esk-assembly1_A	0.301	126	145	128	0.821	0.945	8.514E-01	7.015E-01	7.888E-01	1.566E-05	274
cand-bridge-id76	1elw-assembly1_A	0.245	122	145	117	0.841	0.983	9.117E-01	7.274E-01	8.900E-01	3.432E-05	272
cand-bridge-id76	8ei0-assembly1_A	0.245	118	145	132	0.807	0.894	8.629E-01	7.037E-01	7.671E-01	2.557E-05	272
cand-bridge-id76	8os1-assembly2_A	0.211	142	145	299	0.924	0.475	8.481E-01	7.845E-01	4.028E-01	1.727E-05	272
cand-bridge-id76	4rg6-assembly1_A	0.292	113	145	474	0.772	0.238	8.939E-01	6.973E-01	2.252E-01	2.435E-05	272
cand-bridge-id76	8fyu-assembly2_A	0.245	118	145	126	0.807	0.937	8.658E-01	7.072E-01	8.031E-01	2.963E-05	271
cand-bridge-id76	3r9a-assembly1_B	0.255	141	145	289	0.917	0.484	8.440E-01	7.742E-01	4.086E-01	1.566E-05	270
cand-bridge-id76	2j9q-assembly1_A	0.257	140	145	300	0.938	0.467	8.324E-01	7.808E-01	4.020E-01	1.645E-05	270
cand-bridge-id76	4kyo-assembly1_B	0.250	140	145	286	0.931	0.486	8.474E-01	7.879E-01	4.216E-01	1.814E-05	269
cand-bridge-id76	5g04-assembly1_F	0.292	113	145	498	0.772	0.227	9.044E-01	7.039E-01	2.154E-01	3.432E-05	269
cand-bridge-id76	4cgv-assembly4_D	0.221	122	145	123	0.841	0.959	8.634E-01	7.102E-01	8.252E-01	2.435E-05	268
cand-bridge-id76	9gag-assembly1_A	0.256	148	145	297	0.959	0.498	8.280E-01	7.915E-01	4.085E-01	1.566E-05	268
cand-bridge-id76	2c0l-assembly1_A	0.241	141	145	292	0.897	0.476	8.521E-01	7.646E-01	3.961E-01	2.207E-05	266
cand-bridge-id76	7kdt-assembly1_A	0.294	136	145	467	0.931	0.283	9.000E-01	8.196E-01	2.693E-01	5.887E-05	266
cand-bridge-id76	4ui9-assembly1_K	0.194	118	145	493	0.814	0.239	8.822E-01	7.267E-01	2.287E-01	4.838E-05	266
cand-bridge-id76	9gaw-assembly1_J	0.259	135	145	499	0.917	0.261	8.602E-01	7.725E-01	2.407E-01	3.268E-05	266
cand-bridge-id76	3as5-assembly1_A	0.245	114	145	183	0.786	0.623	8.324E-01	6.679E-01	5.417E-01	2.686E-05	263
cand-bridge-id76	9f8w-assembly1_A	0.231	134	145	313	0.910	0.415	8.123E-01	7.297E-01	3.596E-01	1.905E-05	262
cand-bridge-id76	3fwv-assembly2_B	0.290	131	145	128	0.855	0.992	8.028E-01	6.933E-01	7.750E-01	1.566E-05	261
cand-bridge-id76	4eqf-assembly1_A	0.264	117	145	281	0.807	0.402	8.945E-01	7.010E-01	3.722E-01	3.605E-05	261
cand-bridge-id76	3as5-assembly2_B	0.245	114	145	169	0.786	0.675	8.669E-01	6.915E-01	6.005E-01	4.606E-05	260
cand-bridge-id76	9f8w-assembly2_B	0.246	130	145	319	0.869	0.401	8.450E-01	7.389E-01	3.548E-01	2.963E-05	260
cand-bridge-id76	8pkp-assembly1_U	0.245	151	145	503	0.945	0.298	7.543E-01	7.116E-01	2.216E-01	1.225E-05	260
cand-bridge-id76	7ntf-assembly1_B	0.273	146	145	822	0.917	0.178	7.707E-01	7.067E-01	1.365E-01	6.477E-06	260
cand-bridge-id76	8fwd-assembly1_2	0.397	98	145	100	0.676	0.980	9.204E-01	6.318E-01	8.948E-01	8.715E-05	258
cand-bridge-id76	3as4-assembly1_A	0.241	112	145	170	0.772	0.659	8.332E-01	6.564E-01	5.681E-01	3.432E-05	257
cand-bridge-id76	8dth-assembly1_A	0.256	144	145	736	0.945	0.190	6.739E-01	6.313E-01	1.548E-01	2.955E-06	257
cand-bridge-id76	5lfl-assembly6_F	0.230	152	145	178	0.959	0.854	7.624E-01	7.290E-01	6.057E-01	1.352E-05	256
cand-bridge-id76	6zbk-assembly1_A	0.241	116	145	117	0.793	0.957	8.601E-01	6.709E-01	8.192E-01	4.176E-05	255
cand-bridge-id76	4rg9-assembly1_A	0.300	113	145	471	0.772	0.240	8.850E-01	6.916E-01	2.256E-01	6.493E-05	255
cand-bridge-id76	9gaw-assembly1_P	0.219	155	145	491	0.972	0.314	7.944E-01	7.694E-01	2.380E-01	2.821E-05	255
cand-bridge-id76	8tau-assembly1_V	0.234	128	145	534	0.876	0.240	8.800E-01	7.737E-01	2.253E-01	6.182E-05	255
cand-bridge-id76	2avp-assembly1_A	0.615	65	145	68	0.448	0.956	9.797E-01	4.407E-01	9.241E-01	1.228E-04	254
cand-bridge-id76	3cvp-assembly1_A	0.226	150	145	279	0.931	0.534	7.662E-01	7.125E-01	3.835E-01	1.727E-05	253
cand-bridge-id76	5g05-assembly1_H	0.219	155	145	488	0.972	0.316	7.908E-01	7.646E-01	2.390E-01	2.435E-05	253
cand-bridge-id76	6hpg-assembly1_A	0.247	121	145	121	0.834	0.909	8.724E-01	6.693E-01	7.921E-01	7.162E-05	251
cand-bridge-id76	3ash-assembly2_B	0.241	112	145	172	0.772	0.651	8.098E-01	6.407E-01	5.503E-01	4.176E-05	251
cand-bridge-id76	3lca-assembly1_A	0.223	143	145	482	0.917	0.288	8.354E-01	7.676E-01	2.500E-01	4.838E-05	251
cand-bridge-id76	6q6h-assembly1_P	0.225	155	145	484	0.972	0.304	7.931E-01	7.668E-01	2.401E-01	3.112E-05	251
cand-bridge-id76	5a31-assembly1_F	0.219	155	145	498	0.972	0.309	7.820E-01	7.577E-01	2.314E-01	2.557E-05	251
cand-bridge-id76	8a61-assembly1_F	0.261	149	145	502	0.931	0.295	7.619E-01	7.079E-01	2.194E-01	2.435E-05	250
cand-bridge-id76	6gxz-assembly2_C	0.263	114	145	156	0.786	0.712	8.337E-01	6.476E-01	6.051E-01	4.838E-05	249
cand-bridge-id76	3uq3-assembly1_A	0.294	136	145	258	0.876	0.527	8.222E-01	7.223E-01	4.218E-01	3.268E-05	249
cand-bridge-id76	5lfm-assembly6_F	0.222	153	145	178	0.959	0.854	7.388E-01	7.059E-01	5.869E-01	1.814E-05	248
cand-bridge-id76	5jjt-assembly2_B	0.252	119	145	479	0.821	0.240	9.111E-01	7.270E-01	2.306E-01	1.170E-04	248
cand-bridge-id76	4gcn-assembly2_B	0.286	122	145	127	0.793	0.929	8.435E-01	6.754E-01	7.628E-01	6.182E-05	247
cand-bridge-id76	2nc9-assembly1_A	0.309	126	145	131	0.821	0.924	8.358E-01	6.914E-01	7.595E-01	3.976E-05	246
cand-bridge-id76	6gxz-assembly1_A	0.258	112	145	149	0.772	0.732	8.465E-01	6.443E-01	6.282E-01	6.493E-05	246
cand-bridge-id76	2xpi-assembly1_A	0.222	117	145	520	0.807	0.225	9.086E-01	7.375E-01	2.164E-01	1.732E-04	246
cand-bridge-id76	4gco-assembly1_A	0.260	119	145	120	0.821	0.967	8.728E-01	7.046E-01	8.393E-01	9.613E-05	245
cand-bridge-id76	5jjt-assembly1_A	0.233	120	145	471	0.828	0.248	8.562E-01	6.961E-01	2.282E-01	7.162E-05	244
cand-bridge-id76	8pkp-assembly1_J	0.251	135	145	476	0.917	0.275	7.964E-01	7.189E-01	2.337E-01	4.386E-05	243
cand-bridge-id76	9gaw-assembly1_K	0.198	136	145	518	0.876	0.255	8.177E-01	7.207E-01	2.203E-01	7.901E-05	243
cand-bridge-id76	2c2l-assembly3_C	0.245	118	145	281	0.807	0.420	8.364E-01	6.845E-01	3.730E-01	1.010E-04	242
cand-bridge-id76	4j8e-assembly1_A	0.232	99	145	119	0.683	0.832	9.307E-01	6.426E-01	7.754E-01	2.213E-04	241
cand-bridge-id76	4nrh-assembly2_B	0.208	125	145	170	0.862	0.712	8.366E-01	7.028E-01	6.064E-01	6.820E-05	241
cand-bridge-id76	8gh3-assembly1_F	0.226	137	145	254	0.910	0.539	8.492E-01	7.754E-01	4.644E-01	6.493E-05	241
cand-bridge-id76	5g05-assembly1_F	0.292	113	145	460	0.772	0.246	9.037E-01	7.040E-01	2.331E-01	1.819E-04	241
cand-bridge-id76	6i57-assembly1_A	0.180	122	145	125	0.841	0.944	8.441E-01	6.956E-01	7.956E-01	8.298E-05	240
cand-bridge-id76	2vgx-assembly1_A	0.204	122	145	134	0.841	0.888	8.764E-01	7.224E-01	7.782E-01	1.355E-04	240
cand-bridge-id76	2vgx-assembly1_B	0.214	126	145	145	0.834	0.855	8.280E-01	6.979E-01	6.979E-01	7.162E-05	240
cand-bridge-id76	4xi0-assembly1_E	0.241	149	145	177	0.959	0.819	7.730E-01	7.396E-01	6.174E-01	4.386E-05	240
cand-bridge-id76	3asg-assembly1_A	0.245	114	145	182	0.786	0.626	8.240E-01	6.618E-01	5.397E-01	9.613E-05	240
cand-bridge-id76	5djs-assembly1_A	0.247	113	145	520	0.766	0.217	9.144E-01	7.061E-01	2.063E-01	2.006E-04	240
cand-bridge-id76	4rg9-assembly1_B	0.264	136	145	472	0.917	0.278	7.874E-01	7.117E-01	2.345E-01	4.606E-05	239
cand-bridge-id76	5a31-assembly1_C	0.217	147	145	524	0.917	0.279	8.147E-01	7.459E-01	2.178E-01	7.901E-05	239
cand-bridge-id76	8pkp-assembly1_V	0.245	151	145	534	0.945	0.281	7.686E-01	7.240E-01	2.109E-01	4.838E-05	239
cand-bridge-id76	1elw-assembly2_B	0.245	114	145	115	0.786	0.957	9.034E-01	6.915E-01	8.595E-01	1.732E-04	238
cand-bridge-id76	6q3q-assembly1_B	0.252	119	145	121	0.821	0.893	8.653E-01	6.547E-01	7.734E-01	1.355E-04	238
cand-bridge-id76	2c2l-assembly4_D	0.239	121	145	281	0.828	0.431	8.462E-01	7.085E-01	3.854E-01	1.290E-04	238
cand-bridge-id76	6q6h-assembly1_U	0.245	151	145	515	0.945	0.291	7.571E-01	7.133E-01	2.175E-01	5.337E-05	238
cand-bridge-id76	4cgw-assembly2_B	0.271	103	145	108	0.710	0.954	8.758E-01	6.296E-01	8.304E-01	1.570E-04	237
cand-bridge-id76	2e2e-assembly1_B	0.239	138	145	171	0.910	0.784	7.848E-01	7.192E-01	6.231E-01	3.976E-05	237
cand-bridge-id76	6tlj-assembly1_P	0.193	181	145	491	0.979	0.369	7.491E-01	7.297E-01	2.267E-01	3.432E-05	237
cand-bridge-id76	4am9-assembly1_A	0.200	125	145	131	0.821	0.931	8.268E-01	6.828E-01	7.504E-01	8.715E-05	236
cand-bridge-id76	4rg7-assembly1_B	0.259	135	145	467	0.917	0.278	7.952E-01	7.136E-01	2.364E-01	6.493E-05	236
cand-bridge-id76	7ntf-assembly1_A	0.285	147	145	918	0.917	0.159	6.901E-01	6.325E-01	1.153E-01	1.905E-05	235
cand-bridge-id76	8cus-assembly1_A	0.302	139	145	135	0.959	0.874	7.175E-01	5.870E-01	6.282E-01	3.976E-05	234
cand-bridge-id76	5l9t-assembly1_C	0.203	157	145	475	0.986	0.331	7.698E-01	7.548E-01	2.433E-01	6.182E-05	234
cand-bridge-id76	5g05-assembly1_K	0.218	137	145	493	0.883	0.272	7.935E-01	7.050E-01	2.292E-01	7.162E-05	234
cand-bridge-id76	8a61-assembly1_P	0.218	110	145	556	0.759	0.198	8.852E-01	6.812E-01	1.896E-01	1.495E-04	234
cand-bridge-id76	6fd7-assembly1_A	0.224	125	145	127	0.862	0.953	8.535E-01	7.195E-01	8.112E-01	1.495E-04	233
cand-bridge-id76	1a17-assembly1_A	0.268	119	145	159	0.821	0.723	8.989E-01	7.203E-01	6.609E-01	2.970E-04	232
cand-bridge-id76	4r7s-assembly1_A	0.224	138	145	256	0.931	0.523	8.098E-01	7.502E-01	4.504E-01	9.613E-05	232
cand-bridge-id76	3sf4-assembly3_C	0.274	153	145	346	0.966	0.434	7.959E-01	7.690E-01	3.485E-01	1.114E-04	232
cand-bridge-id76	6q6g-assembly1_K	0.183	142	145	518	0.917	0.266	8.095E-01	7.445E-01	2.300E-01	1.423E-04	232
cand-bridge-id76	6fdt-assembly1_A	0.245	114	145	120	0.786	0.917	8.537E-01	6.589E-01	7.828E-01	1.290E-04	231
cand-bridge-id76	3sf4-assembly1_A	0.276	152	145	355	0.959	0.420	8.015E-01	7.681E-01	3.391E-01	1.114E-04	231
cand-bridge-id76	6hc2-assembly4_S	0.269	152	145	362	0.966	0.414	8.334E-01	8.026E-01	3.419E-01	1.732E-04	231
cand-bridge-id76	8gft-assembly1_E	0.277	119	145	459	0.821	0.251	8.401E-01	6.759E-01	2.311E-01	1.570E-04	230
cand-bridge-id76	3ieg-assembly2_B	0.229	122	145	359	0.841	0.329	8.510E-01	7.011E-01	3.016E-01	2.828E-04	229
cand-bridge-id76	6hc2-assembly1_C	0.269	152	145	367	0.966	0.409	8.262E-01	7.952E-01	3.359E-01	1.819E-04	229
cand-bridge-id76	2xcb-assembly1_A	0.233	124	145	133	0.828	0.902	8.505E-01	7.086E-01	7.677E-01	2.006E-04	228
cand-bridge-id76	7kw7-assembly1_E	0.264	136	145	327	0.890	0.404	8.005E-01	7.137E-01	3.332E-01	1.114E-04	228
cand-bridge-id76	5l9u-assembly1_P	0.240	154	145	425	0.966	0.353	6.659E-01	6.403E-01	2.429E-01	1.814E-05	228
cand-bridge-id76	2pl2-assembly1_B	0.210	147	145	194	0.938	0.716	8.093E-01	7.585E-01	5.806E-01	1.570E-04	227
cand-bridge-id76	5khr-assembly1_C	0.207	159	145	468	0.986	0.335	7.358E-01	7.216E-01	2.386E-01	5.337E-05	227
cand-bridge-id76	3fp4-assembly1_A	0.271	114	145	483	0.710	0.236	8.238E-01	5.891E-01	1.835E-01	1.228E-04	227
cand-bridge-id76	8qca-assembly1_B	0.178	151	145	756	0.966	0.200	7.231E-01	6.984E-01	1.640E-01	3.605E-05	227
cand-bridge-id76	8tar-assembly1_U	0.241	153	145	540	0.959	0.281	7.412E-01	7.083E-01	2.087E-01	7.522E-05	226
cand-bridge-id76	8a61-assembly1_D	0.198	151	145	560	0.979	0.270	7.779E-01	7.578E-01	2.185E-01	7.162E-05	226
cand-bridge-id76	3wxx-assembly2_C	0.208	125	145	150	0.834	0.807	8.530E-01	7.165E-01	6.942E-01	2.564E-04	225
cand-bridge-id76	6voa-assembly1_F	0.245	118	145	475	0.807	0.238	8.157E-01	6.510E-01	2.183E-01	1.423E-04	225
cand-bridge-id76	5nnp-assembly1_A	0.222	135	145	665	0.931	0.197	7.378E-01	6.740E-01	1.752E-01	8.715E-05	225
cand-bridge-id76	7aie-assembly4_D	0.209	153	145	205	0.910	0.746	8.226E-01	7.519E-01	5.514E-01	1.570E-04	224
cand-bridge-id76	8gi0-assembly1_E	0.230	139	145	303	0.910	0.452	8.343E-01	7.613E-01	3.865E-01	1.423E-04	224
cand-bridge-id76	9gaw-assembly1_U	0.240	154	145	488	0.966	0.314	6.732E-01	6.474E-01	2.153E-01	4.606E-05	224
cand-bridge-id76	5g04-assembly1_J	0.207	140	145	504	0.903	0.272	7.971E-01	7.226E-01	2.287E-01	1.732E-04	224
cand-bridge-id76	5g05-assembly1_C	0.193	165	145	524	0.959	0.311	7.575E-01	7.226E-01	2.164E-01	9.153E-05	223
cand-bridge-id76	6fdp-assembly1_A	0.254	118	145	120	0.807	0.942	8.569E-01	6.770E-01	8.049E-01	2.828E-04	222
cand-bridge-id76	2vgy-assembly1_A-2	0.220	127	145	132	0.841	0.947	8.629E-01	7.290E-01	7.957E-01	3.119E-04	222
cand-bridge-id76	7aie-assembly1_A	0.211	151	145	207	0.897	0.729	8.236E-01	7.416E-01	5.391E-01	1.819E-04	222
cand-bridge-id76	5a31-assembly1_J	0.210	138	145	504	0.890	0.268	8.010E-01	7.169E-01	2.261E-01	2.006E-04	222
cand-bridge-id76	4ui9-assembly1_J	0.207	140	145	504	0.903	0.272	7.961E-01	7.222E-01	2.288E-01	1.910E-04	222
cand-bridge-id76	3asd-assembly1_A	0.241	112	145	137	0.772	0.818	8.021E-01	6.298E-01	6.636E-01	1.910E-04	221
cand-bridge-id76	4j8d-assembly2_B	0.211	118	145	159	0.814	0.711	8.422E-01	6.659E-01	6.130E-01	3.119E-04	221
cand-bridge-id76	4jl0-assembly2_B	0.235	119	145	124	0.821	0.927	8.662E-01	6.945E-01	8.021E-01	3.276E-04	219
cand-bridge-id76	2xcc-assembly1_B	0.235	119	145	132	0.821	0.871	8.620E-01	6.908E-01	7.534E-01	2.970E-04	219
cand-bridge-id76	3fp3-assembly1_A	0.229	148	145	498	0.917	0.291	7.096E-01	6.513E-01	2.074E-01	6.182E-05	219
cand-bridge-id76	2ho1-assembly1_A	0.272	158	145	222	0.972	0.703	7.493E-01	7.251E-01	4.885E-01	1.423E-04	218
cand-bridge-id76	6af0-assembly1_A	0.220	168	145	905	0.959	0.185	7.333E-01	7.031E-01	1.372E-01	8.715E-05	218
cand-bridge-id76	8gh2-assembly1_F	0.252	123	145	296	0.841	0.416	8.596E-01	7.291E-01	3.734E-01	2.213E-04	217
cand-bridge-id76	5khu-assembly1_P	0.238	134	145	442	0.924	0.294	8.502E-01	7.650E-01	2.716E-01	4.397E-04	217
cand-bridge-id76	5khu-assembly1_K	0.208	134	145	493	0.862	0.264	8.038E-01	6.992E-01	2.243E-01	1.732E-04	217
cand-bridge-id76	5khu-assembly1_F	0.219	146	145	473	0.910	0.298	7.919E-01	7.191E-01	2.318E-01	1.423E-04	216
cand-bridge-id76	8tau-assembly1_S	0.192	140	145	506	0.897	0.267	8.055E-01	7.258E-01	2.267E-01	2.564E-04	216
cand-bridge-id76	7qdy-assembly1_B	0.270	144	145	1212	0.917	0.116	7.760E-01	7.152E-01	9.924E-02	1.170E-04	216
cand-bridge-id76	1wm5-assembly1_A	0.162	135	145	205	0.821	0.634	8.684E-01	7.158E-01	5.141E-01	4.618E-04	215
cand-bridge-id76	3edt-assembly2_D	0.202	158	145	255	0.945	0.620	7.851E-01	7.437E-01	4.522E-01	2.324E-04	215
cand-bridge-id76	3u4t-assembly2_B	0.233	120	145	258	0.807	0.465	8.682E-01	7.087E-01	4.143E-01	5.350E-04	214
cand-bridge-id76	4wng-assembly1_A	0.225	155	145	330	0.931	0.470	8.421E-01	7.839E-01	3.672E-01	3.614E-04	214
cand-bridge-id76	5khu-assembly1_J	0.201	134	145	504	0.924	0.264	8.746E-01	8.016E-01	2.472E-01	6.509E-04	214
cand-bridge-id76	6q6h-assembly1_V	0.245	151	145	530	0.945	0.283	6.640E-01	6.272E-01	1.941E-01	5.605E-05	214
cand-bridge-id76	7dkh-assembly2_E	0.209	143	145	913	0.834	0.157	8.678E-01	7.300E-01	1.269E-01	3.795E-04	214
cand-bridge-id76	8j07-assembly1_u9	0.162	117	145	204	0.807	0.549	8.668E-01	6.792E-01	4.949E-01	5.619E-04	213
cand-bridge-id76	3edt-assembly3_H	0.196	158	145	254	0.945	0.622	7.848E-01	7.421E-01	4.535E-01	2.441E-04	213
cand-bridge-id76	4g2v-assembly1_A	0.228	153	145	321	0.917	0.477	8.468E-01	7.778E-01	3.732E-01	4.397E-04	213
cand-bridge-id76	5a7d-assembly4_D	0.229	135	145	345	0.834	0.391	8.480E-01	7.138E-01	3.205E-01	5.901E-04	213
cand-bridge-id76	5o01-assembly2_B	0.211	151	145	254	0.821	0.594	7.775E-01	6.461E-01	3.845E-01	1.170E-04	212
cand-bridge-id76	8re8-assembly1_A	0.211	123	145	429	0.828	0.284	7.712E-01	6.499E-01	2.443E-01	2.107E-04	212
cand-bridge-id76	7y4i-assembly1_A	0.248	189	145	822	0.917	0.227	5.418E-01	4.957E-01	9.713E-02	4.595E-06	212
cand-bridge-id76	8tau-assembly1_P	0.238	147	145	496	0.917	0.296	7.706E-01	7.059E-01	2.214E-01	2.107E-04	211
cand-bridge-id76	8a5y-assembly1_K	0.212	141	145	505	0.924	0.271	7.908E-01	7.327E-01	2.341E-01	3.276E-04	211
cand-bridge-id76	8sxg-assembly1_C	0.205	141	145	532	0.966	0.256	7.584E-01	7.125E-01	2.231E-01	2.564E-04	211
cand-bridge-id76	5o09-assembly1_1C	0.209	153	145	238	0.821	0.634	7.840E-01	6.476E-01	4.081E-01	1.423E-04	210
cand-bridge-id76	1wao-assembly4_4	0.282	124	145	466	0.848	0.258	8.474E-01	7.092E-01	2.386E-01	5.901E-04	210
cand-bridge-id76	6y4l-assembly1_A	0.166	162	145	271	0.972	0.598	7.099E-01	6.891E-01	3.989E-01	1.228E-04	209
cand-bridge-id76	3edt-assembly1_B	0.202	158	145	258	0.945	0.612	7.805E-01	7.373E-01	4.455E-01	3.276E-04	208
cand-bridge-id76	5khu-assembly1_H	0.292	113	145	479	0.772	0.236	8.857E-01	6.929E-01	2.226E-01	5.901E-04	208
cand-bridge-id76	2gw1-assembly1_B	0.223	143	145	487	0.924	0.285	8.454E-01	7.817E-01	2.506E-01	9.637E-04	208
cand-bridge-id76	9g8o-assembly1_B	0.251	151	145	934	0.821	0.160	7.379E-01	6.068E-01	1.023E-01	7.522E-05	208
cand-bridge-id76	3hym-assembly10_H	0.211	142	145	302	0.917	0.460	7.952E-01	7.304E-01	3.735E-01	4.186E-04	207
cand-bridge-id76	4a1s-assembly1_B	0.208	163	145	342	0.897	0.462	8.355E-01	7.504E-01	3.348E-01	6.836E-04	207
cand-bridge-id76	4ja7-assembly1_A	0.274	124	145	466	0.848	0.258	8.428E-01	7.067E-01	2.387E-01	7.180E-04	207
cand-bridge-id76	8a61-assembly1_J	0.278	115	145	509	0.786	0.226	8.949E-01	7.115E-01	2.150E-01	7.541E-04	207
cand-bridge-id76	2lni-assembly1_A	0.253	126	145	133	0.869	0.917	7.631E-01	6.556E-01	7.053E-01	1.910E-04	206
cand-bridge-id76	2q7f-assembly2_B	0.244	176	145	194	0.979	0.851	5.424E-01	5.284E-01	4.025E-01	1.491E-05	206
cand-bridge-id76	6ejn-assembly1_B	0.196	158	145	267	0.945	0.592	8.112E-01	7.673E-01	4.440E-01	5.350E-04	206
cand-bridge-id76	8a61-assembly1_H	0.253	154	145	505	0.966	0.303	7.424E-01	7.135E-01	2.211E-01	2.828E-04	206
cand-bridge-id76	5dse-assembly2_C	0.192	135	145	712	0.834	0.188	6.823E-01	5.787E-01	1.346E-01	9.613E-05	206
cand-bridge-id76	8j8p-assembly1_C	0.186	166	145	906	0.979	0.183	8.026E-01	7.830E-01	1.447E-01	3.441E-04	206
cand-bridge-id76	3ceq-assembly1_B	0.194	159	145	269	0.945	0.587	7.605E-01	7.198E-01	4.198E-01	3.276E-04	205
cand-bridge-id76	7e6j-assembly1_A	0.211	123	145	429	0.828	0.284	7.695E-01	6.487E-01	2.446E-01	3.276E-04	205
cand-bridge-id76	9cpc-assembly1_1D	0.153	117	145	211	0.807	0.531	8.760E-01	6.851E-01	4.828E-01	1.063E-03	204
cand-bridge-id76	3sf4-assembly2_B	0.281	149	145	350	0.945	0.409	7.652E-01	7.242E-01	3.245E-01	3.276E-04	204
cand-bridge-id76	7y4i-assembly1_B	0.239	188	145	815	0.917	0.221	5.402E-01	4.937E-01	1.004E-01	8.693E-06	203
cand-bridge-id76	5l0y-assembly3_C	0.161	136	145	150	0.841	0.880	8.232E-01	6.988E-01	6.776E-01	7.180E-04	202
cand-bridge-id76	6ejn-assembly1_A	0.196	158	145	271	0.945	0.583	8.272E-01	7.820E-01	4.447E-01	7.541E-04	202
cand-bridge-id76	6swu-assembly3_E	0.183	158	145	281	0.945	0.562	7.852E-01	7.438E-01	4.170E-01	3.276E-04	202
cand-bridge-id76	6swu-assembly1_B	0.196	158	145	288	0.945	0.549	7.855E-01	7.440E-01	4.073E-01	4.618E-04	202
cand-bridge-id76	3hym-assembly10_L	0.188	154	145	299	0.959	0.512	6.387E-01	6.103E-01	3.160E-01	1.010E-04	202
cand-bridge-id76	5a6c-assembly2_A	0.237	135	145	363	0.807	0.372	8.872E-01	7.205E-01	3.008E-01	1.231E-03	202
cand-bridge-id76	6xt9-assembly1_H	0.226	137	145	398	0.917	0.332	7.631E-01	6.999E-01	2.839E-01	2.692E-04	202
cand-bridge-id76	5nnp-assembly2_E	0.228	140	145	658	0.869	0.211	6.892E-01	6.070E-01	1.526E-01	1.495E-04	202
cand-bridge-id76	8j8q-assembly1_C	0.187	139	145	866	0.834	0.161	8.055E-01	6.818E-01	1.302E-01	3.614E-04	202
cand-bridge-id76	8re7-assembly1_A	0.213	122	145	429	0.821	0.282	7.768E-01	6.492E-01	2.432E-01	4.397E-04	201
cand-bridge-id76	6tm5-assembly1_P	0.248	149	145	492	0.931	0.301	6.606E-01	6.142E-01	2.024E-01	1.228E-04	201
cand-bridge-id76	4cgw-assembly1_A	0.280	107	145	115	0.724	0.930	8.490E-01	6.234E-01	7.740E-01	1.012E-03	200
cand-bridge-id76	7v6q-assembly2_H	0.180	199	145	200	0.979	0.995	7.553E-01	7.362E-01	5.461E-01	4.397E-04	200
cand-bridge-id76	6swu-assembly3_F	0.183	158	145	281	0.945	0.562	7.996E-01	7.569E-01	4.220E-01	4.618E-04	200
cand-bridge-id76	5aio-assembly1_A	0.161	130	145	415	0.890	0.304	6.338E-01	5.636E-01	2.351E-01	1.060E-04	199
cand-bridge-id76	8re6-assembly1_A	0.213	122	145	428	0.821	0.283	7.730E-01	6.462E-01	2.436E-01	4.850E-04	199
cand-bridge-id76	7qdz-assembly1_B	0.242	161	145	1145	0.890	0.138	7.706E-01	6.858E-01	9.526E-02	3.276E-04	199
cand-bridge-id76	4wne-assembly1_A	0.225	151	145	326	0.917	0.448	8.241E-01	7.578E-01	3.562E-01	7.920E-04	198
cand-bridge-id76	6bq1-assembly1_B	0.192	135	145	728	0.834	0.184	7.090E-01	6.002E-01	1.338E-01	2.213E-04	198
cand-bridge-id76	7tj4-assembly2_C	0.230	113	145	122	0.779	0.893	8.193E-01	6.355E-01	7.385E-01	6.836E-04	197
cand-bridge-id76	3ro2-assembly1_A	0.232	155	145	328	0.959	0.463	7.896E-01	7.532E-01	3.573E-01	7.180E-04	197
cand-bridge-id76	5jqy-assembly1_A	0.218	119	145	429	0.800	0.275	7.869E-01	6.438E-01	2.407E-01	6.198E-04	197
cand-bridge-id76	7bev-assembly1_A	0.245	122	145	126	0.841	0.937	7.875E-01	6.511E-01	7.378E-01	6.198E-04	196
cand-bridge-id76	2bug-assembly1_A	0.268	119	145	131	0.821	0.878	8.424E-01	6.784E-01	7.436E-01	1.173E-03	196
cand-bridge-id76	5l0y-assembly5_H	0.174	132	145	133	0.841	0.947	8.136E-01	6.904E-01	7.470E-01	9.175E-04	196
cand-bridge-id76	5l0y-assembly7_G	0.161	136	145	144	0.841	0.889	8.256E-01	6.990E-01	7.034E-01	1.116E-03	196
cand-bridge-id76	7qds-assembly1_B	0.263	144	145	1006	0.917	0.139	7.343E-01	6.815E-01	1.171E-01	2.107E-04	196
cand-bridge-id76	9fef-assembly1_E	0.219	132	145	247	0.910	0.526	8.201E-01	7.378E-01	4.550E-01	7.541E-04	195
cand-bridge-id76	6q9i-assembly1_A	0.200	120	145	429	0.807	0.277	7.795E-01	6.426E-01	2.417E-01	6.836E-04	195
cand-bridge-id76	8tau-assembly1_K	0.183	142	145	531	0.917	0.260	7.990E-01	7.359E-01	2.235E-01	9.637E-04	195
cand-bridge-id76	6yj6-assembly1_A	0.161	130	145	819	0.890	0.154	6.227E-01	5.527E-01	1.272E-01	1.290E-04	195
cand-bridge-id76	7ai4-assembly1_A	0.216	166	145	243	0.910	0.683	7.491E-01	6.837E-01	4.326E-01	2.970E-04	194
cand-bridge-id76	7o6s-assembly1_A	0.187	133	145	137	0.917	0.912	7.924E-01	6.882E-01	7.244E-01	6.198E-04	193
cand-bridge-id76	1hh8-assembly1_A	0.150	159	145	192	0.924	0.802	7.831E-01	7.218E-01	5.543E-01	7.541E-04	193
cand-bridge-id76	5l0w-assembly1_B	0.169	136	145	209	0.841	0.632	8.361E-01	7.090E-01	5.055E-01	1.358E-03	193
cand-bridge-id76	8pkp-assembly1_Y	0.195	148	145	499	0.924	0.297	7.211E-01	6.663E-01	2.126E-01	5.619E-04	193
cand-bridge-id76	7owv-assembly1_B	0.209	129	145	140	0.883	0.864	7.841E-01	6.634E-01	6.844E-01	4.850E-04	192
cand-bridge-id76	4wnd-assembly1_A	0.241	149	145	329	0.945	0.435	7.653E-01	7.229E-01	3.445E-01	7.180E-04	192
cand-bridge-id76	5nnr-assembly1_A	0.203	157	145	666	0.986	0.230	6.142E-01	6.036E-01	1.588E-01	1.228E-04	192
cand-bridge-id76	8hmd-assembly1_C	0.195	169	145	1334	0.897	0.126	7.522E-01	6.775E-01	8.395E-02	7.541E-04	192
cand-bridge-id76	8j07-assembly1_d3	0.207	159	145	419	0.986	0.379	8.211E-01	8.066E-01	3.096E-01	9.175E-04	191
cand-bridge-id76	8qoy-assembly1_A	0.202	168	145	1036	0.807	0.162	6.174E-01	5.026E-01	8.313E-02	8.715E-05	191
cand-bridge-id76	3ro3-assembly1_A	0.300	133	145	159	0.793	0.836	8.799E-01	7.050E-01	6.473E-01	2.570E-03	190
cand-bridge-id76	7x9r-assembly1_A	0.157	159	145	448	0.917	0.346	7.419E-01	6.800E-01	2.369E-01	4.618E-04	190
cand-bridge-id76	8qcb-assembly1_B	0.181	154	145	644	0.917	0.238	7.758E-01	7.134E-01	1.767E-01	7.920E-04	190
cand-bridge-id76	6c9m-assembly2_C	0.194	113	145	773	0.779	0.146	7.859E-01	6.309E-01	1.363E-01	9.637E-04	190
cand-bridge-id76	4buj-assembly2_F	0.172	151	145	1351	0.966	0.112	7.120E-01	6.888E-01	9.554E-02	4.618E-04	189
cand-bridge-id76	7w5m-assembly1_A	0.164	182	145	227	0.959	0.802	7.482E-01	7.175E-01	4.880E-01	5.901E-04	188
cand-bridge-id76	8q9t-assembly1_E	0.175	148	145	1060	0.945	0.140	7.008E-01	6.653E-01	1.167E-01	3.795E-04	188
cand-bridge-id76	5l0y-assembly6_F	0.182	137	145	140	0.841	0.936	8.194E-01	6.961E-01	7.186E-01	1.736E-03	187
cand-bridge-id76	3nf1-assembly1_A	0.211	151	145	283	0.897	0.534	8.294E-01	7.464E-01	4.055E-01	1.736E-03	187
cand-bridge-id76	6swu-assembly2_D	0.177	158	145	287	0.945	0.551	7.708E-01	7.301E-01	4.037E-01	7.180E-04	187
cand-bridge-id76	7ep7-assembly1_A	0.248	133	145	327	0.834	0.404	8.146E-01	6.869E-01	3.236E-01	1.427E-03	187
cand-bridge-id76	7ayw-assembly1_A	0.210	128	145	138	0.876	0.870	8.136E-01	6.796E-01	7.111E-01	1.116E-03	186
cand-bridge-id76	2dba-assembly1_A	0.229	122	145	148	0.821	0.804	7.831E-01	6.535E-01	6.418E-01	9.175E-04	186
cand-bridge-id76	7v6q-assembly1_D	0.192	197	145	212	0.993	0.929	7.664E-01	7.578E-01	5.381E-01	1.063E-03	186
cand-bridge-id76	7b1u-assembly1_A	0.186	129	145	128	0.890	0.945	8.049E-01	6.778E-01	7.594E-01	1.116E-03	185
cand-bridge-id76	3rkv-assembly1_A	0.226	141	145	147	0.848	0.939	7.610E-01	6.532E-01	6.453E-01	1.012E-03	185
cand-bridge-id76	2vq2-assembly1_A-2	0.209	153	145	220	0.931	0.686	7.142E-01	6.644E-01	4.514E-01	5.901E-04	185
cand-bridge-id76	3zfw-assembly1_A	0.248	129	145	226	0.772	0.571	7.989E-01	6.263E-01	4.161E-01	1.063E-03	185
cand-bridge-id76	4jhr-assembly1_B	0.305	131	145	289	0.821	0.450	8.153E-01	6.837E-01	3.588E-01	1.915E-03	185
cand-bridge-id76	8ffv-assembly1_D	0.220	150	145	409	0.931	0.330	7.243E-01	6.737E-01	2.554E-01	7.180E-04	185
cand-bridge-id76	4g1t-assembly1_A	0.202	153	145	426	0.917	0.352	6.864E-01	6.348E-01	2.512E-01	2.324E-04	185
cand-bridge-id76	3gz1-assembly1_A	0.175	120	145	144	0.821	0.799	8.641E-01	6.950E-01	6.994E-01	2.977E-03	184
cand-bridge-id76	5ojf-assembly3_C	0.209	153	145	262	0.910	0.584	7.944E-01	7.284E-01	4.291E-01	1.653E-03	184
cand-bridge-id76	7xn7-assembly1_q	0.278	147	145	930	0.938	0.155	7.265E-01	6.852E-01	1.292E-01	7.541E-04	184
cand-bridge-id76	5l0y-assembly2_B	0.183	136	145	149	0.841	0.886	8.160E-01	6.943E-01	6.775E-01	2.112E-03	183
cand-bridge-id76	6f9i-assembly1_A	0.238	134	145	261	0.807	0.513	7.838E-01	6.433E-01	3.784E-01	9.175E-04	183
cand-bridge-id76	4jhr-assembly1_A	0.251	147	145	290	0.869	0.507	8.303E-01	7.284E-01	3.890E-01	3.284E-03	183
cand-bridge-id76	5dse-assembly1_A	0.192	135	145	537	0.834	0.250	6.852E-01	5.810E-01	1.762E-01	4.850E-04	183
cand-bridge-id76	6qdl-assembly1_A	0.213	122	145	885	0.834	0.133	7.871E-01	6.545E-01	1.234E-01	1.823E-03	183
cand-bridge-id76	3zfw-assembly2_B	0.239	138	145	225	0.834	0.613	7.712E-01	6.534E-01	4.392E-01	1.012E-03	182
cand-bridge-id76	3ceq-assembly1_A	0.181	171	145	250	0.945	0.684	6.809E-01	6.447E-01	4.040E-01	2.828E-04	182
cand-bridge-id76	4wnf-assembly1_A	0.205	180	145	255	0.917	0.706	7.917E-01	7.300E-01	4.358E-01	1.574E-03	182
cand-bridge-id76	5w5i-assembly1_C	0.252	119	145	436	0.724	0.273	8.303E-01	6.126E-01	2.188E-01	1.736E-03	182
cand-bridge-id76	8ggd-assembly1_E	0.219	146	145	275	0.972	0.531	7.978E-01	7.735E-01	4.364E-01	1.116E-03	181
cand-bridge-id76	5a31-assembly1_Y	0.200	155	145	496	0.966	0.310	6.960E-01	6.700E-01	2.176E-01	9.175E-04	181
cand-bridge-id76	7rqf-assembly1_A	0.191	146	145	523	0.910	0.277	7.384E-01	6.751E-01	2.044E-01	9.637E-04	181
cand-bridge-id76	4j8f-assembly1_A	0.200	130	145	551	0.841	0.227	7.702E-01	6.506E-01	1.851E-01	1.574E-03	181
cand-bridge-id76	6c95-assembly1_A	0.181	138	145	773	0.924	0.179	7.691E-01	7.153E-01	1.586E-01	1.293E-03	181
cand-bridge-id76	1e96-assembly1_B	0.164	170	145	185	0.979	0.892	7.461E-01	7.269E-01	5.771E-01	1.231E-03	180
cand-bridge-id76	5mgx-assembly3_G	0.177	158	145	266	0.966	0.538	6.730E-01	6.481E-01	3.770E-01	6.198E-04	180
cand-bridge-id76	1kt1-assembly1_A	0.227	158	145	374	0.986	0.385	6.852E-01	6.734E-01	2.809E-01	6.836E-04	180
cand-bridge-id76	5udl-assembly1_A	0.228	127	145	460	0.731	0.276	8.594E-01	6.382E-01	2.140E-01	2.699E-03	180
cand-bridge-id76	4j0u-assembly1_A	0.220	159	145	471	0.917	0.321	7.655E-01	7.046E-01	2.364E-01	1.116E-03	180
cand-bridge-id76	7axy-assembly1_B	0.187	139	145	136	0.917	0.963	7.401E-01	6.717E-01	7.110E-01	8.736E-04	179
cand-bridge-id76	5l0y-assembly1_A	0.175	137	145	155	0.841	0.852	8.232E-01	6.987E-01	6.573E-01	2.977E-03	179
cand-bridge-id76	8xup-assembly1_B	0.198	156	145	260	0.952	0.581	7.163E-01	6.805E-01	4.005E-01	9.637E-04	179
cand-bridge-id76	6f9i-assembly1_B	0.238	134	145	264	0.807	0.508	7.787E-01	6.396E-01	3.729E-01	1.116E-03	179
cand-bridge-id76	6swu-assembly1_A	0.164	140	145	294	0.800	0.476	8.161E-01	6.653E-01	3.495E-01	1.293E-03	179
cand-bridge-id76	4hot-assembly1_A	0.207	159	145	476	0.917	0.317	7.967E-01	7.315E-01	2.418E-01	2.011E-03	179
cand-bridge-id76	7azv-assembly1_B	0.180	133	145	133	0.917	0.940	7.738E-01	6.744E-01	7.285E-01	1.173E-03	178
cand-bridge-id76	5l0y-assembly4_D	0.176	136	145	150	0.841	0.873	8.216E-01	6.980E-01	6.769E-01	3.127E-03	178
cand-bridge-id76	6ww7-assembly1_B	0.166	156	145	281	0.931	0.555	6.688E-01	6.265E-01	3.558E-01	4.397E-04	178
cand-bridge-id76	9gaw-assembly1_Z	0.200	155	145	455	0.959	0.336	6.873E-01	6.574E-01	2.315E-01	1.116E-03	178
cand-bridge-id76	3fp2-assembly1_A	0.237	135	145	483	0.855	0.255	6.619E-01	5.621E-01	1.780E-01	3.986E-04	178
cand-bridge-id76	6c9m-assembly1_A	0.185	135	145	771	0.910	0.173	7.044E-01	6.496E-01	1.507E-01	1.173E-03	178
cand-bridge-id76	3ks2-assembly1_A	0.198	116	145	137	0.786	0.825	8.210E-01	6.512E-01	6.850E-01	2.330E-03	177
cand-bridge-id76	4i1a-assembly3_A	0.188	154	145	274	0.931	0.555	7.947E-01	7.410E-01	4.180E-01	1.915E-03	177
cand-bridge-id76	5zyq-assembly1_A	0.242	99	145	285	0.676	0.347	8.923E-01	6.160E-01	3.243E-01	7.939E-03	177
cand-bridge-id76	4i1a-assembly3_B	0.183	153	145	359	0.931	0.423	7.888E-01	7.359E-01	3.236E-01	1.498E-03	177
cand-bridge-id76	6gmh-assembly1_Q	0.264	102	145	884	0.676	0.115	8.263E-01	5.771E-01	1.051E-01	2.330E-03	177
cand-bridge-id76	3gz2-assembly1_B	0.201	129	145	143	0.883	0.874	8.083E-01	7.034E-01	7.122E-01	2.835E-03	176
cand-bridge-id76	7v1m-assembly2_G	0.175	194	145	195	0.979	0.995	7.632E-01	7.437E-01	5.647E-01	2.011E-03	176
cand-bridge-id76	7ai4-assembly2_B	0.225	164	145	235	0.938	0.681	6.580E-01	6.168E-01	3.989E-01	3.276E-04	176
cand-bridge-id76	7adp-assembly1_B	0.205	117	145	273	0.786	0.429	7.498E-01	6.118E-01	3.549E-01	9.175E-04	176
cand-bridge-id76	4g1t-assembly1_B	0.178	157	145	429	0.917	0.359	6.838E-01	6.319E-01	2.489E-01	5.619E-04	176
cand-bridge-id76	8ffw-assembly1_D	0.210	152	145	409	0.945	0.328	6.558E-01	6.076E-01	2.351E-01	4.618E-04	175
cand-bridge-id76	8c6j-assembly1_S	0.156	128	145	635	0.883	0.195	6.935E-01	6.089E-01	1.693E-01	1.116E-03	175
cand-bridge-id76	8bbe-assembly1_D	0.194	154	145	648	0.903	0.236	6.705E-01	6.057E-01	1.482E-01	4.850E-04	175
cand-bridge-id76	8f5o-assembly1_D	0.264	106	145	1180	0.731	0.089	7.876E-01	5.949E-01	8.491E-02	1.915E-03	175
cand-bridge-id76	8bbg-assembly1_D	0.194	154	145	1316	0.903	0.116	6.705E-01	6.057E-01	7.875E-02	5.094E-04	175
cand-bridge-id76	7o04-assembly1_B	0.180	133	145	131	0.917	0.939	7.671E-01	6.584E-01	7.199E-01	1.358E-03	174
cand-bridge-id76	8j0o-assembly1_B	0.168	154	145	296	0.931	0.520	7.007E-01	6.550E-01	3.527E-01	6.509E-04	174
cand-bridge-id76	5a7d-assembly2_E	0.240	154	145	352	0.862	0.432	8.105E-01	7.060E-01	3.123E-01	2.699E-03	174
cand-bridge-id76	4ga1-assembly1_A	0.185	140	145	143	0.931	0.923	6.556E-01	6.041E-01	6.107E-01	5.901E-04	173
cand-bridge-id76	4y6w-assembly1_A-2	0.142	189	145	211	0.986	0.891	6.563E-01	6.451E-01	4.629E-01	5.619E-04	173
cand-bridge-id76	7ado-assembly1_B	0.170	158	145	275	0.924	0.575	6.516E-01	6.069E-01	3.503E-01	3.986E-04	173
cand-bridge-id76	1ihg-assembly1_A	0.217	156	145	364	0.959	0.387	6.761E-01	6.469E-01	2.812E-01	6.836E-04	173
cand-bridge-id76	3gw4-assembly1_A	0.160	162	145	192	0.945	0.844	7.862E-01	7.419E-01	5.765E-01	2.977E-03	172
cand-bridge-id76	5tqb-assembly1_B	0.141	162	145	335	0.924	0.484	7.060E-01	6.603E-01	3.294E-01	1.427E-03	172
cand-bridge-id76	6q6g-assembly1_Z	0.197	152	145	486	0.952	0.307	6.844E-01	6.525E-01	2.169E-01	1.231E-03	172
cand-bridge-id76	2xpi-assembly1_D	0.166	186	145	518	0.952	0.353	5.364E-01	5.087E-01	1.677E-01	1.290E-04	172
cand-bridge-id76	4i9e-assembly1_B	0.198	116	145	383	0.710	0.303	8.998E-01	6.483E-01	2.556E-01	8.758E-03	171
cand-bridge-id76	5l9t-assembly1_Y	0.200	155	145	416	0.938	0.370	6.865E-01	6.440E-01	2.464E-01	1.063E-03	171
cand-bridge-id76	7t7t-assembly2_B	0.183	153	145	432	0.910	0.350	8.023E-01	7.336E-01	2.703E-01	5.106E-03	171
cand-bridge-id76	2kcl-assembly1_A	0.208	91	145	99	0.628	0.909	8.875E-01	5.673E-01	8.062E-01	7.559E-03	170
cand-bridge-id76	4y6c-assembly1_A-2	0.142	189	145	212	0.986	0.887	6.612E-01	6.505E-01	4.647E-01	7.920E-04	170
cand-bridge-id76	5mc6-assembly1_i	0.238	105	145	1365	0.724	0.077	8.631E-01	6.392E-01	7.462E-02	4.408E-03	170
cand-bridge-id76	8glv-assembly1_Lf	0.234	162	145	396	0.959	0.409	5.953E-01	5.694E-01	2.364E-01	4.186E-04	169
cand-bridge-id76	7zr6-assembly1_P	0.271	114	145	441	0.786	0.249	8.143E-01	6.303E-01	2.262E-01	2.835E-03	169
cand-bridge-id76	8tau-assembly1_Y	0.198	151	145	501	0.945	0.295	6.878E-01	6.510E-01	2.101E-01	1.231E-03	169
cand-bridge-id76	2fbn-assembly1_B	0.231	160	145	151	0.966	0.960	6.434E-01	6.209E-01	5.994E-01	8.318E-04	168
cand-bridge-id76	7zr5-assembly1_P	0.273	117	145	429	0.800	0.261	8.581E-01	6.751E-01	2.441E-01	5.106E-03	167
cand-bridge-id76	7n61-assembly1_1E	0.166	144	145	623	0.910	0.231	7.103E-01	6.500E-01	1.738E-01	2.112E-03	167
cand-bridge-id76	7v1m-assembly1_H	0.170	200	145	200	1.000	1.000	6.687E-01	6.645E-01	4.967E-01	1.173E-03	166
cand-bridge-id76	8wej-assembly1_D	0.198	151	145	219	0.834	0.671	7.444E-01	6.217E-01	4.195E-01	2.570E-03	166
cand-bridge-id76	6c6k-assembly1_A	0.162	203	145	456	0.959	0.443	6.535E-01	6.237E-01	2.156E-01	1.173E-03	166
cand-bridge-id76	9b9g-assembly1_D	0.192	135	145	578	0.834	0.232	6.801E-01	5.757E-01	1.626E-01	1.063E-03	166
cand-bridge-id76	5aem-assembly1_A	0.159	144	145	407	0.890	0.342	5.528E-01	5.029E-01	2.105E-01	2.970E-04	165
cand-bridge-id76	7aoi-assembly1_BF	0.165	121	145	341	0.724	0.355	8.133E-01	6.104E-01	2.798E-01	4.629E-03	164
cand-bridge-id76	6vbv-assembly1_4	0.204	181	145	391	0.917	0.442	4.364E-01	3.987E-01	1.811E-01	4.176E-05	164
cand-bridge-id76	2vsy-assembly1_A	0.223	112	145	547	0.772	0.205	8.091E-01	6.404E-01	1.881E-01	6.213E-03	164
cand-bridge-id76	5yzg-assembly1_J	0.156	128	145	571	0.883	0.217	6.894E-01	6.053E-01	1.863E-01	2.112E-03	164
cand-bridge-id76	7mnn-assembly1_A	0.182	137	145	750	0.910	0.176	6.683E-01	6.139E-01	1.456E-01	1.173E-03	164
cand-bridge-id76	3ma5-assembly1_A	0.193	88	145	90	0.607	0.967	8.508E-01	5.329E-01	8.176E-01	9.198E-03	163
cand-bridge-id76	6mfv-assembly4_D	0.264	140	145	641	0.855	0.207	7.448E-01	6.426E-01	1.642E-01	1.653E-03	163
cand-bridge-id76	5gap-assembly1_J	0.157	140	145	729	0.869	0.192	7.059E-01	6.227E-01	1.468E-01	1.736E-03	163
cand-bridge-id76	7mnm-assembly1_A	0.182	137	145	746	0.910	0.177	6.838E-01	6.266E-01	1.482E-01	1.915E-03	163
cand-bridge-id76	7n61-assembly1_1F	0.169	159	145	614	0.945	0.256	6.783E-01	6.410E-01	1.723E-01	1.915E-03	162
cand-bridge-id76	2kcv-assembly1_A	0.208	91	145	99	0.628	0.909	8.632E-01	5.553E-01	7.853E-01	1.015E-02	161
cand-bridge-id76	5fjy-assembly2_C-2	0.233	137	145	267	0.828	0.513	7.264E-01	6.141E-01	3.615E-01	2.447E-03	161
cand-bridge-id76	5w5i-assembly1_A	0.186	172	145	430	0.966	0.400	6.629E-01	6.377E-01	2.358E-01	2.011E-03	161
cand-bridge-id76	5w5h-assembly1_C	0.193	124	145	446	0.772	0.276	7.979E-01	6.342E-01	2.280E-01	6.525E-03	161
cand-bridge-id76	4ga2-assembly1_A	0.188	143	145	144	0.917	0.903	6.374E-01	5.756E-01	5.791E-01	1.116E-03	160
cand-bridge-id76	7rro-assembly1_I2	0.170	117	145	192	0.807	0.583	8.464E-01	6.668E-01	5.164E-01	8.758E-03	160
cand-bridge-id76	4zlh-assembly1_A	0.208	149	145	323	0.931	0.458	6.255E-01	5.864E-01	2.938E-01	1.012E-03	160
cand-bridge-id76	1kt0-assembly1_A	0.227	158	145	357	0.986	0.401	6.474E-01	6.348E-01	2.682E-01	1.574E-03	160
cand-bridge-id76	5khu-assembly1_X	0.218	133	145	396	0.910	0.328	8.089E-01	7.312E-01	2.946E-01	5.916E-03	160
cand-bridge-id76	7mnl-assembly1_A	0.192	140	145	746	0.931	0.177	6.662E-01	6.127E-01	1.464E-01	1.736E-03	160
cand-bridge-id76	7r5j-assembly1_00	0.168	160	145	756	0.966	0.202	6.296E-01	6.062E-01	1.346E-01	1.116E-03	160
cand-bridge-id76	4ga0-assembly1_A	0.187	139	145	143	0.910	0.923	6.423E-01	5.889E-01	5.977E-01	1.231E-03	159
cand-bridge-id76	6fv0-assembly1_A	0.196	153	145	270	0.910	0.567	7.772E-01	7.127E-01	4.136E-01	5.916E-03	159
cand-bridge-id76	1p5q-assembly1_A	0.230	156	145	283	0.959	0.491	6.749E-01	6.449E-01	3.476E-01	2.011E-03	159
cand-bridge-id76	2y4u-assembly1_A	0.165	151	145	424	0.938	0.347	6.390E-01	6.027E-01	2.373E-01	1.427E-03	159
cand-bridge-id76	6c6k-assembly2_B	0.166	204	145	454	0.966	0.447	6.590E-01	6.333E-01	2.182E-01	2.112E-03	159
cand-bridge-id76	7tbl-assembly1_c1	0.192	140	145	742	0.931	0.178	6.662E-01	6.127E-01	1.472E-01	1.915E-03	159
cand-bridge-id76	5z56-assembly1_J	0.170	141	145	522	0.952	0.262	6.356E-01	6.040E-01	2.042E-01	1.915E-03	158
cand-bridge-id76	7mno-assembly1_A	0.187	139	145	746	0.931	0.177	6.570E-01	6.022E-01	1.456E-01	1.653E-03	158
cand-bridge-id76	8gm5-assembly1_A	0.173	150	145	479	0.848	0.305	7.003E-01	6.056E-01	2.116E-01	5.106E-03	157
cand-bridge-id76	7tdz-assembly1_P	0.159	157	145	798	0.910	0.190	6.114E-01	5.578E-01	1.197E-01	1.116E-03	157
cand-bridge-id76	5nrl-assembly1_J	0.158	139	145	800	0.862	0.174	7.085E-01	6.226E-01	1.335E-01	2.447E-03	157
cand-bridge-id76	7tbm-assembly1_c1	0.192	140	145	743	0.931	0.178	6.662E-01	6.127E-01	1.470E-01	2.330E-03	156
cand-bridge-id76	6qdk-assembly1_A	0.253	126	145	882	0.834	0.139	7.672E-01	6.486E-01	1.232E-01	7.559E-03	156
cand-bridge-id76	6hft-assembly1_A	0.224	125	145	312	0.834	0.381	7.752E-01	6.471E-01	3.239E-01	6.213E-03	155
cand-bridge-id76	9fpz-assembly1_B	0.178	157	145	834	0.952	0.188	6.599E-01	6.278E-01	1.310E-01	2.699E-03	155
cand-bridge-id76	4cgq-assembly1_A	0.246	65	145	91	0.448	0.714	9.675E-01	4.383E-01	6.903E-01	2.453E-02	154
cand-bridge-id76	3urz-assembly2_B	0.160	181	145	206	0.931	0.879	6.796E-01	6.356E-01	4.695E-01	1.574E-03	154
cand-bridge-id76	7v6p-assembly1_A-2	0.201	169	145	220	0.959	0.755	7.064E-01	6.776E-01	4.644E-01	3.805E-03	154
cand-bridge-id76	7wzb-assembly1_B	0.211	156	145	254	0.979	0.606	6.231E-01	6.089E-01	3.784E-01	1.736E-03	154
cand-bridge-id76	7w59-assembly1_J	0.154	110	145	568	0.759	0.194	7.202E-01	5.719E-01	1.719E-01	4.629E-03	154
cand-bridge-id76	7w5b-assembly1_J	0.154	110	145	569	0.759	0.193	7.203E-01	5.719E-01	1.715E-01	4.629E-03	154
cand-bridge-id76	8hmc-assembly1_C	0.194	159	145	640	0.931	0.248	6.200E-01	5.830E-01	1.746E-01	1.231E-03	154
cand-bridge-id76	8fo6-assembly1_A	0.174	149	145	483	0.841	0.302	7.131E-01	6.105E-01	2.104E-01	6.853E-03	153
cand-bridge-id76	1qz2-assembly1_C	0.227	154	145	285	0.959	0.488	6.956E-01	6.651E-01	3.558E-01	4.862E-03	152
cand-bridge-id76	5l0y-assembly5_E	0.165	151	145	151	0.945	0.887	7.007E-01	6.481E-01	6.252E-01	5.106E-03	151
cand-bridge-id76	4abn-assembly2_B	0.196	163	145	426	0.759	0.383	5.965E-01	4.620E-01	1.804E-01	7.920E-04	151
cand-bridge-id76	8clk-assembly1_D	0.129	162	145	457	0.917	0.352	6.814E-01	6.275E-01	2.256E-01	3.284E-03	151
cand-bridge-id76	5udj-assembly1_A	0.180	199	145	460	0.931	0.430	6.575E-01	6.103E-01	2.083E-01	2.977E-03	151
cand-bridge-id76	5lj3-assembly1_S	0.150	153	145	464	0.972	0.330	5.851E-01	5.705E-01	2.142E-01	1.736E-03	151
cand-bridge-id76	5g05-assembly1_X	0.197	152	145	484	0.945	0.306	6.905E-01	6.528E-01	2.180E-01	5.632E-03	151
cand-bridge-id76	7w5a-assembly1_J	0.154	110	145	567	0.759	0.194	7.203E-01	5.719E-01	1.721E-01	5.632E-03	151
cand-bridge-id76	6zym-assembly1_O	0.150	120	145	252	0.828	0.460	6.974E-01	5.798E-01	3.645E-01	4.408E-03	150
cand-bridge-id76	7b80-assembly1_A	0.233	103	145	340	0.683	0.303	7.386E-01	5.144E-01	2.296E-01	5.363E-03	150
cand-bridge-id76	5lj5-assembly1_S	0.150	153	145	464	0.972	0.330	5.851E-01	5.705E-01	2.142E-01	1.823E-03	150
cand-bridge-id76	8ruy-assembly1_F	0.238	147	145	539	0.910	0.271	6.806E-01	6.232E-01	1.875E-01	2.977E-03	150
cand-bridge-id76	4i2z-assembly1_A	0.260	123	145	899	0.814	0.133	7.630E-01	6.314E-01	1.179E-01	1.119E-02	150
cand-bridge-id76	3ma5-assembly3_C	0.195	87	145	89	0.600	0.966	8.542E-01	5.293E-01	8.207E-01	2.117E-02	149
cand-bridge-id76	2xev-assembly1_A	0.170	123	145	121	0.800	0.975	8.135E-01	6.616E-01	7.778E-01	1.828E-02	147
cand-bridge-id76	8ggh-assembly1_E	0.226	137	145	289	0.910	0.474	8.141E-01	7.444E-01	3.981E-01	1.066E-02	147
cand-bridge-id76	6zmd-assembly1_B	0.233	103	145	332	0.683	0.310	7.496E-01	5.195E-01	2.365E-01	7.559E-03	147
cand-bridge-id76	6yxy-assembly1_BF	0.155	135	145	346	0.786	0.390	7.429E-01	5.988E-01	2.718E-01	5.916E-03	147
cand-bridge-id76	4hoq-assembly1_A	0.157	222	145	477	0.952	0.457	4.739E-01	4.484E-01	1.441E-01	3.441E-04	147
cand-bridge-id76	4kvm-assembly1_A	0.181	149	145	718	0.931	0.202	6.685E-01	6.236E-01	1.439E-01	4.629E-03	147
cand-bridge-id76	8rsv-assembly2_B	0.232	116	145	365	0.710	0.318	7.853E-01	5.808E-01	2.521E-01	1.175E-02	146
cand-bridge-id76	7t6d-assembly1_B	0.208	163	145	381	0.972	0.428	7.134E-01	6.909E-01	2.830E-01	5.106E-03	146
cand-bridge-id76	6xt9-assembly1_D	0.229	183	145	396	0.945	0.462	4.651E-01	4.373E-01	1.663E-01	1.355E-04	146
cand-bridge-id76	5khu-assembly1_C	0.243	148	145	463	0.917	0.302	6.740E-01	6.196E-01	2.164E-01	4.197E-03	146
cand-bridge-id76	9bax-assembly1_F	0.200	135	145	592	0.834	0.226	5.890E-01	4.968E-01	1.419E-01	2.112E-03	146
cand-bridge-id76	7cc7-assembly1_A	0.151	165	145	227	0.931	0.700	7.237E-01	6.773E-01	4.558E-01	1.119E-02	145
cand-bridge-id76	8rte-assembly1_B	0.188	170	145	350	0.931	0.474	7.041E-01	6.562E-01	2.935E-01	6.525E-03	145
cand-bridge-id76	8h6e-assembly1_4G	0.173	150	145	794	0.959	0.178	5.654E-01	5.426E-01	1.242E-01	1.358E-03	145
cand-bridge-id76	8h6l-assembly1_4G	0.191	146	145	801	0.917	0.177	6.119E-01	5.673E-01	1.285E-01	1.915E-03	145
cand-bridge-id76	5xi8-assembly1_A	0.170	129	145	175	0.890	0.709	7.488E-01	6.501E-01	5.517E-01	1.066E-02	144
cand-bridge-id76	6frk-assembly1_r	0.138	137	145	195	0.931	0.662	7.443E-01	6.701E-01	5.187E-01	1.119E-02	144
cand-bridge-id76	4abn-assembly1_A	0.196	163	145	422	0.759	0.386	5.995E-01	4.637E-01	1.822E-01	1.498E-03	144
cand-bridge-id76	2vsn-assembly2_B	0.250	104	145	534	0.717	0.193	7.840E-01	5.774E-01	1.748E-01	1.502E-02	144
cand-bridge-id76	7kzv-assembly1_H	0.175	114	145	544	0.690	0.210	8.763E-01	6.151E-01	1.745E-01	3.292E-02	144
cand-bridge-id76	8a3y-assembly1_Q	0.190	131	145	890	0.814	0.143	8.210E-01	6.766E-01	1.219E-01	1.740E-02	144
cand-bridge-id76	7qij-assembly2_NC	0.219	82	145	102	0.566	0.804	8.489E-01	5.063E-01	6.948E-01	3.135E-02	143
cand-bridge-id76	3urz-assembly1_A	0.162	178	145	202	0.931	0.881	6.772E-01	6.330E-01	4.767E-01	3.284E-03	143
cand-bridge-id76	7v1k-assembly1_A-2	0.166	192	145	220	0.993	0.859	5.832E-01	5.757E-01	3.915E-01	1.823E-03	143
cand-bridge-id76	7v1l-assembly1_B-2	0.172	186	145	221	0.993	0.828	6.061E-01	5.989E-01	4.070E-01	2.330E-03	143
cand-bridge-id76	6fuz-assembly1_A	0.223	134	145	267	0.807	0.502	7.686E-01	6.358E-01	3.708E-01	1.119E-02	143
cand-bridge-id76	3u3w-assembly1_B	0.151	178	145	280	0.959	0.636	6.157E-01	5.911E-01	3.340E-01	4.197E-03	143
cand-bridge-id76	8odn-assembly1_B	0.222	153	145	185	0.972	0.789	6.544E-01	6.357E-01	5.170E-01	6.853E-03	142
cand-bridge-id76	5w5h-assembly1_A	0.170	200	145	451	0.966	0.426	6.651E-01	6.394E-01	2.259E-01	5.363E-03	142
cand-bridge-id76	8h6j-assembly1_4G	0.191	146	145	784	0.917	0.181	6.138E-01	5.682E-01	1.311E-01	2.447E-03	142
cand-bridge-id76	6qx9-assembly1_5J	0.187	144	145	803	0.903	0.174	6.331E-01	5.787E-01	1.287E-01	3.449E-03	142
cand-bridge-id76	6px0-assembly1_A	0.175	137	145	135	0.821	0.993	7.545E-01	6.269E-01	6.684E-01	1.502E-02	141
cand-bridge-id76	6i7i-assembly1_A-2	0.196	107	145	334	0.738	0.317	6.917E-01	5.139E-01	2.366E-01	5.106E-03	141
cand-bridge-id76	6yxy-assembly1_BE	0.191	136	145	407	0.841	0.324	7.698E-01	6.575E-01	2.582E-01	1.297E-02	141
cand-bridge-id76	8r0a-assembly1_N	0.183	142	145	792	0.890	0.174	6.568E-01	5.926E-01	1.325E-01	5.106E-03	141
cand-bridge-id76	8rtc-assembly2_B	0.203	133	145	353	0.821	0.377	7.067E-01	5.942E-01	2.743E-01	9.198E-03	140
cand-bridge-id76	7vop-assembly1_W	0.169	153	145	756	0.917	0.202	5.783E-01	5.326E-01	1.247E-01	2.330E-03	140
cand-bridge-id76	8bpo-assembly1_t2	0.178	185	145	418	0.897	0.431	6.026E-01	5.428E-01	2.089E-01	3.127E-03	139
cand-bridge-id76	6id1-assembly1_J	0.156	128	145	568	0.883	0.218	6.897E-01	6.066E-01	1.873E-01	1.297E-02	139
cand-bridge-id76	9esi-assembly1_R	0.128	140	145	603	0.959	0.224	6.195E-01	5.824E-01	1.768E-01	6.213E-03	139
cand-bridge-id76	8r08-assembly1_N	0.183	142	145	801	0.890	0.172	6.555E-01	5.923E-01	1.314E-01	6.213E-03	139
cand-bridge-id76	8qzs-assembly1_N	0.143	174	145	831	0.897	0.208	5.917E-01	5.341E-01	1.101E-01	3.284E-03	139
cand-bridge-id76	6w5q-assembly8_H	0.196	117	145	106	0.807	0.943	6.391E-01	4.472E-01	5.993E-01	6.853E-03	138
cand-bridge-id76	4apo-assembly1_A	0.190	142	145	142	0.855	0.979	7.376E-01	6.379E-01	6.498E-01	1.578E-02	138
cand-bridge-id76	8rtc-assembly1_A	0.232	116	145	355	0.710	0.327	7.886E-01	5.826E-01	2.592E-01	2.016E-02	138
cand-bridge-id76	6t59-assembly1_TT	0.184	163	145	426	0.759	0.383	5.946E-01	4.621E-01	1.793E-01	1.231E-03	138
cand-bridge-id76	8rw5-assembly1_B	0.156	134	145	872	0.821	0.154	8.333E-01	6.932E-01	1.288E-01	5.119E-02	138
cand-bridge-id76	4yvo-assembly1_A	0.238	113	145	119	0.697	0.950	8.899E-01	6.289E-01	7.571E-01	5.930E-02	137
cand-bridge-id76	8rte-assembly1_A	0.188	170	145	350	0.931	0.474	7.051E-01	6.567E-01	2.936E-01	1.119E-02	137
cand-bridge-id76	6t46-assembly2_G	0.170	170	145	365	0.897	0.463	6.882E-01	6.212E-01	2.724E-01	1.362E-02	137
cand-bridge-id76	7aoi-assembly1_BE	0.191	136	145	401	0.841	0.329	7.694E-01	6.564E-01	2.618E-01	1.657E-02	137
cand-bridge-id76	4uzy-assembly1_A	0.189	158	145	624	0.841	0.253	5.590E-01	4.774E-01	1.345E-01	2.447E-03	137
cand-bridge-id76	1hxi-assembly1_A	0.209	81	145	112	0.559	0.723	9.231E-01	5.267E-01	6.735E-01	8.359E-02	136
cand-bridge-id76	5m72-assembly1_A	0.123	146	145	150	0.979	0.907	7.191E-01	6.773E-01	6.579E-01	1.657E-02	136
cand-bridge-id76	3q15-assembly2_B-3	0.148	168	145	332	0.986	0.503	5.446E-01	5.344E-01	2.544E-01	4.862E-03	136
cand-bridge-id76	2xgm-assembly1_A	0.240	100	145	512	0.690	0.195	7.824E-01	5.630E-01	1.774E-01	2.576E-02	136
cand-bridge-id76	6id0-assembly1_J	0.156	128	145	556	0.883	0.223	6.914E-01	6.083E-01	1.911E-01	1.578E-02	136
cand-bridge-id76	8bda-assembly1_E	0.154	194	145	1325	0.931	0.146	4.844E-01	4.500E-01	6.895E-02	6.509E-04	136
cand-bridge-id76	5wrw-assembly2_D	0.164	128	145	130	0.793	0.962	7.019E-01	5.647E-01	6.235E-01	1.015E-02	135
cand-bridge-id76	5an3-assembly1_C	0.176	136	145	135	0.821	0.978	7.557E-01	6.319E-01	6.728E-01	1.919E-02	135
cand-bridge-id76	4bt8-assembly1_B	0.269	89	145	233	0.566	0.382	8.542E-01	5.033E-01	3.233E-01	4.207E-02	135
cand-bridge-id76	3qky-assembly1_A	0.207	135	145	251	0.821	0.526	7.176E-01	6.025E-01	3.745E-01	1.578E-02	135
cand-bridge-id76	8gh3-assembly1_E	0.250	104	145	252	0.710	0.401	8.658E-01	6.168E-01	3.667E-01	3.458E-02	135
cand-bridge-id76	5mq0-assembly1_S	0.128	156	145	468	0.986	0.331	5.759E-01	5.647E-01	2.115E-01	6.213E-03	135
cand-bridge-id76	8i0v-assembly1_J	0.127	141	145	563	0.883	0.243	6.472E-01	5.805E-01	1.746E-01	9.198E-03	135
cand-bridge-id76	9cpb-assembly1_6Z	0.162	117	145	192	0.807	0.583	8.632E-01	6.772E-01	5.226E-01	5.376E-02	134
cand-bridge-id76	7msp-assembly2_B	0.177	107	145	333	0.697	0.309	7.121E-01	5.229E-01	2.514E-01	1.234E-02	134
cand-bridge-id76	7b9v-assembly1_S	0.144	138	145	549	0.945	0.242	6.193E-01	5.750E-01	1.906E-01	1.066E-02	134
cand-bridge-id76	4wjw-assembly1_B	0.250	60	145	673	0.414	0.089	9.344E-01	3.991E-01	8.820E-02	6.228E-02	133
cand-bridge-id76	8arc-assembly2_C	0.154	97	145	107	0.669	0.907	8.630E-01	5.965E-01	7.844E-01	5.930E-02	132
cand-bridge-id76	8ffz-assembly1_C	0.158	151	145	797	0.917	0.188	5.475E-01	5.080E-01	1.202E-01	3.449E-03	132
cand-bridge-id76	6i7h-assembly1_A-2	0.237	101	145	331	0.669	0.305	7.515E-01	5.097E-01	2.345E-01	2.224E-02	131
cand-bridge-id76	8rsv-assembly1_A	0.184	141	145	364	0.834	0.379	7.671E-01	6.504E-01	2.846E-01	4.207E-02	131
cand-bridge-id76	6qdv-assembly1_S	0.129	147	145	570	0.931	0.258	6.240E-01	5.850E-01	1.755E-01	1.015E-02	131
cand-bridge-id76	7kzv-assembly1_G	0.190	100	145	577	0.669	0.173	8.994E-01	6.143E-01	1.628E-01	6.870E-02	131
cand-bridge-id76	8arb-assembly1_A	0.176	102	145	112	0.703	0.911	8.622E-01	6.242E-01	7.872E-01	7.215E-02	130
cand-bridge-id76	5an3-assembly1_A	0.181	132	145	130	0.807	0.985	7.328E-01	6.051E-01	6.646E-01	2.453E-02	130
cand-bridge-id76	4btb-assembly1_A	0.252	87	145	231	0.552	0.377	8.436E-01	4.874E-01	3.151E-01	5.119E-02	130
cand-bridge-id76	4ynw-assembly2_B	0.191	146	145	283	0.848	0.505	5.874E-01	4.989E-01	2.676E-01	4.197E-03	130
cand-bridge-id76	8qpb-assembly1_N	0.198	116	145	457	0.800	0.239	7.057E-01	5.577E-01	2.057E-01	2.335E-02	130
cand-bridge-id76	8xi2-assembly1_J	0.160	150	145	595	0.917	0.242	5.009E-01	4.656E-01	1.483E-01	1.653E-03	130
cand-bridge-id76	7vop-assembly1_Z	0.176	147	145	758	0.924	0.194	6.481E-01	6.024E-01	1.376E-01	1.119E-02	130
cand-bridge-id76	2yq8-assembly1_A	0.209	124	145	225	0.724	0.551	7.191E-01	5.377E-01	3.616E-01	3.135E-02	129
cand-bridge-id76	7zub-assembly1_C	0.197	142	145	304	0.855	0.457	6.726E-01	5.867E-01	3.139E-01	1.066E-02	129
cand-bridge-id76	5dbk-assembly1_B	0.210	171	145	352	0.917	0.474	6.662E-01	6.125E-01	2.744E-01	1.175E-02	129
cand-bridge-id76	8amz-assembly1_Q	0.147	156	145	421	0.938	0.371	7.745E-01	7.289E-01	2.821E-01	6.541E-02	129
cand-bridge-id76	8tau-assembly1_Z	0.198	151	145	488	0.945	0.303	6.650E-01	6.301E-01	2.112E-01	1.657E-02	129
cand-bridge-id76	7fik-assembly1_K	0.178	129	145	697	0.890	0.175	6.179E-01	5.375E-01	1.433E-01	1.066E-02	129
cand-bridge-id76	8rot-assembly1_B	0.164	134	145	897	0.821	0.149	8.433E-01	7.006E-01	1.259E-01	8.779E-02	129
cand-bridge-id76	2kat-assembly1_A	0.237	101	145	115	0.697	0.870	8.285E-01	5.942E-01	7.287E-01	4.640E-02	128
cand-bridge-id76	2if4-assembly1_A	0.245	61	145	258	0.421	0.236	9.324E-01	4.047E-01	2.308E-01	7.959E-02	128
cand-bridge-id76	4fsc-assembly1_A	0.177	163	145	264	0.979	0.617	7.362E-01	7.186E-01	4.295E-01	2.016E-02	128
cand-bridge-id76	2ifu-assembly4_D	0.180	144	145	270	0.910	0.526	5.895E-01	5.463E-01	3.335E-01	9.198E-03	128
cand-bridge-id76	2v5f-assembly1_A	0.247	89	145	97	0.566	0.918	8.884E-01	5.188E-01	7.552E-01	9.684E-02	127
cand-bridge-id76	3q15-assembly1_A-2	0.145	172	145	365	0.993	0.468	5.496E-01	5.428E-01	2.372E-01	1.015E-02	127
cand-bridge-id76	3zgq-assembly1_A	0.151	204	145	475	0.924	0.427	4.309E-01	4.088E-01	1.748E-01	1.293E-03	127
cand-bridge-id76	9fmd-assembly1_J	0.154	110	145	602	0.759	0.183	7.127E-01	5.670E-01	1.624E-01	3.292E-02	127
cand-bridge-id76	8ebf-assembly1_A	0.131	221	145	667	0.759	0.331	5.821E-01	4.428E-01	9.916E-02	7.939E-03	127
cand-bridge-id76	5zwo-assembly1_N	0.181	110	145	725	0.759	0.152	7.799E-01	6.132E-01	1.412E-01	3.458E-02	127
cand-bridge-id76	4hny-assembly1_A	0.136	161	145	733	0.828	0.214	6.810E-01	5.696E-01	1.255E-01	1.657E-02	127
cand-bridge-id76	6hd7-assembly1_t	0.200	115	145	838	0.772	0.137	7.307E-01	5.878E-01	1.222E-01	3.292E-02	127
cand-bridge-id76	7rro-assembly1_I1	0.172	116	145	192	0.800	0.578	8.219E-01	6.455E-01	5.019E-01	4.418E-02	126
cand-bridge-id76	5waq-assembly1_A	0.181	127	145	212	0.807	0.585	7.922E-01	6.513E-01	4.624E-01	4.006E-02	126
cand-bridge-id76	4i17-assembly1_A	0.178	174	145	224	0.945	0.754	5.224E-01	4.925E-01	3.561E-01	7.559E-03	126
cand-bridge-id76	5jhe-assembly1_A-2	0.212	155	145	388	0.848	0.392	5.805E-01	5.077E-01	2.286E-01	5.916E-03	126
cand-bridge-id76	6hix-assembly1_BE	0.186	134	145	392	0.821	0.329	7.707E-01	6.428E-01	2.598E-01	3.135E-02	126
cand-bridge-id76	3n71-assembly1_A	0.159	144	145	468	0.855	0.308	6.551E-01	5.733E-01	2.116E-01	2.016E-02	126
cand-bridge-id76	4hny-assembly2_C	0.168	101	145	759	0.697	0.133	8.109E-01	5.819E-01	1.240E-01	6.228E-02	126
cand-bridge-id76	4apo-assembly2_B	0.187	144	145	154	0.869	0.896	7.386E-01	6.495E-01	6.158E-01	4.418E-02	125
cand-bridge-id76	6nx4-assembly1_A	0.166	126	145	167	0.690	0.737	7.462E-01	5.374E-01	4.740E-01	3.814E-02	125
cand-bridge-id76	7kal-assembly1_F	0.150	133	145	194	0.821	0.634	7.761E-01	6.446E-01	4.934E-01	5.119E-02	125
cand-bridge-id76	7wzb-assembly1_A	0.214	135	145	251	0.793	0.538	5.103E-01	4.057E-01	2.632E-01	2.570E-03	125
cand-bridge-id76	5efr-assembly1_A	0.211	137	145	403	0.834	0.333	7.407E-01	6.297E-01	2.538E-01	4.006E-02	125
cand-bridge-id76	3qww-assembly1_A	0.118	143	145	430	0.869	0.333	6.783E-01	6.031E-01	2.383E-01	2.335E-02	125
cand-bridge-id76	6lk8-assembly1_U	0.152	131	145	173	0.903	0.705	6.116E-01	5.314E-01	4.623E-01	1.657E-02	124
cand-bridge-id76	6ip1-assembly1_E	0.184	152	145	292	0.931	0.510	6.165E-01	5.798E-01	3.316E-01	1.297E-02	124
cand-bridge-id76	6yxx-assembly1_BE	0.191	136	145	357	0.841	0.370	7.592E-01	6.490E-01	2.895E-01	3.458E-02	124
cand-bridge-id76	1ya0-assembly2_B	0.176	125	145	464	0.766	0.267	5.445E-01	4.274E-01	1.526E-01	5.916E-03	124
cand-bridge-id76	7fik-assembly1_N	0.208	134	145	701	0.924	0.177	6.050E-01	5.328E-01	1.418E-01	1.297E-02	124
cand-bridge-id76	4hnx-assembly1_A	0.188	122	145	713	0.821	0.170	7.231E-01	6.111E-01	1.489E-01	5.646E-02	124
cand-bridge-id76	3jcm-assembly1_G	0.180	111	145	734	0.766	0.151	7.929E-01	6.263E-01	1.414E-01	4.418E-02	124
cand-bridge-id76	7qtt-assembly1_X	0.160	150	145	241	0.931	0.622	5.776E-01	5.412E-01	3.515E-01	9.198E-03	123
cand-bridge-id76	4hou-assembly2_B	0.185	140	145	242	0.821	0.562	5.993E-01	5.046E-01	3.249E-01	1.015E-02	123
cand-bridge-id76	4fsc-assembly2_B	0.179	162	145	264	0.972	0.614	7.317E-01	7.101E-01	4.256E-01	2.706E-02	123
cand-bridge-id76	6ait-assembly1_F	0.166	138	145	406	0.952	0.328	7.905E-01	7.275E-01	2.867E-01	6.870E-02	123
cand-bridge-id76	7msk-assembly1_B	0.139	165	145	421	0.793	0.392	6.545E-01	5.270E-01	1.951E-01	2.016E-02	123
cand-bridge-id76	6bk8-assembly1_T	0.126	150	145	483	0.945	0.302	5.869E-01	5.587E-01	2.034E-01	1.502E-02	123
cand-bridge-id76	2yq8-assembly1_B	0.224	125	145	226	0.724	0.553	7.196E-01	5.356E-01	3.582E-01	5.376E-02	122
cand-bridge-id76	4u04-assembly1_B	0.242	107	145	324	0.710	0.330	7.006E-01	5.047E-01	2.380E-01	2.453E-02	122
cand-bridge-id76	6ppl-assembly1_B	0.173	150	145	665	0.924	0.226	5.979E-01	5.581E-01	1.506E-01	9.198E-03	122
cand-bridge-id76	4i2w-assembly1_A	0.275	127	145	904	0.841	0.137	7.259E-01	6.241E-01	1.204E-01	5.376E-02	122
cand-bridge-id76	4bt8-assembly1_A	0.216	120	145	222	0.724	0.541	7.113E-01	5.317E-01	3.627E-01	5.930E-02	121
cand-bridge-id76	3j97-assembly1_H	0.186	161	145	286	0.924	0.542	6.277E-01	5.853E-01	3.292E-01	2.016E-02	121
cand-bridge-id76	7kra-assembly1_B	0.149	167	145	290	0.945	0.566	5.514E-01	5.241E-01	2.989E-01	4.862E-03	121
cand-bridge-id76	8gl8-assembly1_I	0.175	165	145	624	0.786	0.258	5.829E-01	4.616E-01	1.318E-01	8.758E-03	121
cand-bridge-id76	6evp-assembly1_A	0.202	89	145	94	0.566	0.947	8.103E-01	4.868E-01	7.132E-01	7.578E-02	120
cand-bridge-id76	1tjc-assembly1_B	0.247	89	145	95	0.566	0.937	8.871E-01	5.205E-01	7.681E-01	1.506E-01	120
cand-bridge-id76	8g53-assembly1_A	0.213	150	145	184	0.903	0.793	7.058E-01	6.440E-01	5.258E-01	3.292E-02	120
cand-bridge-id76	1qqe-assembly1_A	0.180	161	145	281	0.917	0.559	6.271E-01	5.813E-01	3.323E-01	2.117E-02	120
cand-bridge-id76	7t6d-assembly1_A	0.212	155	145	389	0.931	0.396	6.170E-01	5.758E-01	2.406E-01	8.758E-03	120
cand-bridge-id76	8qvx-assembly1_B	0.169	136	145	438	0.890	0.276	6.984E-01	5.937E-01	2.225E-01	3.135E-02	120
cand-bridge-id76	1ya0-assembly1_A	0.148	135	145	458	0.821	0.279	5.986E-01	4.927E-01	1.631E-01	1.740E-02	120
cand-bridge-id76	9f1d-assembly1_DB	0.191	146	145	837	0.752	0.174	5.568E-01	4.259E-01	8.725E-02	5.363E-03	120
cand-bridge-id76	8i0p-assembly1_J	0.170	141	145	249	0.952	0.550	6.423E-01	6.100E-01	3.897E-01	3.458E-02	119
cand-bridge-id76	4u04-assembly1_A	0.240	100	145	315	0.662	0.317	7.212E-01	4.852E-01	2.348E-01	3.631E-02	119
cand-bridge-id76	4lct-assembly2_D	0.224	129	145	348	0.786	0.368	8.023E-01	6.467E-01	2.922E-01	9.220E-02	119
cand-bridge-id76	5a5b-assembly1_Q	0.127	149	145	431	0.897	0.341	7.441E-01	6.720E-01	2.557E-01	4.874E-02	119
cand-bridge-id76	7dvq-assembly1_J	0.168	125	145	522	0.841	0.239	6.475E-01	5.618E-01	1.887E-01	2.706E-02	119
cand-bridge-id76	2hr2-assembly2_B	0.173	144	145	157	0.834	0.917	7.142E-01	6.104E-01	5.713E-01	7.215E-02	118
cand-bridge-id76	8rbk-assembly1_A	0.213	89	145	738	0.614	0.118	6.273E-01	4.073E-01	9.783E-02	1.740E-02	118
cand-bridge-id76	4hnw-assembly1_A	0.122	155	145	782	0.828	0.198	5.928E-01	5.034E-01	1.235E-01	1.828E-02	118
cand-bridge-id76	8q7n-assembly1_N	0.186	145	145	791	0.924	0.172	5.392E-01	5.031E-01	1.198E-01	9.660E-03	118
cand-bridge-id76	4gpk-assembly2_F	0.179	145	145	341	0.924	0.411	6.859E-01	6.381E-01	3.036E-01	4.640E-02	117
cand-bridge-id76	8bd7-assembly1_K	0.174	149	145	619	0.834	0.239	5.164E-01	4.402E-01	1.359E-01	4.862E-03	117
cand-bridge-id76	7qij-assembly2_OC	0.218	87	145	108	0.600	0.806	8.155E-01	5.187E-01	6.722E-01	1.300E-01	116
cand-bridge-id76	4u0s-assembly1_A	0.237	97	145	323	0.641	0.300	7.276E-01	4.776E-01	2.263E-01	4.418E-02	116
cand-bridge-id76	6g70-assembly1_B	0.144	118	145	510	0.772	0.231	6.615E-01	5.371E-01	1.848E-01	3.458E-02	116
cand-bridge-id76	2kc7-assembly1_A	0.293	75	145	99	0.510	0.747	9.137E-01	4.778E-01	6.874E-01	2.021E-01	115
cand-bridge-id76	8f5p-assembly1_D	0.183	120	145	612	0.814	0.190	7.869E-01	6.437E-01	1.722E-01	1.068E-01	115
cand-bridge-id76	8fgw-assembly1_D	0.147	203	145	1315	0.979	0.151	5.036E-01	4.904E-01	7.235E-02	8.758E-03	115
cand-bridge-id76	4gpk-assembly2_E	0.179	145	145	339	0.924	0.413	6.966E-01	6.389E-01	3.068E-01	5.646E-02	114
cand-bridge-id76	8bd7-assembly1_H	0.210	133	145	539	0.821	0.245	5.845E-01	4.941E-01	1.584E-01	1.430E-02	114
cand-bridge-id76	8bbg-assembly1_A	0.185	135	145	1342	0.841	0.094	5.786E-01	4.974E-01	6.766E-02	1.919E-02	114
cand-bridge-id76	6evl-assembly1_A	0.204	88	145	94	0.559	0.936	7.988E-01	4.751E-01	6.958E-01	1.122E-01	113
cand-bridge-id76	4nq0-assembly1_A	0.145	137	145	254	0.710	0.528	7.161E-01	5.303E-01	3.225E-01	4.874E-02	113
cand-bridge-id76	4gpk-assembly3_K	0.218	169	145	340	0.917	0.482	6.106E-01	5.645E-01	2.712E-01	2.224E-02	113
cand-bridge-id76	8rsu-assembly1_A	0.232	116	145	360	0.710	0.322	7.869E-01	5.813E-01	2.556E-01	1.178E-01	113
cand-bridge-id76	7msn-assembly1_B	0.165	109	145	416	0.703	0.250	7.219E-01	5.341E-01	2.085E-01	5.376E-02	113
cand-bridge-id76	2pzi-assembly2_B	0.169	106	145	644	0.731	0.163	8.272E-01	6.180E-01	1.539E-01	1.434E-01	113
cand-bridge-id76	7mxb-assembly1_A	0.166	90	145	672	0.607	0.134	8.481E-01	5.370E-01	1.255E-01	1.178E-01	113
cand-bridge-id76	6i7k-assembly1_A	0.250	100	145	333	0.662	0.300	6.383E-01	4.297E-01	1.940E-01	2.224E-02	112
cand-bridge-id76	7msn-assembly1_A	0.179	106	145	417	0.690	0.245	7.235E-01	5.269E-01	2.051E-01	6.228E-02	112
cand-bridge-id76	7qij-assembly1_CC	0.180	100	145	108	0.690	0.917	8.662E-01	6.097E-01	7.952E-01	2.122E-01	111
cand-bridge-id76	8h77-assembly1_F	0.192	140	145	310	0.814	0.429	7.250E-01	6.010E-01	2.997E-01	7.215E-02	111
cand-bridge-id76	4gpk-assembly1_C	0.181	149	145	340	0.952	0.424	6.740E-01	6.430E-01	3.104E-01	6.228E-02	111
cand-bridge-id76	4d0p-assembly1_A	0.160	131	145	371	0.807	0.342	7.711E-01	6.368E-01	2.728E-01	1.300E-01	111
cand-bridge-id76	6ait-assembly1_C	0.157	140	145	415	0.952	0.320	7.605E-01	7.017E-01	2.736E-01	1.122E-01	111
cand-bridge-id76	6cby-assembly2_B	0.118	143	145	422	0.869	0.339	6.913E-01	6.140E-01	2.453E-01	7.578E-02	111
cand-bridge-id76	6p7z-assembly1_A	0.147	142	145	425	0.848	0.329	6.520E-01	5.692E-01	2.296E-01	6.228E-02	111
cand-bridge-id76	4gyo-assembly2_A	0.190	152	145	357	0.834	0.420	5.627E-01	4.699E-01	1.994E-01	2.335E-02	110
cand-bridge-id76	7am2-assembly1_BQ	0.200	140	145	413	0.841	0.329	7.471E-01	6.410E-01	2.517E-01	6.541E-02	110
cand-bridge-id76	6r7f-assembly1_A	0.143	153	145	433	0.807	0.351	7.566E-01	6.247E-01	2.328E-01	1.068E-01	110
cand-bridge-id76	5ylz-assembly1_I	0.150	153	145	517	0.972	0.296	5.720E-01	5.562E-01	1.918E-01	3.292E-02	110
cand-bridge-id76	5gmk-assembly1_d	0.150	153	145	549	0.972	0.279	5.812E-01	5.656E-01	1.835E-01	3.631E-02	110
cand-bridge-id76	8fy4-assembly1_B	0.155	135	145	551	0.793	0.240	7.454E-01	6.080E-01	1.816E-01	9.220E-02	110
cand-bridge-id76	4xnh-assembly1_A	0.131	152	145	786	0.821	0.193	5.690E-01	4.768E-01	1.162E-01	2.706E-02	110
cand-bridge-id76	8g0l-assembly1_B	0.178	112	145	925	0.772	0.121	6.300E-01	5.184E-01	1.070E-01	3.814E-02	110
cand-bridge-id76	8bbg-assembly1_B	0.173	127	145	1426	0.834	0.079	6.119E-01	4.954E-01	6.546E-02	2.453E-02	110
cand-bridge-id76	7qij-assembly1_HC	0.204	83	145	102	0.572	0.804	8.341E-01	4.997E-01	6.842E-01	2.122E-01	109
cand-bridge-id76	4u0z-assembly7_D	0.242	99	145	325	0.655	0.305	7.538E-01	5.026E-01	2.363E-01	1.017E-01	109
cand-bridge-id76	5zyp-assembly1_A	0.203	157	145	340	0.924	0.459	6.518E-01	6.087E-01	2.986E-01	2.453E-02	109
cand-bridge-id76	7d5t-assembly1_B6	0.102	166	145	377	0.931	0.440	5.749E-01	5.401E-01	2.477E-01	2.335E-02	109
cand-bridge-id76	2lsu-assembly1_A	0.253	63	145	110	0.434	0.573	9.041E-01	4.114E-01	5.346E-01	1.924E-01	108
cand-bridge-id76	5lqw-assembly1_R	0.131	183	145	219	0.952	0.836	5.217E-01	4.981E-01	3.521E-01	1.578E-02	108
cand-bridge-id76	4lct-assembly1_A	0.200	150	145	318	0.945	0.462	6.186E-01	5.904E-01	3.070E-01	4.418E-02	108
cand-bridge-id76	5oql-assembly1_E	0.147	129	145	331	0.869	0.356	5.929E-01	4.973E-01	2.440E-01	2.453E-02	108
cand-bridge-id76	4u0u-assembly1_A	0.242	95	145	334	0.628	0.284	7.456E-01	4.785E-01	2.193E-01	9.684E-02	108
cand-bridge-id76	4o6f-assembly1_A	0.236	72	145	430	0.441	0.167	8.013E-01	3.894E-01	1.404E-01	1.238E-01	108
cand-bridge-id76	9dtr-assembly1_S	0.187	139	145	604	0.910	0.222	5.495E-01	5.082E-01	1.588E-01	1.919E-02	108
cand-bridge-id76	5ic8-assembly6_C	0.156	102	145	252	0.703	0.405	6.865E-01	5.159E-01	3.232E-01	8.359E-02	107
cand-bridge-id76	4u0z-assembly3_B	0.242	99	145	326	0.655	0.304	7.539E-01	5.026E-01	2.356E-01	1.238E-01	107
cand-bridge-id76	5jj6-assembly3_B	0.207	106	145	333	0.655	0.318	6.444E-01	4.382E-01	2.061E-01	4.006E-02	107
cand-bridge-id76	6ait-assembly1_E	0.166	138	145	410	0.952	0.324	7.926E-01	7.283E-01	2.844E-01	2.122E-01	107
cand-bridge-id76	8ruy-assembly1_f	0.307	91	145	538	0.628	0.169	7.337E-01	4.972E-01	1.540E-01	7.215E-02	107
cand-bridge-id76	6o07-assembly1_A	0.160	100	145	763	0.690	0.131	7.214E-01	5.309E-01	1.200E-01	1.300E-01	107
cand-bridge-id76	4xpd-assembly1_A	0.143	153	145	774	0.807	0.195	6.360E-01	5.203E-01	1.089E-01	3.631E-02	107
cand-bridge-id76	7som-assembly1_H	0.158	158	145	982	0.897	0.160	6.071E-01	5.499E-01	1.026E-01	3.292E-02	107
cand-bridge-id76	3ffl-assembly2_B	0.145	103	145	126	0.614	0.817	7.824E-01	5.080E-01	5.750E-01	1.661E-01	106
cand-bridge-id76	5bt1-assembly1_B	0.179	134	145	249	0.724	0.534	6.738E-01	5.131E-01	3.221E-01	5.646E-02	106
cand-bridge-id76	4u07-assembly1_A	0.237	97	145	323	0.641	0.300	7.267E-01	4.768E-01	2.261E-01	9.220E-02	106
cand-bridge-id76	6paf-assembly1_A	0.147	156	145	423	0.931	0.352	5.736E-01	5.405E-01	2.242E-01	4.207E-02	106
cand-bridge-id76	6o9o-assembly1_A	0.152	151	145	426	0.910	0.333	5.888E-01	5.436E-01	2.201E-01	4.874E-02	106
cand-bridge-id76	6j6g-assembly1_d	0.150	153	145	566	0.972	0.270	5.808E-01	5.642E-01	1.790E-01	5.376E-02	106
cand-bridge-id76	9hmf-assembly1_L	0.151	178	145	683	0.917	0.250	4.515E-01	4.153E-01	1.157E-01	4.629E-03	106
cand-bridge-id76	9fmd-assembly1_I	0.127	181	145	727	0.966	0.245	5.724E-01	5.530E-01	1.368E-01	3.292E-02	106
cand-bridge-id76	8y6o-assembly1_G	0.150	173	145	793	0.945	0.213	5.408E-01	5.122E-01	1.156E-01	2.224E-02	106
cand-bridge-id76	3jbz-assembly1_A	0.116	154	145	960	0.945	0.157	6.923E-01	6.564E-01	1.231E-01	1.017E-01	106
cand-bridge-id76	8sxh-assembly1_C	0.157	95	145	108	0.655	0.870	6.371E-01	4.490E-01	5.664E-01	5.930E-02	105
cand-bridge-id76	1zu2-assembly1_A	0.217	147	145	158	0.945	0.766	4.434E-01	3.760E-01	3.475E-01	5.632E-03	105
cand-bridge-id76	4hou-assembly1_A	0.198	141	145	261	0.821	0.525	5.612E-01	4.711E-01	2.857E-01	2.706E-02	105
cand-bridge-id76	8w15-assembly1_B	0.140	164	145	279	0.924	0.588	6.526E-01	6.104E-01	3.619E-01	1.068E-01	105
cand-bridge-id76	3mkr-assembly1_A	0.129	139	145	291	0.848	0.478	6.273E-01	5.422E-01	2.952E-01	5.930E-02	105
cand-bridge-id76	6ait-assembly1_D	0.149	161	145	416	0.945	0.377	6.619E-01	6.257E-01	2.383E-01	6.870E-02	105
cand-bridge-id76	6ait-assembly1_A	0.146	157	145	418	0.938	0.373	6.939E-01	6.509E-01	2.461E-01	1.017E-01	105
cand-bridge-id76	3tg5-assembly1_A	0.122	139	145	425	0.841	0.327	7.023E-01	6.073E-01	2.401E-01	1.178E-01	105
cand-bridge-id76	8ig0-assembly1_B	0.150	93	145	490	0.572	0.188	8.276E-01	4.944E-01	1.570E-01	1.661E-01	105
cand-bridge-id76	8bh8-assembly1_A	0.192	104	145	523	0.510	0.193	7.466E-01	3.840E-01	1.109E-01	9.220E-02	105
cand-bridge-id76	4y49-assembly3_M	0.152	105	145	769	0.724	0.134	7.214E-01	5.393E-01	1.210E-01	1.122E-01	105
cand-bridge-id76	5jjx-assembly1_A	0.186	177	145	299	0.979	0.579	5.489E-01	5.385E-01	2.996E-01	2.984E-02	104
cand-bridge-id76	6sar-assembly1_A	0.157	165	145	392	0.966	0.408	6.401E-01	6.164E-01	2.472E-01	6.541E-02	104
cand-bridge-id76	3rib-assembly2_B	0.215	93	145	418	0.566	0.222	7.281E-01	4.486E-01	1.730E-01	1.122E-01	104
cand-bridge-id76	8ro1-assembly1_I	0.187	165	145	747	0.869	0.213	6.166E-01	5.457E-01	1.299E-01	4.874E-02	104
cand-bridge-id76	9hmf-assembly1_K	0.179	145	145	773	0.917	0.181	6.502E-01	6.045E-01	1.446E-01	5.930E-02	104
cand-bridge-id76	2lsv-assembly1_A	0.217	92	145	110	0.593	0.800	7.331E-01	4.512E-01	5.805E-01	1.178E-01	103
cand-bridge-id76	4h7y-assembly4_D	0.186	134	145	138	0.807	0.928	7.415E-01	6.130E-01	6.396E-01	1.017E-01	103
cand-bridge-id76	7kat-assembly1_F	0.136	147	145	190	0.917	0.716	6.423E-01	5.958E-01	4.785E-01	7.578E-02	103
cand-bridge-id76	9gck-assembly1_B	0.143	153	145	294	0.828	0.507	6.307E-01	5.307E-01	2.807E-01	4.874E-02	103
cand-bridge-id76	3zhe-assembly2_D	0.107	158	145	387	0.821	0.408	5.110E-01	4.190E-01	1.789E-01	2.016E-02	103
cand-bridge-id76	7bj1-assembly1_A	0.150	140	145	426	0.848	0.329	6.633E-01	5.808E-01	2.346E-01	1.365E-01	103
cand-bridge-id76	5a1v-assembly1_Q	0.144	138	145	292	0.841	0.473	6.297E-01	5.404E-01	2.930E-01	8.359E-02	102
cand-bridge-id76	2ff4-assembly1_A	0.168	154	145	379	0.834	0.406	7.481E-01	6.335E-01	2.626E-01	1.506E-01	102
cand-bridge-id76	2pzi-assembly1_A	0.161	130	145	654	0.897	0.185	8.116E-01	6.885E-01	1.721E-01	2.712E-01	102
cand-bridge-id76	6ahd-assembly1_N	0.200	135	145	781	0.931	0.166	7.185E-01	6.546E-01	1.482E-01	1.661E-01	102
cand-bridge-id76	5wft-assembly1_A	0.172	93	145	118	0.634	0.771	6.811E-01	4.638E-01	5.506E-01	1.122E-01	101
cand-bridge-id76	6lyr-assembly1_D	0.159	138	145	208	0.834	0.649	7.350E-01	6.259E-01	4.580E-01	1.924E-01	101
cand-bridge-id76	6xss-assembly1_A	0.373	115	145	260	0.793	0.408	7.415E-01	5.431E-01	3.075E-01	2.021E-01	101
cand-bridge-id76	6ait-assembly1_B	0.141	163	145	418	0.945	0.376	6.364E-01	6.015E-01	2.314E-01	7.215E-02	101
cand-bridge-id76	6lk8-assembly1_S	0.153	137	145	169	0.945	0.722	5.402E-01	4.734E-01	4.243E-01	5.376E-02	100
cand-bridge-id76	6z3w-assembly1_B	0.187	139	145	263	0.938	0.513	6.443E-01	6.070E-01	3.775E-01	1.068E-01	100
cand-bridge-id76	4wuy-assembly1_A	0.230	100	145	414	0.579	0.242	7.482E-01	4.631E-01	1.768E-01	1.832E-01	100
cand-bridge-id76	7qij-assembly1_FC	0.204	83	145	106	0.572	0.764	8.326E-01	4.947E-01	6.541E-01	4.429E-01	99
cand-bridge-id76	3si5-assembly2_B	0.167	155	145	149	0.952	0.960	6.263E-01	5.986E-01	5.853E-01	7.578E-02	99
cand-bridge-id76	5ic8-assembly5_A	0.140	121	145	284	0.834	0.380	6.424E-01	5.038E-01	2.857E-01	1.017E-01	99
cand-bridge-id76	1hz4-assembly1_A	0.181	121	145	366	0.759	0.331	8.221E-01	6.375E-01	2.712E-01	4.015E-01	99
cand-bridge-id76	3zhe-assembly1_B	0.120	158	145	390	0.821	0.405	5.071E-01	4.184E-01	1.691E-01	2.706E-02	99
cand-bridge-id76	6exn-assembly1_S	0.129	154	145	472	0.972	0.324	5.731E-01	5.575E-01	2.081E-01	9.684E-02	99
cand-bridge-id76	8jau-assembly1_A	0.159	182	145	571	0.883	0.319	6.996E-01	6.237E-01	1.792E-01	1.300E-01	99
cand-bridge-id76	5l9u-assembly1_O	0.153	150	145	676	0.924	0.216	7.140E-01	6.655E-01	1.698E-01	1.661E-01	99
cand-bridge-id76	5zwm-assembly1_N	0.156	141	145	728	0.890	0.194	6.707E-01	6.042E-01	1.439E-01	1.122E-01	99
cand-bridge-id76	4bta-assembly1_B	0.208	115	145	211	0.710	0.526	6.873E-01	5.043E-01	3.609E-01	2.122E-01	98
cand-bridge-id76	5bt1-assembly1_A	0.167	137	145	244	0.724	0.545	6.635E-01	5.016E-01	3.201E-01	1.017E-01	98
cand-bridge-id76	4u0z-assembly2_G-3	0.238	105	145	322	0.697	0.326	6.931E-01	4.894E-01	2.324E-01	1.300E-01	98
cand-bridge-id76	4gpk-assembly1_D	0.224	169	145	342	0.917	0.488	5.812E-01	5.375E-01	2.580E-01	7.215E-02	98
cand-bridge-id76	4d18-assembly1_D	0.156	147	145	406	0.883	0.352	7.105E-01	6.345E-01	2.558E-01	1.924E-01	98
cand-bridge-id76	8ro2-assembly1_J	0.133	202	145	561	0.966	0.351	4.405E-01	4.261E-01	1.388E-01	1.175E-02	98
cand-bridge-id76	7mq8-assembly1_LP	0.190	152	145	567	0.910	0.266	5.294E-01	4.892E-01	1.593E-01	3.458E-02	98
cand-bridge-id76	5ic8-assembly6_B	0.152	118	145	282	0.814	0.372	6.508E-01	4.942E-01	2.783E-01	1.068E-01	97
cand-bridge-id76	4y49-assembly2_G	0.152	118	145	770	0.807	0.148	6.560E-01	5.377E-01	1.266E-01	1.238E-01	97
cand-bridge-id76	4jt6-assembly2_A	0.123	154	145	1054	0.945	0.143	6.947E-01	6.587E-01	1.123E-01	1.832E-01	97
cand-bridge-id76	7t1s-assembly2_B	0.124	161	145	230	0.959	0.678	6.638E-01	6.371E-01	4.277E-01	1.744E-01	96
cand-bridge-id76	4u0z-assembly1_A-2	0.242	107	145	322	0.710	0.332	6.990E-01	5.026E-01	2.384E-01	1.661E-01	96
cand-bridge-id76	8r5o-assembly1_F	0.157	127	145	537	0.807	0.231	6.372E-01	5.368E-01	1.767E-01	1.178E-01	96
cand-bridge-id76	6sn7-assembly1_D	0.158	145	145	218	0.821	0.651	7.603E-01	6.347E-01	4.429E-01	3.640E-01	95
cand-bridge-id76	6tzt-assembly1_A	0.125	136	145	292	0.828	0.466	5.810E-01	4.937E-01	2.713E-01	1.017E-01	95
cand-bridge-id76	3dpy-assembly1_A	0.193	145	145	323	0.979	0.424	4.479E-01	4.285E-01	2.426E-01	2.224E-02	95
cand-bridge-id76	6p6k-assembly1_A	0.149	154	145	424	0.917	0.347	5.593E-01	5.195E-01	2.181E-01	7.959E-02	95
cand-bridge-id76	7mqa-assembly1_LP	0.190	152	145	566	0.910	0.267	5.323E-01	4.915E-01	1.605E-01	4.874E-02	95
cand-bridge-id76	7fik-assembly1_M	0.141	120	145	654	0.779	0.180	7.292E-01	5.882E-01	1.525E-01	2.229E-01	95
cand-bridge-id76	7mxb-assembly2_B	0.155	180	145	655	0.897	0.253	6.803E-01	6.150E-01	1.571E-01	1.581E-01	95
cand-bridge-id76	4y49-assembly1_A	0.157	121	145	769	0.683	0.157	7.539E-01	5.312E-01	1.120E-01	2.849E-01	95
cand-bridge-id76	5wby-assembly1_B	0.138	130	145	1058	0.676	0.123	6.907E-01	4.799E-01	7.895E-02	1.581E-01	95
cand-bridge-id76	3ffl-assembly2_D	0.150	100	145	123	0.600	0.813	7.924E-01	5.026E-01	5.816E-01	3.640E-01	94
cand-bridge-id76	2yhc-assembly1_A	0.115	173	145	209	0.910	0.823	5.320E-01	4.849E-01	3.455E-01	5.646E-02	94
cand-bridge-id76	7abi-assembly1_O	0.169	136	145	248	0.910	0.528	6.176E-01	5.689E-01	3.653E-01	1.365E-01	94
cand-bridge-id76	7naz-assembly1_A	0.145	144	145	281	0.910	0.473	6.893E-01	6.329E-01	3.556E-01	2.459E-01	94
cand-bridge-id76	5y88-assembly1_I	0.135	184	145	541	0.952	0.338	5.294E-01	5.046E-01	1.589E-01	7.959E-02	94
cand-bridge-id76	8r6s-assembly1_F	0.157	127	145	629	0.807	0.197	6.357E-01	5.364E-01	1.532E-01	1.365E-01	94
cand-bridge-id76	8xwx-assembly1_C	0.141	113	145	117	0.724	0.949	7.371E-01	5.534E-01	6.676E-01	4.015E-01	93
cand-bridge-id76	8sxe-assembly1_C	0.153	137	145	140	0.848	0.950	5.151E-01	4.503E-01	4.639E-01	5.376E-02	93
cand-bridge-id76	5jj7-assembly1_B	0.214	84	145	330	0.552	0.255	6.869E-01	3.909E-01	1.826E-01	1.581E-01	93
cand-bridge-id76	5xw7-assembly2_B	0.138	130	145	218	0.814	0.596	6.264E-01	5.176E-01	3.581E-01	1.122E-01	92
cand-bridge-id76	5ic8-assembly5_D-2	0.144	118	145	259	0.814	0.398	6.375E-01	4.801E-01	2.947E-01	1.238E-01	92
cand-bridge-id76	3e37-assembly1_A	0.139	165	145	315	0.972	0.517	4.484E-01	4.387E-01	2.502E-01	3.458E-02	92
cand-bridge-id76	3ly8-assembly1_A-2	0.181	121	145	323	0.752	0.365	6.588E-01	5.202E-01	2.650E-01	2.021E-01	92
cand-bridge-id76	3txn-assembly1_A	0.166	162	145	353	0.979	0.450	7.275E-01	7.109E-01	3.305E-01	3.640E-01	92
cand-bridge-id76	6ah0-assembly1_N	0.143	153	145	579	0.959	0.257	5.861E-01	5.626E-01	1.706E-01	1.300E-01	92
cand-bridge-id76	5a31-assembly1_O	0.133	150	145	685	0.924	0.213	7.351E-01	6.832E-01	1.699E-01	3.640E-01	92
cand-bridge-id76	4ui9-assembly1_O	0.133	150	145	685	0.924	0.213	7.351E-01	6.832E-01	1.699E-01	3.640E-01	92
cand-bridge-id76	4gtv-assembly1_A	0.176	159	145	307	0.959	0.508	5.835E-01	5.633E-01	3.176E-01	1.300E-01	91
cand-bridge-id76	4cr2-assembly1_P	0.129	155	145	415	0.924	0.369	7.124E-01	6.652E-01	2.694E-01	2.712E-01	91
cand-bridge-id76	8ras-assembly1_F	0.155	129	145	568	0.821	0.222	6.186E-01	5.291E-01	1.677E-01	1.506E-01	91
cand-bridge-id76	5wby-assembly2_A	0.138	130	145	1052	0.676	0.124	6.945E-01	4.819E-01	7.947E-02	2.229E-01	91
cand-bridge-id76	3esl-assembly1_A	0.090	166	145	195	0.993	0.815	6.132E-01	6.066E-01	4.833E-01	1.300E-01	90
cand-bridge-id76	5cwn-assembly1_A	0.237	164	145	207	0.959	0.749	2.753E-01	2.661E-01	2.108E-01	1.012E-03	90
cand-bridge-id76	7x9s-assembly1_A	0.146	143	145	404	0.793	0.344	7.101E-01	5.684E-01	2.167E-01	3.640E-01	90
cand-bridge-id76	6fvu-assembly1_Q	0.116	137	145	434	0.814	0.316	7.701E-01	6.396E-01	2.389E-01	4.429E-01	90
cand-bridge-id76	7dco-assembly1_J	0.153	104	145	554	0.717	0.188	6.854E-01	5.202E-01	1.622E-01	3.640E-01	90
cand-bridge-id76	6zwo-assembly1_B	0.125	151	145	1592	0.800	0.095	6.067E-01	4.986E-01	6.132E-02	1.365E-01	90
cand-bridge-id76	3k9i-assembly1_A-2	0.211	109	145	110	0.697	0.918	6.805E-01	4.893E-01	6.259E-01	2.341E-01	89
cand-bridge-id76	6x9o-assembly1_B	0.130	168	145	244	0.924	0.656	6.252E-01	5.826E-01	3.783E-01	2.582E-01	89
cand-bridge-id76	8fbj-assembly1_A	0.148	155	145	307	0.834	0.502	4.528E-01	3.866E-01	2.015E-01	4.207E-02	89
cand-bridge-id76	5gjq-assembly1_Q	0.176	153	145	421	0.938	0.363	7.327E-01	6.904E-01	2.753E-01	4.652E-01	89
cand-bridge-id76	3jco-assembly1_Q	0.144	159	145	431	0.931	0.369	7.142E-01	6.702E-01	2.601E-01	4.429E-01	89
cand-bridge-id76	8pkp-assembly1_O	0.158	151	145	683	0.938	0.217	7.196E-01	6.793E-01	1.714E-01	4.429E-01	89
cand-bridge-id76	7som-assembly1_I	0.167	137	145	993	0.800	0.137	6.095E-01	5.010E-01	9.046E-02	1.365E-01	89
cand-bridge-id76	7qij-assembly2_MC	0.164	97	145	96	0.669	0.917	8.684E-01	5.488E-01	7.965E-01	7.597E-01	88
cand-bridge-id76	4fj3-assembly1_A	0.141	170	145	220	0.959	0.755	5.499E-01	5.268E-01	3.665E-01	7.578E-02	88
cand-bridge-id76	1nl4-assembly1_A	0.121	190	145	312	0.993	0.606	4.599E-01	4.553E-01	2.619E-01	4.640E-02	88
cand-bridge-id76	8bfi-assembly1_B	0.173	196	145	574	0.821	0.341	7.216E-01	6.078E-01	1.791E-01	4.652E-01	88
cand-bridge-id76	8fgw-assembly1_E	0.160	162	145	603	0.917	0.254	3.695E-01	3.409E-01	1.193E-01	1.740E-02	88
cand-bridge-id76	8rdj-assembly1_F	0.157	127	145	660	0.807	0.188	6.289E-01	5.284E-01	1.456E-01	2.021E-01	88
cand-bridge-id76	7qij-assembly2_JC	0.185	108	145	109	0.724	0.963	7.842E-01	5.895E-01	7.536E-01	5.660E-01	87
cand-bridge-id76	7tt1-assembly1_D	0.154	142	145	213	0.821	0.667	7.187E-01	6.082E-01	4.417E-01	4.429E-01	87
cand-bridge-id76	3qou-assembly1_A	0.156	166	145	282	0.910	0.582	4.064E-01	3.721E-01	2.016E-01	3.458E-02	87
cand-bridge-id76	7mnj-assembly3_C	0.129	147	145	528	0.924	0.258	4.564E-01	4.252E-01	1.403E-01	3.458E-02	87
cand-bridge-id76	4in3-assembly1_D	0.149	127	145	632	0.745	0.191	7.598E-01	5.835E-01	1.497E-01	4.886E-01	87
cand-bridge-id76	3bee-assembly2_B	0.142	91	145	91	0.607	0.956	7.809E-01	4.957E-01	7.445E-01	5.945E-01	86
cand-bridge-id76	1nzn-assembly1_A	0.185	113	145	122	0.697	0.902	7.498E-01	5.389E-01	6.286E-01	6.887E-01	86
cand-bridge-id76	4b94-assembly3_C	0.202	143	145	137	0.917	0.920	6.569E-01	5.803E-01	6.082E-01	2.021E-01	86
cand-bridge-id76	3zn3-assembly1_A-2	0.189	148	145	246	0.966	0.533	5.872E-01	5.412E-01	3.583E-01	2.122E-01	86
cand-bridge-id76	3pz1-assembly1_A	0.178	157	145	305	0.959	0.505	5.809E-01	5.605E-01	3.180E-01	2.122E-01	86
cand-bridge-id76	3ksl-assembly1_A	0.148	188	145	315	0.986	0.597	4.118E-01	4.058E-01	2.428E-01	2.576E-02	86
cand-bridge-id76	3ly7-assembly1_A	0.168	125	145	322	0.779	0.379	6.364E-01	5.182E-01	2.680E-01	2.992E-01	86
cand-bridge-id76	7pqh-assembly1_K	0.156	134	145	1157	0.786	0.113	4.797E-01	3.847E-01	5.434E-02	6.870E-02	86
cand-bridge-id76	3q5m-assembly1_A	0.117	179	145	210	0.938	0.843	4.986E-01	4.683E-01	3.346E-01	7.578E-02	85
cand-bridge-id76	5wyj-assembly1_R2	0.171	169	145	272	0.979	0.610	5.167E-01	5.052E-01	3.024E-01	1.122E-01	85
cand-bridge-id76	5lcw-assembly1_S	0.138	159	145	277	0.952	0.509	5.988E-01	5.722E-01	3.330E-01	2.122E-01	85
cand-bridge-id76	1ni1-assembly1_A	0.171	140	145	312	0.828	0.449	4.758E-01	4.178E-01	2.422E-01	6.870E-02	85
cand-bridge-id76	5ctq-assembly2_C	0.183	174	145	495	0.931	0.343	5.712E-01	5.364E-01	1.876E-01	1.581E-01	85
cand-bridge-id76	6pw9-assembly1_B	0.168	125	145	665	0.703	0.188	7.024E-01	5.076E-01	1.223E-01	3.142E-01	85
cand-bridge-id76	8xwx-assembly1_B	0.166	120	145	119	0.786	0.966	6.555E-01	5.367E-01	6.295E-01	3.142E-01	84
cand-bridge-id76	2wvi-assembly1_A	0.160	143	145	160	0.959	0.769	5.318E-01	4.615E-01	4.240E-01	1.068E-01	84
cand-bridge-id76	2ooe-assembly1_A-2	0.161	142	145	528	0.800	0.269	5.504E-01	4.541E-01	1.515E-01	1.365E-01	84
cand-bridge-id76	6q6h-assembly1_O	0.143	153	145	703	0.931	0.209	7.200E-01	6.733E-01	1.641E-01	5.660E-01	84
cand-bridge-id76	2l6j-assembly1_A	0.229	87	145	111	0.559	0.784	6.763E-01	4.239E-01	5.258E-01	3.823E-01	83
cand-bridge-id76	3rjv-assembly1_A	0.175	148	145	208	0.841	0.692	5.632E-01	4.808E-01	3.472E-01	1.744E-01	83
cand-bridge-id76	5wlc-assembly1_NJ	0.141	155	145	265	0.931	0.581	5.145E-01	4.853E-01	3.037E-01	1.506E-01	83
cand-bridge-id76	4q66-assembly1_B	0.159	119	145	507	0.738	0.225	7.688E-01	5.858E-01	1.835E-01	6.887E-01	83
cand-bridge-id76	8fy3-assembly1_B	0.153	150	145	524	0.821	0.254	5.464E-01	4.549E-01	1.407E-01	1.924E-01	83
cand-bridge-id76	5o2o-assembly1_A	0.159	113	145	576	0.703	0.193	6.277E-01	4.698E-01	1.417E-01	3.640E-01	83
cand-bridge-id76	8rm5-assembly1_N	0.151	204	145	834	0.945	0.243	3.973E-01	3.750E-01	7.631E-02	2.842E-02	83
cand-bridge-id76	7qij-assembly2_LC	0.183	98	145	105	0.676	0.914	8.376E-01	5.776E-01	7.685E-01	1.125E+00	82
cand-bridge-id76	6au8-assembly1_A	0.137	131	145	280	0.814	0.468	5.596E-01	4.760E-01	2.850E-01	2.459E-01	82
cand-bridge-id76	3hxe-assembly1_A	0.182	159	145	306	0.959	0.510	5.485E-01	5.292E-01	3.044E-01	1.832E-01	82
cand-bridge-id76	6een-assembly1_A	0.225	151	145	315	0.897	0.460	6.542E-01	5.925E-01	2.958E-01	3.142E-01	82
cand-bridge-id76	3j8c-assembly1_E	0.130	123	145	384	0.752	0.318	7.799E-01	6.050E-01	2.501E-01	8.801E-01	82
cand-bridge-id76	6uro-assembly1_F	0.165	145	145	527	0.821	0.262	5.344E-01	4.536E-01	1.571E-01	7.959E-02	82
cand-bridge-id76	8ruy-assembly1_G	0.151	145	145	619	0.779	0.234	5.226E-01	4.191E-01	1.348E-01	1.178E-01	82
cand-bridge-id76	8xi2-assembly1_I	0.183	142	145	661	0.834	0.213	5.411E-01	4.637E-01	1.258E-01	1.661E-01	82
cand-bridge-id76	3mkq-assembly1_A	0.151	152	145	811	0.966	0.169	3.578E-01	3.413E-01	8.436E-02	3.458E-02	82
cand-bridge-id76	9f44-assembly1_A	0.121	165	145	2192	0.828	0.074	5.883E-01	4.974E-01	4.538E-02	2.712E-01	82
cand-bridge-id76	8u1z-assembly1_A	0.155	109	145	125	0.690	0.872	7.972E-01	5.680E-01	6.487E-01	1.241E+00	81
cand-bridge-id76	9co0-assembly1_D	0.121	189	145	205	0.972	0.912	5.226E-01	5.065E-01	3.701E-01	1.581E-01	81
cand-bridge-id76	7ru9-assembly1_C	0.141	162	145	271	0.952	0.594	4.988E-01	4.788E-01	2.922E-01	1.434E-01	81
cand-bridge-id76	4u0z-assembly3_H	0.230	104	145	318	0.690	0.321	6.549E-01	4.603E-01	2.231E-01	3.466E-01	81
cand-bridge-id76	5gjr-assembly1_2	0.163	110	145	372	0.634	0.296	7.482E-01	5.024E-01	2.156E-01	6.243E-01	81
cand-bridge-id76	5l9u-assembly1_X	0.145	185	145	380	0.938	0.471	4.540E-01	4.253E-01	1.980E-01	7.959E-02	81
cand-bridge-id76	6g70-assembly1_A	0.157	165	145	509	0.938	0.322	5.383E-01	5.070E-01	1.705E-01	1.744E-01	81
cand-bridge-id76	9gaw-assembly1_O	0.166	156	145	699	0.924	0.212	6.797E-01	6.341E-01	1.562E-01	6.557E-01	81
cand-bridge-id76	8era-assembly1_A	0.166	150	145	2177	0.945	0.067	6.246E-01	5.926E-01	5.435E-02	3.142E-01	81
cand-bridge-id76	2kck-assembly1_A	0.254	122	145	112	0.834	0.893	5.993E-01	4.344E-01	5.429E-01	1.924E-01	80
cand-bridge-id76	8ro0-assembly1_J	0.173	202	145	574	0.966	0.345	2.939E-01	2.876E-01	1.061E-01	5.916E-03	80
cand-bridge-id76	7fik-assembly1_O	0.187	128	145	683	0.855	0.171	6.473E-01	5.315E-01	1.407E-01	4.429E-01	80
cand-bridge-id76	8gix-assembly1_D	0.135	162	145	750	0.703	0.211	6.464E-01	4.777E-01	1.134E-01	3.640E-01	80
cand-bridge-id76	7ywy-assembly1_a	0.180	83	145	88	0.545	0.932	6.839E-01	4.029E-01	6.184E-01	6.243E-01	79
cand-bridge-id76	7qij-assembly1_DC	0.177	96	145	101	0.662	0.901	8.411E-01	5.503E-01	7.607E-01	1.181E+00	79
cand-bridge-id76	7ya9-assembly1_A-2	0.155	109	145	125	0.690	0.872	7.798E-01	5.557E-01	6.349E-01	1.181E+00	79
cand-bridge-id76	6lys-assembly1_D	0.108	184	145	208	0.938	0.865	5.034E-01	4.715E-01	3.375E-01	1.434E-01	79
cand-bridge-id76	4uqy-assembly1_A	0.131	129	145	257	0.772	0.463	5.966E-01	4.674E-01	2.735E-01	2.582E-01	79
cand-bridge-id76	1zbp-assembly1_A	0.203	123	145	266	0.745	0.455	6.246E-01	4.723E-01	2.669E-01	3.640E-01	79
cand-bridge-id76	9dze-assembly1_S	0.167	155	145	316	0.821	0.491	4.713E-01	4.078E-01	2.355E-01	1.506E-01	79
cand-bridge-id76	5jj6-assembly2_A	0.202	99	145	330	0.683	0.288	7.183E-01	4.934E-01	2.334E-01	6.557E-01	79
cand-bridge-id76	5wlc-assembly1_LP	0.109	155	145	359	0.800	0.432	5.425E-01	4.527E-01	2.122E-01	1.122E-01	79
cand-bridge-id76	6tnt-assembly1_O	0.133	150	145	688	0.924	0.212	7.289E-01	6.782E-01	1.687E-01	9.243E-01	79
cand-bridge-id76	7ni6-assembly1_B	0.195	143	145	1423	0.828	0.100	5.781E-01	4.860E-01	5.895E-02	2.341E-01	79
cand-bridge-id76	6bcu-assembly1_B	0.146	130	145	2204	0.676	0.059	7.016E-01	4.879E-01	4.011E-02	5.660E-01	79
cand-bridge-id76	8g9j-assembly1_A	0.208	173	145	201	0.966	0.826	3.238E-01	3.117E-01	2.316E-01	1.657E-02	78
cand-bridge-id76	5jjw-assembly1_A	0.120	166	145	296	0.910	0.561	5.315E-01	4.880E-01	2.680E-01	1.924E-01	78
cand-bridge-id76	3ly9-assembly1_A-2	0.177	124	145	322	0.779	0.379	6.057E-01	4.972E-01	2.629E-01	5.131E-01	78
cand-bridge-id76	6fvw-assembly1_P	0.129	131	145	440	0.779	0.291	7.228E-01	5.802E-01	2.161E-01	5.389E-01	78
cand-bridge-id76	8ruy-assembly1_g	0.159	144	145	619	0.779	0.228	5.081E-01	4.046E-01	1.300E-01	1.238E-01	78
cand-bridge-id76	5k04-assembly1_A	0.171	152	145	732	0.917	0.199	4.659E-01	4.340E-01	1.169E-01	7.959E-02	78
cand-bridge-id76	6vp9-assembly1_B	0.183	109	145	914	0.752	0.116	6.192E-01	4.915E-01	1.025E-01	3.466E-01	78
cand-bridge-id76	6nd1-assembly1_F	0.146	89	145	92	0.614	0.967	8.239E-01	5.285E-01	7.927E-01	1.181E+00	77
cand-bridge-id76	8adg-assembly1_D	0.121	189	145	209	0.993	0.880	5.193E-01	5.128E-01	3.676E-01	1.832E-01	77
cand-bridge-id76	5z2c-assembly8_H	0.162	191	145	423	0.834	0.449	6.867E-01	5.774E-01	2.160E-01	7.233E-01	77
cand-bridge-id76	3jco-assembly1_P	0.145	124	145	431	0.759	0.283	7.508E-01	5.915E-01	2.226E-01	6.887E-01	77
cand-bridge-id76	6s2k-assembly2_B	0.170	88	145	463	0.552	0.186	7.504E-01	4.430E-01	1.530E-01	6.557E-01	77
cand-bridge-id76	7cun-assembly1_H	0.136	154	145	912	0.703	0.163	5.299E-01	3.854E-01	7.187E-02	1.434E-01	77
cand-bridge-id76	4ymr-assembly1_B	0.175	120	145	129	0.800	0.822	5.438E-01	4.028E-01	4.496E-01	2.582E-01	76
cand-bridge-id76	1iyg-assembly1_A	0.160	112	145	133	0.690	0.820	7.642E-01	5.425E-01	5.858E-01	1.303E+00	76
cand-bridge-id76	8qn4-assembly1_D	0.151	145	145	213	0.821	0.667	7.097E-01	5.973E-01	4.302E-01	9.243E-01	76
cand-bridge-id76	5ewz-assembly1_B	0.132	166	145	227	0.959	0.731	5.237E-01	5.016E-01	3.422E-01	2.122E-01	76
cand-bridge-id76	8hvr-assembly1_J	0.161	142	145	254	0.821	0.559	7.486E-01	6.310E-01	3.882E-01	9.243E-01	76
cand-bridge-id76	3pz2-assembly1_A	0.180	150	145	298	0.959	0.493	5.487E-01	5.313E-01	3.140E-01	2.992E-01	76
cand-bridge-id76	6een-assembly1_D	0.192	151	145	315	0.897	0.460	6.118E-01	5.530E-01	2.797E-01	3.823E-01	76
cand-bridge-id76	5i9g-assembly1_C	0.167	155	145	375	0.917	0.392	6.506E-01	5.993E-01	2.585E-01	5.389E-01	76
cand-bridge-id76	8amz-assembly1_P	0.157	133	145	421	0.793	0.309	7.240E-01	5.917E-01	2.288E-01	7.233E-01	76
cand-bridge-id76	8qvw-assembly1_B	0.154	168	145	436	0.917	0.383	3.631E-01	3.345E-01	1.482E-01	4.874E-02	76
cand-bridge-id76	4eba-assembly1_A	0.136	154	145	585	0.793	0.262	4.826E-01	3.908E-01	1.217E-01	1.434E-01	76
cand-bridge-id76	4rib-assembly1_A	0.126	126	145	615	0.662	0.205	7.545E-01	5.240E-01	1.395E-01	7.978E-01	76
cand-bridge-id76	8fgw-assembly1_B	0.179	167	145	1152	0.917	0.141	3.633E-01	3.399E-01	6.861E-02	3.814E-02	76
cand-bridge-id76	4z29-assembly2_B	0.168	83	145	169	0.545	0.473	6.120E-01	3.835E-01	3.389E-01	5.131E-01	75
cand-bridge-id76	7d8p-assembly1_A	0.130	169	145	225	0.931	0.724	4.333E-01	4.043E-01	2.832E-01	5.646E-02	75
cand-bridge-id76	7dxj-assembly1_B	0.109	183	145	268	0.931	0.683	5.089E-01	4.761E-01	2.792E-01	3.466E-01	75
cand-bridge-id76	9dze-assembly1_c	0.206	131	145	274	0.834	0.431	4.093E-01	3.446E-01	2.030E-01	9.220E-02	75
cand-bridge-id76	5y5a-assembly1_A	0.100	159	145	514	0.745	0.302	6.668E-01	5.013E-01	1.490E-01	8.380E-01	75
cand-bridge-id76	4e85-assembly1_B	0.129	155	145	552	0.800	0.279	5.053E-01	4.139E-01	1.307E-01	1.832E-01	75
cand-bridge-id76	4e85-assembly1_A	0.129	154	145	555	0.793	0.276	5.023E-01	4.085E-01	1.286E-01	1.661E-01	75
cand-bridge-id76	7mnn-assembly2_B	0.132	151	145	604	0.952	0.232	4.144E-01	3.949E-01	1.226E-01	6.870E-02	75
cand-bridge-id76	7ni6-assembly1_A	0.126	158	145	1424	0.897	0.107	6.720E-01	6.108E-01	7.886E-02	6.887E-01	75
cand-bridge-id76	8xvv-assembly1_L	0.190	105	145	3485	0.655	0.030	6.951E-01	4.747E-01	2.507E-02	6.243E-01	75
cand-bridge-id76	2npm-assembly1_B	0.130	169	145	235	0.952	0.715	4.885E-01	4.648E-01	3.116E-01	1.506E-01	74
cand-bridge-id76	7vep-assembly1_A	0.211	71	145	274	0.455	0.252	8.156E-01	3.980E-01	2.184E-01	1.509E+00	74
cand-bridge-id76	5y24-assembly1_A	0.180	161	145	348	0.848	0.454	6.197E-01	5.272E-01	2.303E-01	6.887E-01	74
cand-bridge-id76	4q66-assembly1_E	0.157	121	145	557	0.738	0.210	6.864E-01	5.306E-01	1.600E-01	5.389E-01	74
cand-bridge-id76	4q66-assembly2_K	0.165	121	145	593	0.738	0.196	6.720E-01	5.194E-01	1.490E-01	4.886E-01	74
cand-bridge-id76	7tdz-assembly1_a	0.120	166	145	1352	0.841	0.123	4.199E-01	3.682E-01	6.248E-02	7.959E-02	74
cand-bridge-id76	2n8i-assembly1_A	0.308	68	145	100	0.455	0.640	6.247E-01	3.187E-01	4.348E-01	6.557E-01	73
cand-bridge-id76	3o48-assembly1_A	0.138	101	145	129	0.648	0.783	8.099E-01	5.495E-01	6.092E-01	1.929E+00	73
cand-bridge-id76	8fiq-assembly1_A	0.222	166	145	172	0.931	0.890	4.351E-01	4.110E-01	3.630E-01	5.930E-02	73
cand-bridge-id76	6sn0-assembly1_D	0.101	188	145	218	0.917	0.858	5.145E-01	4.736E-01	3.267E-01	2.992E-01	73
cand-bridge-id76	8fbn-assembly1_E	0.188	143	145	226	0.855	0.624	4.835E-01	4.261E-01	3.174E-01	3.466E-01	73
cand-bridge-id76	3qdn-assembly1_A	0.149	161	145	285	0.828	0.533	4.368E-01	3.615E-01	1.876E-01	1.581E-01	73
cand-bridge-id76	7mno-assembly2_B	0.132	151	145	604	0.952	0.232	4.171E-01	3.965E-01	1.222E-01	9.220E-02	73
cand-bridge-id76	4rib-assembly2_B	0.134	126	145	628	0.662	0.201	7.656E-01	5.320E-01	1.381E-01	1.125E+00	73
cand-bridge-id76	9cnx-assembly1_D	0.118	194	145	211	0.993	0.896	5.197E-01	5.132E-01	3.647E-01	2.992E-01	72
cand-bridge-id76	8bwc-assembly1_D	0.120	200	145	218	1.000	0.894	4.795E-01	4.766E-01	3.306E-01	1.581E-01	72
cand-bridge-id76	3kae-assembly1_A	0.151	165	145	225	0.807	0.693	4.487E-01	3.679E-01	2.503E-01	1.122E-01	72
cand-bridge-id76	3kae-assembly2_D	0.151	165	145	227	0.807	0.687	4.488E-01	3.679E-01	2.483E-01	1.122E-01	72
cand-bridge-id76	7xbq-assembly2_B	0.117	179	145	235	0.938	0.732	5.795E-01	5.471E-01	3.599E-01	5.131E-01	72
cand-bridge-id76	8fbo-assembly1_C	0.200	160	145	254	0.917	0.606	3.519E-01	3.272E-01	2.129E-01	4.640E-02	72
cand-bridge-id76	5jj7-assembly1_A	0.223	112	145	330	0.697	0.339	6.116E-01	4.447E-01	2.152E-01	4.652E-01	72
cand-bridge-id76	4gpk-assembly2_H	0.132	211	145	343	0.917	0.603	3.236E-01	2.973E-01	1.419E-01	2.984E-02	72
cand-bridge-id76	4um2-assembly1_A	0.169	142	145	510	0.786	0.271	5.827E-01	4.682E-01	1.604E-01	4.429E-01	72
cand-bridge-id76	7fik-assembly1_L	0.143	188	145	679	0.979	0.271	3.855E-01	3.773E-01	1.104E-01	6.541E-02	72
cand-bridge-id76	8ch6-assembly1_z	0.116	146	145	692	0.848	0.208	5.447E-01	4.769E-01	1.274E-01	2.122E-01	72
cand-bridge-id76	9hcj-assembly1_R0	0.159	163	145	1790	0.772	0.091	6.233E-01	5.061E-01	5.530E-02	5.660E-01	72
cand-bridge-id76	9c47-assembly1_C	0.146	109	145	3079	0.662	0.034	7.890E-01	5.434E-01	2.945E-02	1.665E+00	72
cand-bridge-id76	1pc2-assembly1_A	0.154	110	145	152	0.697	0.697	6.709E-01	4.956E-01	4.760E-01	1.020E+00	71
cand-bridge-id76	8gaa-assembly1_K	0.174	189	145	197	0.972	0.949	3.530E-01	3.459E-01	2.826E-01	6.541E-02	71
cand-bridge-id76	6f09-assembly4_Q	0.176	147	145	225	0.903	0.622	3.924E-01	3.589E-01	2.570E-01	6.541E-02	71
cand-bridge-id76	2v7d-assembly1_A	0.133	172	145	228	0.959	0.754	4.457E-01	4.280E-01	3.038E-01	1.300E-01	71
cand-bridge-id76	5ftp-assembly1_A	0.131	197	145	230	0.931	0.822	4.253E-01	3.985E-01	2.740E-01	1.122E-01	71
cand-bridge-id76	6zc9-assembly1_A	0.201	149	145	230	0.903	0.617	3.844E-01	3.585E-01	2.501E-01	5.376E-02	71
cand-bridge-id76	5xw7-assembly1_A	0.131	167	145	243	0.938	0.679	5.370E-01	5.061E-01	3.283E-01	3.640E-01	71
cand-bridge-id76	7w3i-assembly1_X	0.201	134	145	380	0.814	0.353	7.239E-01	6.085E-01	2.638E-01	1.181E+00	71
cand-bridge-id76	2uy1-assembly1_B	0.125	143	145	384	0.883	0.349	5.277E-01	4.722E-01	2.064E-01	2.582E-01	71
cand-bridge-id76	9ep4-assembly1_A	0.138	152	145	884	0.717	0.166	5.516E-01	4.081E-01	7.731E-02	3.300E-01	71
cand-bridge-id76	7wb4-assembly1_E	0.143	132	145	1363	0.793	0.090	4.464E-01	3.704E-01	6.268E-02	1.924E-01	71
cand-bridge-id76	7pe7-assembly1_A	0.125	151	145	2194	0.800	0.069	6.060E-01	4.959E-01	4.516E-02	6.243E-01	71
cand-bridge-id76	6sgb-assembly1_FX	0.196	158	145	220	0.910	0.673	5.681E-01	5.285E-01	3.767E-01	4.217E-01	70
cand-bridge-id76	2c63-assembly2_D	0.158	177	145	233	0.979	0.738	4.220E-01	4.124E-01	2.839E-01	1.365E-01	70
cand-bridge-id76	6epf-assembly1_O	0.155	90	145	376	0.524	0.239	7.504E-01	4.252E-01	1.772E-01	1.125E+00	70
cand-bridge-id76	6j30-assembly1_Q	0.118	161	145	431	0.945	0.374	5.843E-01	5.571E-01	2.343E-01	4.015E-01	70
cand-bridge-id76	4uer-assembly1_a	0.113	132	145	449	0.690	0.294	6.222E-01	4.602E-01	1.801E-01	4.652E-01	70
cand-bridge-id76	4eba-assembly2_D	0.161	118	145	551	0.703	0.214	5.546E-01	4.082E-01	1.262E-01	3.640E-01	70
cand-bridge-id76	4eba-assembly3_E	0.152	164	145	578	0.924	0.282	4.771E-01	4.443E-01	1.367E-01	2.341E-01	70
cand-bridge-id76	7mnl-assembly2_B	0.139	143	145	594	0.945	0.222	4.656E-01	4.266E-01	1.269E-01	2.229E-01	70
cand-bridge-id76	8rbz-assembly1_h	0.151	152	145	887	0.717	0.166	5.612E-01	4.129E-01	7.775E-02	4.015E-01	70
cand-bridge-id76	3uux-assembly1_A	0.130	107	145	127	0.690	0.843	8.018E-01	5.747E-01	6.462E-01	2.465E+00	69
cand-bridge-id76	6ygj-assembly1_F-2	0.118	169	145	228	0.959	0.728	4.262E-01	4.106E-01	2.872E-01	1.581E-01	69
cand-bridge-id76	4rea-assembly1_B	0.134	149	145	588	0.821	0.248	7.529E-01	6.286E-01	1.764E-01	1.749E+00	69
cand-bridge-id76	2yhe-assembly3_C	0.205	68	145	634	0.414	0.107	8.176E-01	3.709E-01	9.083E-02	1.929E+00	69
cand-bridge-id76	7stx-assembly1_B	0.169	165	145	914	0.979	0.171	5.433E-01	5.312E-01	1.114E-01	3.640E-01	69
cand-bridge-id76	6zc9-assembly2_B	0.195	148	145	225	0.869	0.627	4.166E-01	3.740E-01	2.652E-01	9.684E-02	68
cand-bridge-id76	8gh2-assembly1_E	0.159	176	145	258	0.917	0.678	4.038E-01	3.696E-01	2.158E-01	1.744E-01	68
cand-bridge-id76	6wcj-assembly1_C	0.169	136	145	394	0.800	0.332	4.326E-01	3.627E-01	1.653E-01	1.506E-01	68
cand-bridge-id76	8gix-assembly1_E	0.115	190	145	991	0.786	0.192	6.766E-01	5.521E-01	9.968E-02	1.303E+00	68
cand-bridge-id76	7ni5-assembly1_B	0.191	141	145	2790	0.814	0.051	5.828E-01	4.815E-01	3.070E-02	6.557E-01	68
cand-bridge-id76	2lah-assembly1_A	0.131	145	145	160	0.938	0.887	5.852E-01	5.543E-01	5.161E-01	6.557E-01	67
cand-bridge-id76	2v7d-assembly2_C	0.181	149	145	226	0.903	0.628	4.102E-01	3.785E-01	2.723E-01	1.365E-01	67
cand-bridge-id76	5lu1-assembly2_E	0.163	165	145	227	0.931	0.696	3.631E-01	3.408E-01	2.391E-01	5.376E-02	67
cand-bridge-id76	5lu1-assembly2_F	0.160	137	145	230	0.834	0.565	4.071E-01	3.514E-01	2.425E-01	1.122E-01	67
cand-bridge-id76	3qdn-assembly2_B	0.144	166	145	280	0.834	0.586	4.169E-01	3.498E-01	1.866E-01	2.459E-01	67
cand-bridge-id76	4e6h-assembly1_A-2	0.137	167	145	553	0.945	0.295	4.638E-01	4.419E-01	1.469E-01	2.712E-01	67
cand-bridge-id76	4av7-assembly3_E	0.253	67	145	634	0.434	0.106	7.033E-01	3.352E-01	8.747E-02	1.241E+00	67
cand-bridge-id76	4gq2-assembly1_M	0.101	138	145	904	0.779	0.143	6.170E-01	5.008E-01	9.984E-02	9.708E-01	67
cand-bridge-id76	8rcn-assembly1_B	0.139	151	145	1521	0.862	0.095	4.041E-01	3.614E-01	5.175E-02	1.068E-01	67
cand-bridge-id76	5lu1-assembly1_B	0.122	171	145	227	0.986	0.753	4.152E-01	4.135E-01	2.877E-01	1.661E-01	66
cand-bridge-id76	6r7n-assembly1_B	0.161	173	145	443	0.910	0.391	5.523E-01	5.098E-01	2.090E-01	7.597E-01	66
cand-bridge-id76	5m36-assembly1_B	0.179	145	145	219	0.903	0.626	4.213E-01	3.869E-01	2.816E-01	1.832E-01	65
cand-bridge-id76	6zbt-assembly2_C	0.198	146	145	227	0.876	0.612	4.153E-01	3.717E-01	2.629E-01	1.365E-01	65
cand-bridge-id76	6a73-assembly2_B	0.131	114	145	290	0.703	0.393	5.753E-01	4.436E-01	2.585E-01	7.597E-01	65
cand-bridge-id76	6u3v-assembly1_B	0.125	151	145	332	0.841	0.440	4.307E-01	3.826E-01	2.074E-01	2.582E-01	65
cand-bridge-id76	7w3g-assembly1_a	0.154	110	145	373	0.634	0.295	7.321E-01	4.949E-01	2.132E-01	1.665E+00	65
cand-bridge-id76	4n5c-assembly6_F	0.165	133	145	727	0.862	0.164	6.028E-01	5.096E-01	1.242E-01	7.597E-01	65
cand-bridge-id76	6e9v-assembly1_Q	0.182	181	145	211	0.883	0.834	3.102E-01	2.812E-01	2.158E-01	3.292E-02	64
cand-bridge-id76	4fj3-assembly1_B	0.169	142	145	222	0.897	0.608	3.857E-01	3.531E-01	2.584E-01	1.300E-01	64
cand-bridge-id76	5ftp-assembly1_B	0.133	195	145	242	0.917	0.773	4.276E-01	3.955E-01	2.602E-01	2.712E-01	64
cand-bridge-id76	5nwk-assembly2_B	0.124	169	145	245	0.952	0.690	5.356E-01	5.102E-01	3.260E-01	6.243E-01	64
cand-bridge-id76	5xyb-assembly1_A	0.174	178	145	348	0.903	0.506	3.981E-01	3.610E-01	1.630E-01	2.341E-01	64
cand-bridge-id76	6jg9-assembly1_A	0.182	181	145	389	0.924	0.460	4.307E-01	3.975E-01	1.596E-01	3.640E-01	64
cand-bridge-id76	9ep1-assembly1_D	0.175	97	145	561	0.648	0.173	6.186E-01	4.285E-01	1.347E-01	9.243E-01	64
cand-bridge-id76	4ry3-assembly1_A	0.126	111	145	593	0.566	0.187	7.846E-01	4.702E-01	1.273E-01	1.929E+00	64
cand-bridge-id76	8bjq-assembly1_D	0.138	130	145	796	0.814	0.162	4.596E-01	3.926E-01	1.092E-01	4.886E-01	64
cand-bridge-id76	3mkq-assembly1_E	0.160	162	145	810	0.807	0.200	2.944E-01	2.434E-01	6.809E-02	4.207E-02	64
cand-bridge-id76	8ghl-assembly1_D	0.145	137	145	818	0.717	0.167	6.775E-01	5.103E-01	1.075E-01	1.665E+00	64
cand-bridge-id76	6zwm-assembly1_B	0.125	151	145	2185	0.800	0.069	6.063E-01	4.989E-01	4.571E-02	1.241E+00	64
cand-bridge-id76	6yos-assembly1_A	0.129	170	145	224	0.959	0.728	3.391E-01	3.251E-01	2.335E-01	6.228E-02	63
cand-bridge-id76	5cwm-assembly1_A	0.213	159	145	226	0.959	0.650	2.181E-01	2.105E-01	1.577E-01	8.758E-03	63
cand-bridge-id76	6fel-assembly1_A	0.200	145	145	229	0.876	0.598	4.190E-01	3.747E-01	2.667E-01	1.581E-01	63
cand-bridge-id76	6nqw-assembly1_A	0.139	143	145	237	0.910	0.536	3.573E-01	3.156E-01	2.130E-01	1.178E-01	63
cand-bridge-id76	2xgs-assembly2_B	0.145	103	145	479	0.655	0.196	5.862E-01	4.110E-01	1.461E-01	9.708E-01	63
cand-bridge-id76	7xgr-assembly1_A	0.158	120	145	546	0.676	0.220	3.697E-01	2.596E-01	8.360E-02	1.506E-01	63
cand-bridge-id76	6h5f-assembly1_A	0.131	137	145	563	0.807	0.226	5.005E-01	4.153E-01	1.205E-01	4.652E-01	63
cand-bridge-id76	4in3-assembly1_B	0.152	125	145	589	0.738	0.204	6.605E-01	5.111E-01	1.467E-01	1.181E+00	63
cand-bridge-id76	7y8y-assembly1_B	0.131	183	145	680	0.945	0.262	5.095E-01	4.841E-01	1.360E-01	5.660E-01	63
cand-bridge-id76	3mkq-assembly1_C	0.129	177	145	811	0.841	0.218	2.935E-01	2.512E-01	6.438E-02	4.640E-02	63
cand-bridge-id76	5a9q-assembly1_1	0.136	132	145	1009	0.779	0.124	6.293E-01	5.079E-01	8.915E-02	1.585E+00	63
cand-bridge-id76	8bda-assembly1_C	0.183	131	145	1074	0.772	0.109	5.044E-01	4.031E-01	6.700E-02	4.217E-01	63
cand-bridge-id76	4aez-assembly1_C	0.122	147	145	215	0.931	0.642	5.635E-01	5.309E-01	3.919E-01	8.801E-01	62
cand-bridge-id76	8fit-assembly2_C	0.172	203	145	219	0.972	0.909	2.995E-01	2.901E-01	2.026E-01	6.228E-02	62
cand-bridge-id76	5d2d-assembly1_B	0.189	148	145	226	0.890	0.624	4.126E-01	3.747E-01	2.647E-01	2.021E-01	62
cand-bridge-id76	7pwt-assembly1_A-2	0.116	172	145	227	0.986	0.744	4.120E-01	4.055E-01	2.812E-01	2.341E-01	62
cand-bridge-id76	6a5s-assembly2_G	0.201	149	145	228	0.903	0.623	3.833E-01	3.530E-01	2.526E-01	1.506E-01	62
cand-bridge-id76	3uzd-assembly1_A	0.174	178	145	229	0.986	0.769	4.089E-01	4.016E-01	2.887E-01	2.341E-01	62
cand-bridge-id76	1o9d-assembly1_A-2	0.113	158	145	230	0.903	0.687	5.802E-01	5.268E-01	3.514E-01	9.708E-01	62
cand-bridge-id76	7xdt-assembly1_A	0.159	138	145	531	0.786	0.254	4.283E-01	3.420E-01	1.064E-01	4.015E-01	62
cand-bridge-id76	3jap-assembly1_o	0.138	180	145	550	0.821	0.327	4.621E-01	3.939E-01	1.335E-01	4.015E-01	62
cand-bridge-id76	8f5o-assembly1_C	0.179	156	145	1179	0.883	0.131	3.128E-01	2.946E-01	7.105E-02	7.578E-02	62
cand-bridge-id76	7wb4-assembly1_e	0.114	122	145	1310	0.697	0.093	5.349E-01	3.964E-01	6.463E-02	8.801E-01	62
cand-bridge-id76	7vvz-assembly1_L	0.138	180	145	3513	0.821	0.051	4.993E-01	4.120E-01	2.583E-02	6.243E-01	62
cand-bridge-id76	1o9c-assembly1_A-2	0.136	168	145	231	0.952	0.714	5.055E-01	4.829E-01	3.282E-01	6.557E-01	61
cand-bridge-id76	5bwk-assembly1_E	0.160	150	145	291	0.779	0.509	3.882E-01	3.122E-01	1.797E-01	2.992E-01	61
cand-bridge-id76	8ppl-assembly1_Iu	0.126	134	145	587	0.710	0.228	6.327E-01	4.769E-01	1.468E-01	1.125E+00	61
cand-bridge-id76	6qdv-assembly1_T	0.160	137	145	639	0.938	0.200	6.963E-01	6.258E-01	1.713E-01	2.347E+00	61
cand-bridge-id76	8hme-assembly1_D	0.170	182	145	1084	0.917	0.165	2.417E-01	2.225E-01	5.005E-02	2.984E-02	61
cand-bridge-id76	8bbf-assembly1_B	0.148	182	145	1099	0.924	0.159	2.364E-01	2.209E-01	5.207E-02	2.335E-02	61
cand-bridge-id76	8ruy-assembly1_C	0.147	210	145	1210	0.972	0.166	3.660E-01	3.564E-01	5.565E-02	1.434E-01	61
cand-bridge-id76	7zvw-assembly1_A	0.163	104	145	3226	0.641	0.031	7.518E-01	4.943E-01	2.618E-02	3.308E+00	61
cand-bridge-id76	5ok9-assembly1_F	0.127	173	145	239	0.986	0.724	4.136E-01	4.055E-01	2.711E-01	3.300E-01	60
cand-bridge-id76	4di4-assembly1_A	0.146	198	145	273	0.917	0.667	4.405E-01	4.075E-01	2.371E-01	3.823E-01	60
cand-bridge-id76	4gpk-assembly1_A	0.153	215	145	343	0.938	0.624	3.343E-01	3.130E-01	1.522E-01	2.122E-01	60
cand-bridge-id76	8rc4-assembly1_h	0.111	180	145	956	0.910	0.183	4.761E-01	4.338E-01	8.308E-02	7.233E-01	60
cand-bridge-id76	6zwm-assembly1_A	0.158	120	145	2184	0.676	0.055	6.942E-01	4.857E-01	4.050E-02	2.465E+00	60
cand-bridge-id76	7ni5-assembly1_A	0.208	144	145	2791	0.828	0.051	5.779E-01	4.844E-01	3.089E-02	1.303E+00	60
cand-bridge-id76	8f6q-assembly1_A	0.209	172	145	199	0.931	0.799	3.244E-01	3.090E-01	2.531E-01	1.300E-01	59
cand-bridge-id76	7zit-assembly1_B	0.184	146	145	230	0.869	0.604	4.191E-01	3.708E-01	2.619E-01	2.459E-01	59
cand-bridge-id76	8btq-assembly1_A-2	0.127	180	145	231	0.986	0.749	3.512E-01	3.450E-01	2.395E-01	1.365E-01	59
cand-bridge-id76	8f5p-assembly1_B	0.160	162	145	1128	0.759	0.139	3.056E-01	2.378E-01	4.882E-02	7.215E-02	59
cand-bridge-id76	5m36-assembly1_A	0.142	169	145	221	0.945	0.733	4.026E-01	3.823E-01	2.756E-01	3.300E-01	58
cand-bridge-id76	9dze-assembly1_h	0.158	189	145	274	0.979	0.642	2.908E-01	2.847E-01	1.726E-01	1.434E-01	58
cand-bridge-id76	6o60-assembly1_A	0.161	149	145	300	0.821	0.493	4.668E-01	4.036E-01	2.363E-01	7.597E-01	58
cand-bridge-id76	9e8g-assembly1_a	0.146	130	145	372	0.800	0.341	6.704E-01	5.544E-01	2.473E-01	2.465E+00	58
cand-bridge-id76	5khr-assembly1_O	0.165	145	145	603	0.924	0.227	4.500E-01	4.204E-01	1.307E-01	8.380E-01	58
cand-bridge-id76	4pdx-assembly1_A	0.158	107	145	622	0.641	0.170	5.418E-01	3.595E-01	9.854E-02	1.020E+00	58
cand-bridge-id76	7kts-assembly1_A	0.127	173	145	3042	0.800	0.057	4.331E-01	3.549E-01	3.052E-02	4.886E-01	58
cand-bridge-id76	8esc-assembly1_Z	0.137	182	145	3543	0.821	0.051	5.366E-01	4.465E-01	2.625E-02	1.125E+00	58
cand-bridge-id76	6qzr-assembly2_D-3	0.157	165	145	219	0.931	0.708	3.910E-01	3.679E-01	2.641E-01	2.582E-01	57
cand-bridge-id76	6g7c-assembly1_H	0.132	159	145	233	0.897	0.682	4.534E-01	4.103E-01	2.706E-01	7.978E-01	57
cand-bridge-id76	6y6b-assembly1_B	0.194	149	145	233	0.903	0.609	3.788E-01	3.504E-01	2.431E-01	2.341E-01	57
cand-bridge-id76	3lpz-assembly1_A	0.142	154	145	314	0.779	0.481	3.542E-01	2.916E-01	1.604E-01	2.992E-01	57
cand-bridge-id76	4q66-assembly2_H	0.150	133	145	338	0.772	0.373	6.069E-01	4.893E-01	2.375E-01	1.241E+00	57
cand-bridge-id76	7rdr-assembly1_A	0.145	179	145	456	0.966	0.373	2.408E-01	2.517E-01	1.083E-01	4.006E-02	57
cand-bridge-id76	4u1d-assembly3_A	0.136	183	145	459	0.814	0.399	4.589E-01	3.857E-01	1.521E-01	5.660E-01	57
cand-bridge-id76	6w2t-assembly1_1	0.150	120	145	534	0.779	0.210	4.982E-01	4.042E-01	1.332E-01	8.380E-01	57
cand-bridge-id76	5o1j-assembly1_A	0.148	141	145	580	0.807	0.219	4.632E-01	3.827E-01	1.093E-01	4.886E-01	57
cand-bridge-id76	7y84-assembly1_C	0.142	218	145	652	0.945	0.331	5.040E-01	4.785E-01	1.314E-01	1.125E+00	57
cand-bridge-id76	9dtr-assembly1_T	0.113	167	145	707	0.917	0.223	5.108E-01	4.737E-01	1.228E-01	1.125E+00	57
cand-bridge-id76	7yfn-assembly1_T	0.117	179	145	1688	0.814	0.106	5.910E-01	4.877E-01	5.262E-02	1.837E+00	57
cand-bridge-id76	7uxh-assembly1_C	0.125	135	145	2188	0.807	0.058	4.012E-01	3.236E-01	3.380E-02	3.640E-01	57
cand-bridge-id76	7peb-assembly1_A	0.123	138	145	2192	0.828	0.059	3.907E-01	3.302E-01	3.490E-02	3.640E-01	57
cand-bridge-id76	4yo5-assembly1_D	0.155	109	145	131	0.586	0.794	6.455E-01	4.085E-01	4.462E-01	1.837E+00	56
cand-bridge-id76	6e9z-assembly1_B	0.222	166	145	225	0.938	0.684	2.730E-01	2.580E-01	1.916E-01	4.418E-02	56
cand-bridge-id76	8qtt-assembly4_H	0.142	133	145	227	0.807	0.537	4.359E-01	3.675E-01	2.556E-01	5.131E-01	56
cand-bridge-id76	6fel-assembly2_D	0.203	162	145	228	0.993	0.680	3.588E-01	3.542E-01	2.513E-01	2.849E-01	56
cand-bridge-id76	3kae-assembly2_B	0.138	224	145	231	0.959	0.896	2.726E-01	2.629E-01	1.926E-01	1.017E-01	56
cand-bridge-id76	5ln3-assembly1_P	0.100	110	145	422	0.648	0.254	6.838E-01	4.744E-01	1.856E-01	1.837E+00	56
cand-bridge-id76	7obq-assembly1_u	0.135	162	145	441	0.931	0.340	4.145E-01	3.872E-01	1.474E-01	5.131E-01	56
cand-bridge-id76	9fa4-assembly1_D	0.111	99	145	608	0.683	0.156	7.148E-01	4.850E-01	1.296E-01	3.308E+00	56
cand-bridge-id76	7fik-assembly1_e	0.160	125	145	1247	0.793	0.096	3.962E-01	3.344E-01	6.541E-02	5.660E-01	56
cand-bridge-id76	7woo-assembly1_C	0.117	145	145	1325	0.814	0.108	4.933E-01	4.189E-01	6.982E-02	9.708E-01	56
cand-bridge-id76	5u1s-assembly1_A	0.142	147	145	1488	0.834	0.097	6.906E-01	5.880E-01	7.186E-02	3.475E+00	56
cand-bridge-id76	6g7b-assembly2_A	0.127	118	145	146	0.579	0.808	4.322E-01	2.618E-01	2.602E-01	6.557E-01	55
cand-bridge-id76	6fel-assembly2_C	0.135	177	145	225	0.959	0.764	4.040E-01	3.891E-01	2.748E-01	4.429E-01	55
cand-bridge-id76	6g7c-assembly1_A	0.110	227	145	234	0.924	0.970	3.231E-01	2.987E-01	1.908E-01	2.849E-01	55
cand-bridge-id76	6u3w-assembly1_B	0.116	146	145	291	0.793	0.495	4.972E-01	4.123E-01	2.310E-01	8.380E-01	55
cand-bridge-id76	4ydo-assembly1_A	0.119	159	145	303	0.910	0.495	4.479E-01	4.229E-01	2.554E-01	7.978E-01	55
cand-bridge-id76	3q79-assembly1_A	0.125	191	145	314	0.841	0.599	3.383E-01	2.993E-01	1.780E-01	2.229E-01	55
cand-bridge-id76	3qtn-assembly1_B	0.128	140	145	341	0.903	0.384	3.489E-01	3.257E-01	1.824E-01	2.341E-01	55
cand-bridge-id76	7b6h-assembly1_A	0.155	193	145	614	0.931	0.311	4.853E-01	4.585E-01	1.437E-01	6.887E-01	55
cand-bridge-id76	4pdx-assembly1_B	0.158	107	145	619	0.641	0.171	5.419E-01	3.596E-01	9.899E-02	1.368E+00	55
cand-bridge-id76	6bcx-assembly1_B	0.139	151	145	2178	0.917	0.065	3.601E-01	3.367E-01	3.862E-02	3.466E-01	55
cand-bridge-id76	5cwb-assembly1_A	0.136	169	145	197	0.966	0.807	2.117E-01	2.052E-01	1.806E-01	2.706E-02	54
cand-bridge-id76	8fit-assembly1_A	0.195	164	145	229	0.917	0.651	2.390E-01	2.204E-01	1.528E-01	5.646E-02	54
cand-bridge-id76	6j2n-assembly1_P	0.137	153	145	432	0.897	0.345	6.816E-01	6.231E-01	2.440E-01	3.150E+00	54
cand-bridge-id76	2uy1-assembly1_A	0.138	152	145	438	0.938	0.331	5.089E-01	4.804E-01	1.948E-01	1.585E+00	54
cand-bridge-id76	5a23-assembly1_C	0.214	70	145	627	0.414	0.108	7.797E-01	3.567E-01	8.880E-02	4.440E+00	54
cand-bridge-id76	2cg2-assembly1_A-2	0.188	69	145	629	0.434	0.107	7.143E-01	3.404E-01	8.810E-02	3.308E+00	54
cand-bridge-id76	4n5c-assembly4_D	0.160	150	145	757	0.828	0.189	5.240E-01	4.466E-01	1.058E-01	1.665E+00	54
cand-bridge-id76	8xyv-assembly2_B	0.193	93	145	98	0.641	0.949	3.608E-01	2.434E-01	3.435E-01	5.131E-01	53
cand-bridge-id76	8e0l-assembly1_C	0.151	165	145	162	0.979	0.951	2.933E-01	2.867E-01	2.620E-01	1.506E-01	53
cand-bridge-id76	4p3f-assembly1_A	0.120	174	145	193	0.959	0.824	4.719E-01	4.592E-01	3.688E-01	1.368E+00	53
cand-bridge-id76	6g7c-assembly1_E	0.092	226	145	237	0.945	0.949	2.979E-01	2.841E-01	1.853E-01	2.992E-01	53
cand-bridge-id76	7w3h-assembly1_V	0.112	178	145	444	0.814	0.390	4.445E-01	3.756E-01	1.541E-01	1.020E+00	53
cand-bridge-id76	6epe-assembly1_S	0.157	127	145	476	0.800	0.254	5.481E-01	4.609E-01	1.783E-01	1.837E+00	53
cand-bridge-id76	6zp4-assembly1_A	0.099	151	145	692	0.821	0.218	6.545E-01	5.549E-01	1.449E-01	3.150E+00	53
cand-bridge-id76	6lk8-assembly1_E	0.111	144	145	1030	0.793	0.134	4.650E-01	3.855E-01	7.116E-02	1.071E+00	53
cand-bridge-id76	6sb2-assembly1_B	0.139	151	145	2178	0.917	0.065	3.600E-01	3.318E-01	3.868E-02	4.886E-01	53
cand-bridge-id76	4p29-assembly2_B	0.175	120	145	215	0.772	0.544	6.056E-01	5.004E-01	3.684E-01	4.228E+00	52
cand-bridge-id76	6bzd-assembly2_C	0.201	149	145	237	0.903	0.599	3.824E-01	3.529E-01	2.436E-01	5.389E-01	52
cand-bridge-id76	4pwx-assembly1_C	0.152	144	145	276	0.745	0.518	4.172E-01	3.220E-01	1.898E-01	9.243E-01	52
cand-bridge-id76	3msv-assembly3_B	0.107	177	145	348	0.821	0.509	5.036E-01	4.240E-01	1.997E-01	1.368E+00	52
cand-bridge-id76	8ftu-assembly1_A	0.121	156	145	627	0.890	0.228	5.590E-01	5.062E-01	1.471E-01	2.128E+00	52
cand-bridge-id76	8wqa-assembly1_B	0.165	133	145	627	0.669	0.212	4.898E-01	3.406E-01	1.033E-01	1.181E+00	52
cand-bridge-id76	5ca3-assembly1_A	0.235	34	145	758	0.234	0.045	9.228E-01	2.206E-01	4.342E-02	5.959E+00	52
cand-bridge-id76	8e12-assembly1_C	0.156	166	145	160	0.979	0.938	2.694E-01	2.632E-01	2.425E-01	1.434E-01	51
cand-bridge-id76	8e12-assembly1_A	0.158	164	145	164	0.993	0.957	2.388E-01	2.113E-01	1.929E-01	1.238E-01	51
cand-bridge-id76	6xr2-assembly1_C	0.206	165	145	170	0.959	0.924	2.664E-01	2.612E-01	2.372E-01	1.434E-01	51
cand-bridge-id76	6gkf-assembly1_B	0.141	170	145	227	0.972	0.727	4.062E-01	3.951E-01	2.760E-01	7.597E-01	51
cand-bridge-id76	4n5c-assembly3_C	0.134	179	145	737	0.979	0.237	5.312E-01	5.189E-01	1.319E-01	2.235E+00	51
cand-bridge-id76	7y6b-assembly1_B	0.114	61	145	67	0.407	0.881	6.857E-01	3.292E-01	6.182E-01	4.228E+00	50
cand-bridge-id76	5cwq-assembly1_A	0.193	212	145	233	0.959	0.901	4.090E-01	3.947E-01	2.822E-01	8.801E-01	50
cand-bridge-id76	6g7c-assembly1_C	0.108	240	145	239	0.959	0.996	3.221E-01	3.078E-01	1.934E-01	6.887E-01	50
cand-bridge-id76	5cqr-assembly1_A-2	0.193	129	145	455	0.786	0.264	3.107E-01	2.654E-01	1.234E-01	2.582E-01	50
cand-bridge-id76	6lk8-assembly1_e	0.122	147	145	1109	0.793	0.132	3.994E-01	3.237E-01	6.466E-02	8.801E-01	50
cand-bridge-id76	8uc6-assembly2_B	0.181	149	145	148	0.917	0.912	2.840E-01	2.634E-01	2.585E-01	2.712E-01	49
cand-bridge-id76	8e12-assembly1_B	0.154	162	145	163	0.979	0.939	2.181E-01	2.126E-01	1.919E-01	9.684E-02	49
cand-bridge-id76	7nfx-assembly1_u	0.134	164	145	196	0.938	0.776	4.157E-01	3.945E-01	3.135E-01	1.241E+00	49
cand-bridge-id76	6xns-assembly2_F	0.186	177	145	327	0.959	0.529	3.114E-01	3.020E-01	1.566E-01	3.640E-01	49
cand-bridge-id76	4d18-assembly2_J	0.158	170	145	403	0.841	0.422	3.457E-01	2.954E-01	1.540E-01	6.243E-01	49
cand-bridge-id76	7tl5-assembly1_A	0.168	83	145	632	0.545	0.130	6.250E-01	3.672E-01	9.881E-02	4.228E+00	49
cand-bridge-id76	7tt5-assembly1_D	0.136	95	145	153	0.634	0.608	5.834E-01	3.815E-01	3.630E-01	3.150E+00	48
cand-bridge-id76	8e0m-assembly4_L	0.175	154	145	166	0.952	0.892	2.371E-01	2.258E-01	2.015E-01	1.300E-01	48
cand-bridge-id76	5xw7-assembly5_E	0.122	171	145	199	0.910	0.849	3.385E-01	3.070E-01	2.330E-01	6.243E-01	48
cand-bridge-id76	2yin-assembly1_B	0.223	130	145	410	0.834	0.273	4.180E-01	3.392E-01	1.430E-01	8.801E-01	48
cand-bridge-id76	8cwy-assembly1_A	0.124	193	145	451	0.979	0.421	2.517E-01	2.471E-01	1.132E-01	2.021E-01	48
cand-bridge-id76	8gs2-assembly1_B	0.156	141	145	464	0.793	0.278	3.358E-01	2.859E-01	1.216E-01	4.217E-01	48
cand-bridge-id76	8je2-assembly1_D	0.161	130	145	494	0.814	0.261	3.934E-01	3.223E-01	1.177E-01	8.380E-01	48
cand-bridge-id76	2cfz-assembly1_A	0.188	69	145	630	0.434	0.106	7.088E-01	3.398E-01	8.785E-02	5.144E+00	48
cand-bridge-id76	4nur-assembly1_A	0.180	83	145	633	0.545	0.130	6.202E-01	3.584E-01	9.719E-02	4.440E+00	48
cand-bridge-id76	4n5c-assembly7_G	0.165	145	145	735	0.821	0.178	4.173E-01	3.567E-01	9.361E-02	1.181E+00	48
cand-bridge-id76	3d3i-assembly1_A	0.166	48	145	758	0.331	0.054	7.749E-01	2.240E-01	4.587E-02	4.663E+00	48
cand-bridge-id76	8rc4-assembly1_g	0.094	190	145	889	0.883	0.214	4.684E-01	4.246E-01	1.096E-01	2.026E+00	48
cand-bridge-id76	7ycx-assembly1_H	0.144	152	145	937	0.717	0.157	4.619E-01	3.395E-01	6.506E-02	1.509E+00	48
cand-bridge-id76	8f5p-assembly1_E	0.147	196	145	1057	0.841	0.182	2.642E-01	2.248E-01	5.476E-02	2.229E-01	48
cand-bridge-id76	8xyv-assembly1_A	0.210	95	145	99	0.634	0.929	3.665E-01	2.459E-01	3.455E-01	7.978E-01	47
cand-bridge-id76	8uc6-assembly1_C	0.196	153	145	147	0.917	0.912	2.785E-01	2.589E-01	2.559E-01	2.992E-01	47
cand-bridge-id76	1a4o-assembly2_D	0.111	161	145	197	0.959	0.731	3.991E-01	3.817E-01	3.030E-01	9.708E-01	47
cand-bridge-id76	6e9y-assembly1_A	0.185	162	145	227	0.959	0.661	2.159E-01	2.082E-01	1.520E-01	8.359E-02	47
cand-bridge-id76	6fnd-assembly1_B	0.165	127	145	418	0.821	0.256	3.059E-01	2.412E-01	1.161E-01	2.229E-01	47
cand-bridge-id76	9fa7-assembly1_D	0.173	98	145	599	0.566	0.164	6.607E-01	3.978E-01	1.082E-01	4.228E+00	47
cand-bridge-id76	8k98-assembly1_C	0.191	73	145	697	0.462	0.105	6.611E-01	3.382E-01	8.430E-02	5.144E+00	47
cand-bridge-id76	3jaj-assembly1_6	0.159	144	145	179	0.883	0.737	3.761E-01	3.427E-01	2.920E-01	8.380E-01	46
cand-bridge-id76	5nwk-assembly1_G	0.122	171	145	234	0.938	0.692	3.872E-01	3.693E-01	2.539E-01	1.241E+00	46
cand-bridge-id76	7d5t-assembly1_RD	0.158	189	145	316	0.924	0.585	3.479E-01	3.224E-01	1.666E-01	9.708E-01	46
cand-bridge-id76	4rhh-assembly2_C	0.250	36	145	696	0.248	0.052	8.772E-01	2.219E-01	4.806E-02	7.615E+00	46
cand-bridge-id76	5gw7-assembly1_A	0.257	35	145	758	0.241	0.044	9.162E-01	2.107E-01	4.180E-02	7.998E+00	46
cand-bridge-id76	7su3-assembly1_A	0.103	174	145	3802	0.793	0.046	5.698E-01	4.717E-01	2.755E-02	3.308E+00	46
cand-bridge-id76	5cqs-assembly1_D	0.202	143	145	324	0.862	0.410	3.035E-01	2.719E-01	1.498E-01	5.389E-01	45
cand-bridge-id76	8qme-assembly2_C	0.250	36	145	681	0.248	0.053	8.736E-01	2.216E-01	4.906E-02	8.400E+00	45
cand-bridge-id76	7znz-assembly1_A	0.285	35	145	761	0.241	0.046	8.050E-01	2.241E-01	4.489E-02	9.732E+00	45
cand-bridge-id76	7zu0-assembly1_A	0.168	119	145	954	0.676	0.122	4.002E-01	2.972E-01	6.304E-02	1.303E+00	45
cand-bridge-id76	3ax2-assembly3_E	0.183	60	145	65	0.414	0.862	6.198E-01	2.655E-01	5.326E-01	4.440E+00	44
cand-bridge-id76	2n8w-assembly1_A	0.228	114	145	104	0.697	0.885	3.520E-01	2.310E-01	3.129E-01	8.801E-01	44
cand-bridge-id76	8e0o-assembly1_C	0.200	145	145	160	0.945	0.775	2.250E-01	1.940E-01	1.782E-01	1.506E-01	44
cand-bridge-id76	6xr2-assembly2_F	0.191	157	145	165	0.972	0.903	2.294E-01	2.237E-01	2.038E-01	2.341E-01	44
cand-bridge-id76	5vat-assembly1_A	0.163	110	145	540	0.676	0.189	5.877E-01	4.302E-01	1.405E-01	6.259E+00	44
cand-bridge-id76	7a09-assembly1_A	0.134	97	145	692	0.538	0.139	6.250E-01	3.744E-01	9.601E-02	4.440E+00	44
cand-bridge-id76	4n5c-assembly8_H	0.112	160	145	734	0.800	0.218	6.117E-01	4.983E-01	1.139E-01	5.959E+00	44
cand-bridge-id76	7sqc-assembly1_R0	0.175	188	145	2070	0.979	0.090	3.969E-01	3.880E-01	4.055E-02	2.235E+00	44
cand-bridge-id76	2v1s-assembly5_E	0.188	69	145	71	0.476	0.915	5.512E-01	2.741E-01	5.088E-01	4.228E+00	43
cand-bridge-id76	8e0m-assembly3_G	0.144	159	145	159	0.979	0.962	2.567E-01	2.504E-01	2.395E-01	4.429E-01	43
cand-bridge-id76	8e0m-assembly1_A	0.179	156	145	164	0.959	0.909	2.189E-01	2.115E-01	1.889E-01	2.459E-01	43
cand-bridge-id76	2r5s-assembly2_B	0.155	154	145	171	0.897	0.865	3.511E-01	3.186E-01	2.772E-01	1.020E+00	43
cand-bridge-id76	5mps-assembly1_T	0.147	183	145	338	0.917	0.533	3.245E-01	3.106E-01	1.799E-01	7.233E-01	43
cand-bridge-id76	8v3b-assembly1_a	0.132	174	145	416	0.917	0.397	3.107E-01	2.887E-01	1.386E-01	8.801E-01	43
cand-bridge-id76	6fvu-assembly1_P	0.142	133	145	440	0.807	0.284	4.941E-01	4.049E-01	1.541E-01	2.589E+00	43
cand-bridge-id76	4n5c-assembly5_E	0.125	136	145	727	0.821	0.175	4.788E-01	4.097E-01	1.105E-01	2.856E+00	43
cand-bridge-id76	8e0m-assembly2_D	0.178	151	145	161	0.959	0.894	2.184E-01	2.101E-01	1.914E-01	2.712E-01	42
cand-bridge-id76	6gkg-assembly4_H	0.151	165	145	216	0.931	0.722	3.935E-01	3.701E-01	2.721E-01	1.837E+00	42
cand-bridge-id76	2o98-assembly1_A	0.172	145	145	234	0.903	0.556	3.728E-01	3.393E-01	2.421E-01	1.368E+00	42
cand-bridge-id76	2wpv-assembly3_E	0.124	201	145	280	0.903	0.711	3.346E-01	3.073E-01	1.805E-01	1.241E+00	42
cand-bridge-id76	4u1d-assembly1_C	0.108	148	145	444	0.828	0.329	3.629E-01	3.202E-01	1.434E-01	1.437E+00	42
cand-bridge-id76	8k98-assembly1_B	0.182	82	145	698	0.524	0.113	5.946E-01	3.394E-01	8.461E-02	6.259E+00	42
cand-bridge-id76	7wkk-assembly1_D	0.150	133	145	1115	0.786	0.117	3.836E-01	3.105E-01	6.309E-02	2.026E+00	42
cand-bridge-id76	7pw6-assembly1_A	0.106	160	145	1416	0.745	0.107	5.625E-01	4.455E-01	6.162E-02	5.402E+00	42
cand-bridge-id76	1yxr-assembly1_A	0.135	74	145	77	0.455	0.831	4.766E-01	2.167E-01	3.928E-01	2.589E+00	41
cand-bridge-id76	8gaq-assembly1_I	0.190	152	145	147	0.938	0.986	3.355E-01	3.201E-01	3.169E-01	1.368E+00	41
cand-bridge-id76	8e0m-assembly2_F	0.166	162	145	162	0.972	0.914	2.036E-01	1.998E-01	1.831E-01	2.021E-01	41
cand-bridge-id76	8e0n-assembly1_A	0.202	153	145	171	0.972	0.889	2.382E-01	2.320E-01	2.053E-01	4.217E-01	41
cand-bridge-id76	6xr2-assembly2_E	0.229	157	145	171	0.883	0.912	3.046E-01	2.720E-01	2.379E-01	1.020E+00	41
cand-bridge-id76	4p3g-assembly1_C	0.107	168	145	184	0.972	0.853	4.321E-01	4.219E-01	3.540E-01	2.856E+00	41
cand-bridge-id76	4p3g-assembly1_D	0.095	168	145	195	0.972	0.821	4.325E-01	4.311E-01	3.482E-01	2.856E+00	41
cand-bridge-id76	3axy-assembly1_D	0.144	159	145	235	0.828	0.660	2.355E-01	2.021E-01	1.437E-01	4.015E-01	41
cand-bridge-id76	4f3v-assembly1_A	0.153	143	145	275	0.807	0.462	4.525E-01	3.769E-01	2.278E-01	2.235E+00	41
cand-bridge-id76	6z0f-assembly1_A	0.066	151	145	384	0.903	0.372	3.989E-01	3.686E-01	1.742E-01	2.465E+00	41
cand-bridge-id76	5vat-assembly2_B	0.149	114	145	542	0.676	0.188	5.330E-01	3.927E-01	1.306E-01	5.959E+00	41
cand-bridge-id76	4rhh-assembly1_B	0.200	50	145	694	0.345	0.062	7.424E-01	2.244E-01	5.062E-02	7.615E+00	41
cand-bridge-id76	4c1p-assembly1_A	0.180	50	145	703	0.345	0.061	7.394E-01	2.239E-01	4.987E-02	7.615E+00	41
cand-bridge-id76	8tj5-assembly1_1	0.122	139	145	1164	0.766	0.117	4.350E-01	3.600E-01	7.088E-02	2.347E+00	41
cand-bridge-id76	7y6b-assembly2_E	0.109	73	145	74	0.448	0.946	5.917E-01	3.175E-01	5.336E-01	6.573E+00	40
cand-bridge-id76	8e0o-assembly1_A	0.146	150	145	141	0.966	0.872	2.470E-01	2.106E-01	2.163E-01	4.217E-01	40
cand-bridge-id76	8e0m-assembly2_E	0.164	152	145	157	0.952	0.898	2.485E-01	2.369E-01	2.217E-01	5.945E-01	40
cand-bridge-id76	4yo3-assembly1_A	0.087	126	145	157	0.600	0.771	5.337E-01	3.318E-01	3.081E-01	5.959E+00	40
cand-bridge-id76	7obr-assembly1_u	0.161	124	145	194	0.766	0.577	3.842E-01	3.097E-01	2.496E-01	1.749E+00	40
cand-bridge-id76	6fvt-assembly1_S	0.137	124	145	475	0.690	0.255	6.816E-01	4.977E-01	1.756E-01	9.732E+00	40
cand-bridge-id76	7kmt-assembly1_B	0.125	199	145	475	0.924	0.402	3.485E-01	3.254E-01	1.379E-01	1.837E+00	40
cand-bridge-id76	5mq0-assembly1_T	0.147	183	145	633	0.917	0.284	3.245E-01	3.106E-01	1.175E-01	1.071E+00	40
cand-bridge-id76	2w2u-assembly1_A	0.271	81	145	75	0.538	0.893	4.205E-01	2.036E-01	3.761E-01	2.235E+00	39
cand-bridge-id76	1wy6-assembly1_A	0.122	163	145	159	0.848	1.000	3.015E-01	2.625E-01	2.473E-01	1.241E+00	39
cand-bridge-id76	6xr2-assembly1_A	0.196	163	145	169	0.993	0.923	2.370E-01	2.345E-01	2.089E-01	5.660E-01	39
cand-bridge-id76	5m73-assembly1_C	0.161	124	145	197	0.766	0.569	3.883E-01	3.158E-01	2.491E-01	2.128E+00	39
cand-bridge-id76	8esq-assembly1_7	0.079	202	145	245	0.938	0.824	3.564E-01	3.368E-01	2.212E-01	2.128E+00	39
cand-bridge-id76	7pub-assembly1_Fh	0.079	126	145	274	0.710	0.409	3.821E-01	2.831E-01	1.636E-01	3.308E+00	39
cand-bridge-id76	8h38-assembly1_B	0.153	176	145	420	0.800	0.417	3.405E-01	2.987E-01	1.436E-01	1.509E+00	39
cand-bridge-id76	3b13-assembly1_C	0.195	148	145	427	0.848	0.304	3.816E-01	3.324E-01	1.337E-01	2.235E+00	39
cand-bridge-id76	1lf9-assembly2_B	0.097	92	145	674	0.455	0.132	5.864E-01	3.116E-01	8.061E-02	6.904E+00	39
cand-bridge-id76	8cvt-assembly1_a	0.175	108	145	373	0.621	0.290	6.188E-01	4.258E-01	1.938E-01	6.904E+00	38
cand-bridge-id76	7qxn-assembly1_W	0.160	125	145	456	0.772	0.274	3.759E-01	3.192E-01	1.404E-01	2.347E+00	38
cand-bridge-id76	8rg0-assembly1_5	0.160	162	145	520	0.862	0.312	4.359E-01	3.887E-01	1.357E-01	4.025E+00	38
cand-bridge-id76	8k0m-assembly1_A	0.135	148	145	643	0.814	0.222	3.262E-01	2.849E-01	9.540E-02	1.749E+00	38
cand-bridge-id76	2xs1-assembly1_A	0.101	197	145	697	0.834	0.281	3.888E-01	3.475E-01	1.157E-01	3.649E+00	38
cand-bridge-id76	7zo0-assembly1_A	0.127	141	145	761	0.607	0.172	4.426E-01	2.845E-01	6.408E-02	4.025E+00	38
cand-bridge-id76	5mpe-assembly2_N	0.159	188	145	890	0.890	0.211	3.305E-01	2.947E-01	6.760E-02	2.235E+00	38
cand-bridge-id76	4c0o-assembly2_B	0.133	157	145	898	0.931	0.170	4.050E-01	3.822E-01	8.667E-02	2.999E+00	38
cand-bridge-id76	8zj2-assembly1_B	0.159	201	145	1642	0.945	0.121	2.873E-01	2.726E-01	3.966E-02	1.437E+00	38
cand-bridge-id76	7yfp-assembly1_T	0.147	115	145	3475	0.683	0.029	5.430E-01	3.892E-01	2.276E-02	7.251E+00	38
cand-bridge-id76	7sgl-assembly1_A	0.093	214	145	3852	0.972	0.055	4.251E-01	4.134E-01	3.107E-02	2.856E+00	38
cand-bridge-id76	3ax2-assembly4_G	0.169	59	145	66	0.386	0.833	6.269E-01	2.633E-01	5.270E-01	7.998E+00	37
cand-bridge-id76	2k3w-assembly1_A	0.152	85	145	73	0.531	0.918	4.135E-01	1.991E-01	3.751E-01	2.347E+00	37
cand-bridge-id76	4u7y-assembly1_A	0.169	71	145	83	0.455	0.771	4.350E-01	1.975E-01	3.336E-01	2.999E+00	37
cand-bridge-id76	8e0m-assembly3_I	0.189	158	145	158	0.959	0.892	2.074E-01	1.981E-01	1.830E-01	4.217E-01	37
cand-bridge-id76	6vfi-assembly1_A	0.102	175	145	197	0.959	0.822	2.420E-01	2.400E-01	2.002E-01	8.380E-01	37
cand-bridge-id76	4p3g-assembly1_B	0.101	167	145	203	0.952	0.773	4.428E-01	4.246E-01	3.278E-01	5.402E+00	37
cand-bridge-id76	6yvg-assembly1_A	0.188	154	145	274	0.897	0.489	2.307E-01	2.083E-01	1.204E-01	4.429E-01	37
cand-bridge-id76	6xns-assembly2_E	0.130	184	145	326	0.959	0.525	2.212E-01	2.157E-01	1.421E-01	5.945E-01	37
cand-bridge-id76	8ppl-assembly1_Iv	0.122	139	145	430	0.924	0.321	5.328E-01	4.947E-01	1.872E-01	8.400E+00	37
cand-bridge-id76	8s8e-assembly1_o	0.124	161	145	451	0.814	0.339	3.248E-01	2.722E-01	1.090E-01	1.509E+00	37
cand-bridge-id76	6zce-assembly1_o	0.089	134	145	529	0.800	0.231	3.533E-01	2.950E-01	1.035E-01	2.347E+00	37
cand-bridge-id76	6zu9-assembly1_o	0.089	134	145	529	0.800	0.231	3.533E-01	2.950E-01	1.035E-01	2.347E+00	37
cand-bridge-id76	6hiv-assembly1_DH	0.141	155	145	564	0.959	0.255	2.974E-01	2.878E-01	1.024E-01	1.585E+00	37
cand-bridge-id76	9hcj-assembly1_K0	0.095	188	145	717	0.821	0.262	3.451E-01	2.911E-01	8.031E-02	2.026E+00	37
cand-bridge-id76	7c0q-assembly2_B	0.196	153	145	274	0.897	0.489	2.254E-01	2.033E-01	1.160E-01	4.015E-01	36
cand-bridge-id76	5haz-assembly1_A	0.101	246	145	551	0.938	0.445	2.816E-01	2.666E-01	9.036E-02	1.437E+00	36
cand-bridge-id76	8k17-assembly1_A	0.134	149	145	646	0.821	0.223	3.374E-01	2.976E-01	9.803E-02	2.465E+00	36
cand-bridge-id76	8hmd-assembly1_B	0.193	165	145	1195	0.821	0.126	2.742E-01	2.294E-01	3.601E-02	1.303E+00	36
cand-bridge-id76	4zey-assembly1_A	0.195	87	145	84	0.600	0.667	5.027E-01	2.232E-01	3.378E-01	7.251E+00	35
cand-bridge-id76	1wfd-assembly1_A	0.114	70	145	93	0.455	0.677	4.846E-01	2.165E-01	3.275E-01	5.144E+00	35
cand-bridge-id76	8gac-assembly1_A	0.120	141	145	103	0.972	0.932	2.813E-01	1.914E-01	2.624E-01	1.585E+00	35
cand-bridge-id76	8apo-assembly1_BE	0.120	175	145	171	1.000	0.883	3.310E-01	3.298E-01	2.936E-01	3.308E+00	35
cand-bridge-id76	7pua-assembly1_Fh	0.093	128	145	239	0.724	0.477	3.890E-01	2.922E-01	1.903E-01	4.663E+00	35
cand-bridge-id76	6xns-assembly1_A	0.139	230	145	327	0.972	0.703	2.385E-01	2.304E-01	1.113E-01	1.125E+00	35
cand-bridge-id76	8oz0-assembly1_C	0.138	181	145	364	0.945	0.456	3.274E-01	3.136E-01	1.600E-01	2.347E+00	35
cand-bridge-id76	3lew-assembly1_A	0.192	130	145	476	0.662	0.248	4.218E-01	2.870E-01	9.770E-02	3.475E+00	35
cand-bridge-id76	8kc9-assembly1_A	0.163	147	145	642	0.814	0.223	3.293E-01	2.876E-01	9.725E-02	2.589E+00	35
cand-bridge-id76	7wkk-assembly1_f	0.157	159	145	1097	0.917	0.127	3.664E-01	3.380E-01	6.316E-02	3.649E+00	35
cand-bridge-id76	7sx3-assembly1_E	0.133	135	145	1611	0.800	0.084	4.244E-01	3.570E-01	5.479E-02	3.649E+00	35
cand-bridge-id76	2w2u-assembly2_B	0.184	92	145	74	0.634	0.919	4.660E-01	2.219E-01	4.229E-01	5.402E+00	34
cand-bridge-id76	2v6y-assembly1_A	0.214	84	145	75	0.552	0.933	4.549E-01	2.208E-01	4.195E-01	4.898E+00	34
cand-bridge-id76	7dgu-assembly1_A	0.197	91	145	97	0.579	0.866	3.362E-01	2.003E-01	2.905E-01	2.856E+00	34
cand-bridge-id76	8e0m-assembly4_J	0.159	163	145	169	0.959	0.882	2.069E-01	2.010E-01	1.816E-01	6.887E-01	34
cand-bridge-id76	4y5j-assembly1_A	0.113	123	145	227	0.697	0.502	3.044E-01	2.299E-01	1.731E-01	2.128E+00	34
cand-bridge-id76	7c0q-assembly1_C	0.210	152	145	272	0.897	0.493	2.246E-01	2.013E-01	1.160E-01	5.389E-01	34
cand-bridge-id76	8v2d-assembly1_y	0.168	154	145	307	0.972	0.466	2.963E-01	2.882E-01	1.567E-01	2.347E+00	34
cand-bridge-id76	6xns-assembly1_B	0.157	209	145	333	0.959	0.622	1.995E-01	1.918E-01	1.032E-01	4.652E-01	34
cand-bridge-id76	3c3r-assembly1_A	0.089	191	145	357	0.821	0.535	4.014E-01	3.551E-01	1.966E-01	6.573E+00	34
cand-bridge-id76	3mzk-assembly1_B	0.123	210	145	385	0.931	0.540	3.039E-01	2.872E-01	1.364E-01	2.589E+00	34
cand-bridge-id76	6sgb-assembly1_DH	0.145	151	145	472	0.966	0.292	3.873E-01	3.693E-01	1.287E-01	4.663E+00	34
cand-bridge-id76	5hb0-assembly1_B	0.136	198	145	520	0.931	0.375	3.120E-01	2.942E-01	1.161E-01	2.719E+00	34
cand-bridge-id76	6yxx-assembly1_ED	0.231	82	145	598	0.566	0.129	4.805E-01	2.743E-01	8.888E-02	9.266E+00	34
cand-bridge-id76	7pw4-assembly1_A	0.090	166	145	1944	0.786	0.079	5.219E-01	4.293E-01	4.502E-02	9.266E+00	34
cand-bridge-id76	2cpt-assembly1_A	0.169	71	145	117	0.455	0.547	4.318E-01	1.953E-01	2.384E-01	4.898E+00	33
cand-bridge-id76	5ecf-assembly1_A	0.145	144	145	151	0.897	0.907	2.256E-01	2.054E-01	1.982E-01	7.978E-01	33
cand-bridge-id76	6a09-assembly1_A	0.127	102	145	174	0.434	0.586	4.907E-01	2.162E-01	1.807E-01	7.615E+00	33
cand-bridge-id76	3mkq-assembly1_B	0.144	111	145	177	0.690	0.531	3.683E-01	2.721E-01	2.348E-01	3.308E+00	33
cand-bridge-id76	7c0q-assembly2_D	0.204	161	145	274	0.952	0.522	2.053E-01	1.933E-01	1.168E-01	5.945E-01	33
cand-bridge-id76	8ptx-assembly1_D	0.140	171	145	298	0.979	0.544	2.499E-01	2.440E-01	1.299E-01	1.665E+00	33
cand-bridge-id76	8wkt-assembly1_B	0.175	80	145	972	0.531	0.075	5.196E-01	3.028E-01	5.819E-02	9.732E+00	33
cand-bridge-id76	7k1j-assembly1_A	0.120	175	145	3584	0.972	0.048	3.102E-01	3.042E-01	2.839E-02	2.999E+00	33
cand-bridge-id76	8tn6-assembly1_C	0.141	148	145	147	0.952	0.946	2.648E-01	2.483E-01	2.453E-01	2.465E+00	32
cand-bridge-id76	1nf6-assembly2_F	0.125	127	145	171	0.724	0.737	3.462E-01	2.538E-01	2.169E-01	5.402E+00	32
cand-bridge-id76	8asw-assembly1_D	0.173	144	145	343	0.924	0.376	3.889E-01	3.587E-01	1.944E-01	5.674E+00	32
cand-bridge-id76	6z0f-assembly1_B	0.066	151	145	369	0.903	0.388	3.872E-01	3.580E-01	1.759E-01	7.251E+00	32
cand-bridge-id76	8jbc-assembly1_A	0.144	145	145	468	0.683	0.306	4.534E-01	3.334E-01	1.194E-01	9.266E+00	32
cand-bridge-id76	8k0f-assembly1_A	0.157	146	145	639	0.807	0.222	3.263E-01	2.843E-01	9.690E-02	3.833E+00	32
cand-bridge-id76	8wfn-assembly1_G	0.194	77	145	659	0.510	0.109	5.206E-01	2.989E-01	8.085E-02	9.732E+00	32
cand-bridge-id76	8gji-assembly1_A	0.186	145	145	167	0.959	0.737	2.487E-01	2.112E-01	1.847E-01	2.235E+00	31
cand-bridge-id76	1moj-assembly1_A	0.180	61	145	180	0.421	0.300	5.658E-01	2.201E-01	1.788E-01	9.266E+00	31
cand-bridge-id76	4a5x-assembly1_A	0.128	70	145	73	0.455	0.863	4.843E-01	2.151E-01	4.139E-01	9.266E+00	30
cand-bridge-id76	4a5x-assembly2_B	0.131	76	145	73	0.483	0.945	4.662E-01	2.294E-01	4.360E-01	8.822E+00	30
cand-bridge-id76	4p3g-assembly1_A	0.086	151	145	219	0.855	0.626	3.249E-01	2.856E-01	2.083E-01	4.228E+00	30
cand-bridge-id76	1zb1-assembly2_B	0.099	141	145	367	0.821	0.357	3.585E-01	2.932E-01	1.474E-01	6.259E+00	30
cand-bridge-id76	9c5a-assembly1_b	0.116	172	145	383	0.779	0.444	2.953E-01	2.506E-01	1.288E-01	3.308E+00	30
cand-bridge-id76	8qah-assembly2_B	0.208	149	145	426	0.945	0.336	2.538E-01	2.389E-01	9.434E-02	2.999E+00	30
cand-bridge-id76	8wya-assembly1_B	0.128	163	145	923	0.945	0.170	3.718E-01	3.512E-01	7.316E-02	6.259E+00	30
cand-bridge-id76	8fo9-assembly1_E	0.120	124	145	2287	0.572	0.054	3.557E-01	2.387E-01	2.605E-02	4.898E+00	30
cand-bridge-id76	7tdr-assembly1_A	0.139	158	145	289	0.883	0.529	3.249E-01	3.027E-01	1.905E-01	4.440E+00	29
cand-bridge-id76	8k0i-assembly1_a	0.157	146	145	399	0.807	0.356	3.221E-01	2.719E-01	1.389E-01	5.402E+00	29
cand-bridge-id76	8qah-assembly1_A	0.211	151	145	425	0.945	0.334	2.221E-01	2.094E-01	1.083E-01	2.465E+00	29
cand-bridge-id76	5f0k-assembly3_C	0.125	208	145	439	0.945	0.462	3.112E-01	2.983E-01	1.439E-01	4.228E+00	29
cand-bridge-id76	8wyb-assembly1_D	0.122	180	145	949	0.945	0.187	3.549E-01	3.363E-01	7.499E-02	6.259E+00	29
cand-bridge-id76	8wyb-assembly1_B	0.122	180	145	952	0.945	0.186	3.522E-01	3.364E-01	7.532E-02	6.573E+00	29
cand-bridge-id76	8wfn-assembly1_A	0.140	178	145	963	0.924	0.184	3.609E-01	3.375E-01	7.372E-02	6.259E+00	29
cand-bridge-id76	7r5j-assembly1_K0	0.135	177	145	1086	0.883	0.159	2.715E-01	2.487E-01	4.854E-02	2.856E+00	29
cand-bridge-id76	9had-assembly1_A	0.157	89	145	116	0.586	0.767	3.356E-01	2.115E-01	2.557E-01	5.959E+00	28
cand-bridge-id76	8jh6-assembly1_B	0.153	137	145	126	0.945	0.984	2.744E-01	2.426E-01	2.713E-01	5.402E+00	28
cand-bridge-id76	6y07-assembly1_A	0.204	147	145	154	0.945	0.805	2.386E-01	2.067E-01	1.958E-01	2.465E+00	28
cand-bridge-id76	3o2t-assembly1_A	0.147	115	145	304	0.731	0.355	3.258E-01	2.628E-01	1.593E-01	6.259E+00	28
cand-bridge-id76	5hay-assembly1_A	0.094	253	145	559	0.938	0.453	2.899E-01	2.729E-01	8.862E-02	5.144E+00	28
cand-bridge-id76	7abg-assembly1_A5	0.156	147	145	732	0.862	0.197	2.843E-01	2.536E-01	7.712E-02	5.144E+00	28
cand-bridge-id76	3w5n-assembly1_A	0.113	115	145	1029	0.593	0.099	3.312E-01	2.153E-01	4.041E-02	5.674E+00	28
cand-bridge-id76	8tn1-assembly1_B	0.152	144	145	147	0.959	0.905	2.607E-01	2.424E-01	2.397E-01	5.959E+00	27
cand-bridge-id76	7vg4-assembly3_E	0.157	152	145	196	0.959	0.724	2.116E-01	2.025E-01	1.561E-01	2.128E+00	27
cand-bridge-id76	5f0k-assembly2_B	0.111	215	145	430	0.979	0.488	2.904E-01	2.848E-01	1.343E-01	4.898E+00	27
cand-bridge-id76	5ft9-assembly2_B	0.116	197	145	473	0.938	0.412	3.579E-01	3.409E-01	1.430E-01	8.822E+00	27
cand-bridge-id76	5c6g-assembly2_C	0.084	142	145	588	0.807	0.235	3.158E-01	2.708E-01	9.999E-02	6.259E+00	27
cand-bridge-id76	5hb1-assembly1_A	0.113	203	145	742	0.807	0.274	3.145E-01	2.680E-01	6.835E-02	5.402E+00	27
cand-bridge-id76	7wkk-assembly1_d	0.109	174	145	1123	0.986	0.135	2.655E-01	2.617E-01	5.619E-02	4.228E+00	27
cand-bridge-id76	8fih-assembly1_C	0.258	124	145	105	0.821	0.981	2.350E-01	1.803E-01	2.299E-01	3.475E+00	26
cand-bridge-id76	1j30-assembly1_B	0.176	130	145	137	0.710	0.883	3.078E-01	2.195E-01	2.319E-01	7.998E+00	26
cand-bridge-id76	5d8r-assembly1_H-2	0.108	148	145	156	0.917	0.744	2.926E-01	2.343E-01	2.184E-01	6.904E+00	26
cand-bridge-id76	5d8x-assembly1_A	0.114	149	145	156	0.917	0.744	2.790E-01	2.241E-01	2.091E-01	5.674E+00	26
cand-bridge-id76	5d8x-assembly1_P	0.114	149	145	156	0.917	0.744	2.792E-01	2.242E-01	2.092E-01	5.674E+00	26
cand-bridge-id76	5d8x-assembly1_S	0.114	149	145	156	0.917	0.744	2.791E-01	2.242E-01	2.091E-01	5.402E+00	26
cand-bridge-id76	4toc-assembly1_T	0.107	149	145	156	0.917	0.744	2.789E-01	2.240E-01	2.090E-01	5.674E+00	26
cand-bridge-id76	4kmo-assembly1_B	0.128	148	145	265	0.883	0.472	3.187E-01	2.872E-01	1.908E-01	6.259E+00	26
cand-bridge-id76	5hay-assembly2_B	0.129	154	145	517	0.979	0.277	2.251E-01	2.201E-01	8.355E-02	3.649E+00	26
cand-bridge-id76	2b1e-assembly1_A	0.082	181	145	532	0.952	0.336	3.258E-01	3.121E-01	1.108E-01	7.251E+00	26
cand-bridge-id76	7tdz-assembly1_I	0.080	161	145	671	0.834	0.240	2.754E-01	2.400E-01	7.456E-02	5.144E+00	26
cand-bridge-id76	7tdz-assembly1_i	0.080	161	145	1064	0.834	0.151	2.754E-01	2.400E-01	5.588E-02	5.144E+00	26
cand-bridge-id76	3u3b-assembly2_B	0.126	95	145	102	0.600	0.863	3.022E-01	1.968E-01	2.650E-01	8.822E+00	25
cand-bridge-id76	5d8r-assembly1_D-2	0.111	153	145	156	0.924	0.750	2.763E-01	2.240E-01	2.090E-01	5.674E+00	25
cand-bridge-id76	5d8x-assembly1_H	0.114	149	145	156	0.917	0.744	2.792E-01	2.242E-01	2.092E-01	6.573E+00	25
cand-bridge-id76	5d8y-assembly1_J	0.127	149	145	156	0.917	0.744	2.789E-01	2.240E-01	2.090E-01	6.573E+00	25
cand-bridge-id76	3uno-assembly1_F	0.158	158	145	168	0.910	0.899	2.141E-01	1.957E-01	1.717E-01	2.999E+00	25
cand-bridge-id76	7tdz-assembly1_U	0.102	176	145	358	0.986	0.461	2.372E-01	2.328E-01	1.230E-01	4.663E+00	25
cand-bridge-id76	6j6h-assembly1_v	0.142	176	145	722	0.848	0.244	2.989E-01	2.578E-01	6.802E-02	6.259E+00	25
cand-bridge-id76	4toe-assembly1_C	0.120	149	145	155	0.917	0.748	2.793E-01	2.242E-01	2.105E-01	7.998E+00	24
cand-bridge-id76	5d8q-assembly1_B-2	0.113	150	145	156	0.924	0.750	2.770E-01	2.243E-01	2.092E-01	7.615E+00	24
cand-bridge-id76	5d8x-assembly1_E	0.114	149	145	156	0.917	0.744	2.790E-01	2.241E-01	2.091E-01	6.904E+00	24
cand-bridge-id76	5d8y-assembly1_A	0.114	149	145	156	0.917	0.744	2.789E-01	2.240E-01	2.090E-01	7.251E+00	24
cand-bridge-id76	5d8y-assembly1_C	0.114	149	145	156	0.917	0.744	2.789E-01	2.240E-01	2.090E-01	7.251E+00	24
cand-bridge-id76	5d8y-assembly1_O	0.126	150	145	156	0.924	0.750	2.767E-01	2.240E-01	2.090E-01	7.615E+00	24
cand-bridge-id76	3e1q-assembly1_A	0.093	149	145	158	0.924	0.829	2.591E-01	2.332E-01	2.147E-01	8.400E+00	24
cand-bridge-id76	8gjg-assembly1_A	0.181	160	145	162	0.931	0.920	2.180E-01	2.038E-01	1.852E-01	3.833E+00	24
cand-bridge-id76	3uno-assembly1_B	0.158	158	145	169	0.910	0.893	2.142E-01	1.959E-01	1.708E-01	3.649E+00	24
cand-bridge-id76	3uno-assembly1_R	0.158	158	145	170	0.910	0.888	2.142E-01	1.958E-01	1.698E-01	3.833E+00	24
cand-bridge-id76	3uno-assembly1_N	0.158	158	145	172	0.910	0.878	2.141E-01	1.957E-01	1.681E-01	3.649E+00	24
cand-bridge-id76	9h2d-assembly2_B	0.137	138	145	259	0.924	0.425	2.589E-01	2.117E-01	1.394E-01	5.144E+00	24
cand-bridge-id76	2nrj-assembly1_A	0.155	109	145	338	0.738	0.311	2.721E-01	2.048E-01	9.660E-02	5.674E+00	24
cand-bridge-id76	8kc9-assembly1_B	0.143	174	145	362	0.883	0.467	2.855E-01	2.531E-01	1.067E-01	6.904E+00	24
cand-bridge-id76	6voa-assembly1_B	0.127	141	145	619	0.938	0.184	2.905E-01	2.292E-01	5.790E-02	8.400E+00	24
cand-bridge-id76	6vti-assembly1_A	0.107	112	145	148	0.676	0.709	3.012E-01	2.142E-01	2.118E-01	9.266E+00	23
cand-bridge-id76	4toe-assembly1_T	0.112	151	145	154	0.931	0.740	2.778E-01	2.186E-01	2.063E-01	8.400E+00	23
cand-bridge-id76	5d8r-assembly1_A-2	0.107	149	145	156	0.917	0.744	2.787E-01	2.239E-01	2.089E-01	9.266E+00	23
cand-bridge-id76	5d8x-assembly1_O	0.127	149	145	156	0.917	0.744	2.791E-01	2.242E-01	2.091E-01	7.998E+00	23
cand-bridge-id76	5d8x-assembly1_U	0.127	149	145	156	0.917	0.744	2.792E-01	2.242E-01	2.091E-01	7.998E+00	23
cand-bridge-id76	5d8x-assembly1_V	0.114	149	145	156	0.917	0.744	2.791E-01	2.241E-01	2.091E-01	8.822E+00	23
cand-bridge-id76	5d8y-assembly1_R	0.127	149	145	156	0.917	0.744	2.789E-01	2.240E-01	2.090E-01	7.998E+00	23
cand-bridge-id76	5d8y-assembly1_S	0.127	149	145	156	0.917	0.744	2.789E-01	2.240E-01	2.090E-01	8.822E+00	23
cand-bridge-id76	8auw-assembly1_D	0.100	159	145	157	0.959	0.841	2.476E-01	2.245E-01	2.079E-01	6.259E+00	23
cand-bridge-id76	1g73-assembly2_B	0.126	142	145	157	0.959	0.752	2.348E-01	1.927E-01	1.789E-01	5.674E+00	23
cand-bridge-id76	8qhw-assembly1_E	0.169	136	145	215	0.931	0.572	2.731E-01	2.332E-01	1.604E-01	7.615E+00	23
cand-bridge-id76	8v8v-assembly2_D	0.145	144	145	271	0.959	0.509	2.037E-01	1.942E-01	1.137E-01	4.025E+00	23
cand-bridge-id76	5fi0-assembly3_E	0.146	184	145	341	0.945	0.496	1.895E-01	1.798E-01	8.693E-02	2.589E+00	23
cand-bridge-id76	7qsj-assembly2_B	0.092	163	145	345	0.814	0.426	3.062E-01	2.673E-01	1.423E-01	9.266E+00	23
cand-bridge-id76	4rxx-assembly1_A	0.078	128	145	426	0.814	0.284	2.465E-01	2.174E-01	1.095E-01	4.898E+00	23
cand-bridge-id76	8tid-assembly1_C	0.153	169	145	533	0.945	0.311	2.060E-01	1.948E-01	6.206E-02	3.308E+00	23
cand-bridge-id76	6k5l-assembly1_A	0.117	94	145	565	0.572	0.156	2.590E-01	1.762E-01	5.948E-02	6.259E+00	23
cand-bridge-id76	7oqc-assembly1_D	0.087	148	145	576	0.917	0.224	2.354E-01	2.119E-01	7.352E-02	6.904E+00	23
cand-bridge-id76	5d8r-assembly1_B-2	0.107	149	145	156	0.917	0.744	2.790E-01	2.241E-01	2.091E-01	9.732E+00	22
cand-bridge-id76	5d8s-assembly1_A-2	0.111	152	145	156	0.917	0.744	2.788E-01	2.239E-01	2.089E-01	9.266E+00	22
cand-bridge-id76	5d8y-assembly1_E	0.126	150	145	156	0.924	0.750	2.768E-01	2.241E-01	2.091E-01	9.732E+00	22
cand-bridge-id76	5d8y-assembly1_H	0.113	150	145	156	0.924	0.750	2.768E-01	2.241E-01	2.091E-01	9.266E+00	22
cand-bridge-id76	5d8y-assembly1_Q	0.127	149	145	156	0.917	0.744	2.789E-01	2.240E-01	2.090E-01	9.266E+00	22
cand-bridge-id76	5d8y-assembly1_T	0.126	150	145	156	0.924	0.750	2.765E-01	2.239E-01	2.089E-01	9.732E+00	22
cand-bridge-id76	5d8y-assembly1_W	0.127	149	145	156	0.917	0.744	2.789E-01	2.240E-01	2.090E-01	9.266E+00	22
cand-bridge-id76	4tog-assembly1_D	0.127	149	145	156	0.917	0.744	2.792E-01	2.242E-01	2.092E-01	9.732E+00	22
cand-bridge-id76	8ts8-assembly1_B	0.145	144	145	262	0.959	0.527	2.095E-01	1.994E-01	1.195E-01	4.440E+00	22
cand-bridge-id76	3zxp-assembly1_B	0.121	148	145	384	0.821	0.352	2.585E-01	2.211E-01	1.251E-01	7.998E+00	22
cand-bridge-id76	7rx9-assembly1_A	0.121	181	145	432	0.959	0.384	2.207E-01	2.108E-01	8.817E-02	5.144E+00	22
cand-bridge-id76	3cwg-assembly1_A	0.094	169	145	501	0.959	0.303	1.814E-01	1.743E-01	6.243E-02	2.719E+00	22
cand-bridge-id76	9c59-assembly1_B	0.151	178	145	587	0.848	0.296	2.810E-01	2.454E-01	9.736E-02	9.266E+00	22
cand-bridge-id76	7wkk-assembly1_m	0.156	141	145	869	0.910	0.146	2.459E-01	2.239E-01	5.868E-02	7.998E+00	22
cand-bridge-id76	6jx6-assembly1_D	0.132	136	145	148	0.800	0.831	2.491E-01	2.038E-01	2.000E-01	7.251E+00	21
cand-bridge-id76	8oyy-assembly2_B	0.190	142	145	232	0.945	0.552	2.355E-01	2.116E-01	1.631E-01	9.266E+00	21
cand-bridge-id76	5n77-assembly1_B	0.117	136	145	257	0.834	0.451	2.275E-01	1.902E-01	1.153E-01	7.615E+00	21
cand-bridge-id76	8ts7-assembly1_B	0.145	144	145	266	0.959	0.519	2.099E-01	1.998E-01	1.180E-01	5.674E+00	21
cand-bridge-id76	6jx6-assembly1_A	0.126	142	145	153	0.959	0.771	2.118E-01	1.798E-01	1.726E-01	7.998E+00	20
cand-bridge-id76	6lkp-assembly1_F-2	0.122	57	145	153	0.345	0.327	3.226E-01	1.281E-01	1.142E-01	9.732E+00	20
cand-bridge-id76	8uao-assembly1_B	0.179	184	145	226	0.972	0.783	1.982E-01	1.929E-01	1.367E-01	5.959E+00	20
cand-bridge-id76	8qai-assembly1_A	0.213	164	145	369	0.979	0.393	2.044E-01	1.991E-01	9.993E-02	7.998E+00	20
cand-bridge-id76	7tvb-assembly1_A	0.154	168	145	558	0.959	0.294	1.870E-01	1.805E-01	5.934E-02	5.402E+00	20
cand-bridge-id76	2cf7-assembly1_I	0.117	128	145	152	0.738	0.658	2.449E-01	1.815E-01	1.745E-01	7.251E+00	19
cand-bridge-id76	8bcy-assembly1_B	0.145	144	145	165	0.959	0.836	1.999E-01	1.910E-01	1.712E-01	7.998E+00	19
cand-bridge-id76	8c7d-assembly1_A	0.182	175	145	195	0.966	0.805	1.590E-01	1.547E-01	1.267E-01	3.150E+00	19
cand-bridge-id76	8tsb-assembly1_B	0.143	139	145	270	0.924	0.493	2.154E-01	1.997E-01	1.163E-01	8.400E+00	19
cand-bridge-id76	1kz7-assembly1_A	0.131	183	145	337	0.945	0.537	2.292E-01	2.175E-01	1.065E-01	8.822E+00	19
cand-bridge-id76	4yon-assembly1_A	0.153	182	145	349	0.945	0.496	2.027E-01	1.918E-01	9.996E-02	6.573E+00	19
cand-bridge-id76	8w20-assembly1_A	0.135	148	145	732	0.938	0.180	1.369E-01	1.592E-01	4.162E-02	3.475E+00	19
cand-bridge-id76	8v8i-assembly2_D	0.145	137	145	222	0.910	0.590	2.130E-01	1.944E-01	1.364E-01	9.266E+00	18
cand-bridge-id76	7p3r-assembly1_C	0.121	156	145	328	0.945	0.454	1.929E-01	1.825E-01	9.140E-02	8.400E+00	18
cand-bridge-id76	2bw1-assembly1_K	0.103	164	145	153	0.959	0.863	1.956E-01	1.803E-01	1.726E-01	8.822E+00	17
cand-siteA-id2	7sh3-assembly1_A	0.166	54	75	63	0.720	0.841	6.735E-01	5.103E-01	5.827E-01	3.548E+00	45
cand-siteA-id2	3fvv-assembly1_A	0.245	61	75	223	0.773	0.265	6.118E-01	4.992E-01	2.006E-01	2.317E+00	45
cand-siteA-id2	8jo4-assembly1_A	0.183	71	75	350	0.893	0.183	7.131E-01	6.136E-01	1.523E-01	5.775E+00	42
cand-siteA-id2	2lse-assembly1_A	0.172	81	75	101	0.973	0.802	5.856E-01	5.688E-01	4.563E-01	3.339E+00	40
cand-siteA-id2	8jo3-assembly1_A	0.183	71	75	350	0.893	0.183	7.141E-01	6.151E-01	1.523E-01	7.368E+00	40
cand-siteA-id2	2pmr-assembly1_A-2	0.170	82	75	76	0.973	0.974	5.627E-01	5.438E-01	5.378E-01	4.811E+00	36
cand-siteA-id2	3t49-assembly1_A	0.109	73	75	70	0.920	0.986	6.127E-01	5.672E-01	5.986E-01	8.844E+00	34
cand-siteA-id2	6jlu-assembly1_g	0.153	52	75	122	0.693	0.426	6.338E-01	4.724E-01	3.180E-01	7.830E+00	34
cand-siteA-id2	4z7x-assembly1_A	0.093	75	75	211	0.973	0.346	4.875E-01	4.735E-01	2.199E-01	6.932E+00	32
cand-siteA-id2	8f4x-assembly1_0	0.260	69	75	67	0.880	0.896	3.661E-01	3.017E-01	3.290E-01	2.782E+00	31
cand-siteA-id2	7bqq-assembly1_A	0.228	92	75	130	0.987	0.708	4.146E-01	4.058E-01	2.635E-01	5.434E+00	31
cand-siteA-id2	4l2m-assembly1_A	0.116	103	75	123	0.933	0.837	4.251E-01	3.964E-01	2.594E-01	4.527E+00	30
cand-siteA-id2	4ons-assembly2_C	0.197	91	75	205	0.973	0.424	4.890E-01	4.724E-01	2.066E-01	7.830E+00	29
cand-siteA-id2	7uni-assembly2_D	0.175	91	75	237	0.973	0.384	4.024E-01	3.908E-01	1.638E-01	3.771E+00	29
cand-siteA-id2	7yh8-assembly2_C	0.263	57	75	62	0.760	0.919	4.997E-01	3.909E-01	4.596E-01	8.844E+00	28
cand-siteA-id2	6lbn-assembly2_B	0.250	44	75	370	0.587	0.111	6.097E-01	3.397E-01	7.249E-02	7.368E+00	28
cand-siteA-id2	8uu6-assembly1_t	0.191	73	75	81	0.960	0.704	4.823E-01	3.761E-01	3.517E-01	9.399E+00	27
cand-siteA-id2	8dz8-assembly6_F	0.182	82	75	95	0.973	0.863	2.854E-01	2.773E-01	2.338E-01	3.142E+00	27
cand-siteA-id2	3aq7-assembly2_B	0.151	99	75	117	0.960	0.829	4.161E-01	3.970E-01	2.680E-01	6.523E+00	27
cand-siteA-id2	5l3r-assembly2_D	0.189	58	75	289	0.733	0.187	4.765E-01	3.839E-01	1.354E-01	7.830E+00	27
cand-siteA-id2	3aq7-assembly1_A	0.154	97	75	117	0.960	0.829	4.145E-01	3.955E-01	2.689E-01	8.322E+00	26
cand-siteA-id2	7sqc-assembly1_R0	0.210	76	75	2070	0.720	0.036	4.913E-01	3.527E-01	1.965E-02	8.844E+00	26
cand-siteA-id2	7sqc-assembly1_R1	0.210	76	75	2080	0.720	0.036	4.901E-01	3.522E-01	1.962E-02	7.830E+00	26
cand-siteA-id2	7dgu-assembly1_A	0.142	63	75	97	0.747	0.649	4.593E-01	3.894E-01	3.319E-01	9.399E+00	25
cand-siteA-id2	6xr2-assembly1_A	0.237	80	75	169	0.893	0.467	3.759E-01	3.391E-01	1.662E-01	6.523E+00	25
cand-siteA-id2	5aji-assembly1_E	0.200	80	75	262	0.973	0.294	3.842E-01	3.715E-01	1.288E-01	6.523E+00	25
cand-siteA-id2	7k3h-assembly1_A	0.156	96	75	104	0.933	0.885	3.552E-01	3.307E-01	2.477E-01	5.775E+00	24
cand-siteA-id2	4cqi-assembly1_A	0.200	70	75	107	0.867	0.645	4.632E-01	4.104E-01	3.075E-01	9.989E+00	24
cand-siteA-id2	5lcz-assembly1_A	0.148	81	75	195	0.947	0.400	3.861E-01	3.677E-01	1.770E-01	9.399E+00	24
cand-siteA-id2	6tqj-assembly1_A	0.267	56	75	81	0.720	0.654	4.497E-01	3.517E-01	3.323E-01	9.989E+00	23
cand-siteA-id2	4wlr-assembly1_A	0.216	83	75	296	0.987	0.270	3.934E-01	3.842E-01	1.153E-01	6.932E+00	23
cand-siteA-id2	6r2g-assembly1_A	0.125	72	75	150	0.960	0.480	3.344E-01	3.225E-01	1.961E-01	9.399E+00	22
cand-siteA-id2	8e0n-assembly1_A	0.275	80	75	171	0.893	0.462	3.765E-01	3.391E-01	1.644E-01	9.989E+00	22
cand-siteA-id2	4i17-assembly1_A	0.148	74	75	224	0.987	0.290	3.404E-01	3.077E-01	1.380E-01	9.399E+00	22
cand-siteA-id2	2oau-assembly1_G	0.200	80	75	254	0.973	0.303	3.537E-01	3.430E-01	1.240E-01	9.989E+00	22
cand-siteA-id2	3nkz-assembly1_B	0.180	83	75	97	0.973	0.711	2.990E-01	2.752E-01	2.225E-01	7.830E+00	20
cand-siteA-id2	6its-assembly1_A	0.219	82	75	147	0.933	0.510	3.055E-01	2.825E-01	1.480E-01	8.844E+00	20
cand-siteA-id2	3kkd-assembly3_B	0.231	82	75	204	0.973	0.373	2.927E-01	2.824E-01	1.211E-01	6.932E+00	20
cand-siteA-id2	6vof-assembly1_Z	0.243	78	75	79	0.987	0.975	2.882E-01	2.836E-01	2.748E-01	9.989E+00	19
cand-siteA-id2	5xua-assembly2_C	0.202	84	75	138	0.973	0.493	2.649E-01	2.399E-01	1.362E-01	7.368E+00	19
cand-siteA-id2	1zuj-assembly1_B	0.209	62	75	168	0.813	0.363	3.236E-01	2.677E-01	1.387E-01	9.399E+00	19
cand-siteA-id2	6fkf-assembly1_T	0.223	76	75	79	0.787	0.924	2.664E-01	2.172E-01	2.082E-01	7.830E+00	16
cand-siteA-id2	6fkf-assembly1_K	0.223	76	75	79	0.787	0.924	2.668E-01	2.174E-01	2.084E-01	7.830E+00	16
cand-siteA-id2	6vol-assembly1_O	0.197	76	75	79	0.787	0.924	2.704E-01	2.197E-01	2.105E-01	9.989E+00	16
cand-siteA-id73	4z9e-assembly1_B	0.156	83	80	85	0.938	0.894	5.607E-01	5.249E-01	5.003E-01	2.670E-02	75
cand-siteA-id73	8i8y-assembly1_B	0.227	66	80	70	0.725	0.900	4.898E-01	3.889E-01	4.251E-01	5.159E-03	71
cand-siteA-id73	4jn6-assembly1_D	0.216	60	80	296	0.700	0.203	6.383E-01	4.875E-01	1.612E-01	1.062E-01	68
cand-siteA-id73	7dl8-assembly1_C	0.093	75	80	98	0.938	0.684	5.609E-01	4.915E-01	4.292E-01	1.797E-01	63
cand-siteA-id73	6nuk-assembly1_A	0.295	61	80	101	0.725	0.564	5.969E-01	4.594E-01	3.818E-01	1.382E-01	63
cand-siteA-id73	7dl8-assembly1_D	0.093	75	80	109	0.938	0.615	5.592E-01	4.920E-01	3.982E-01	2.050E-01	62
cand-siteA-id73	4lrt-assembly1_B	0.163	61	80	295	0.712	0.207	6.202E-01	4.807E-01	1.626E-01	2.050E-01	62
cand-siteA-id73	3qwu-assembly1_B	0.112	71	80	364	0.875	0.173	5.984E-01	4.874E-01	1.251E-01	1.382E-01	62
cand-siteA-id73	8uce-assembly1_B-2	0.186	59	80	379	0.725	0.129	7.506E-01	4.967E-01	1.188E-01	3.957E-01	61
cand-siteA-id73	8ucg-assembly1_B	0.172	58	80	379	0.725	0.129	7.503E-01	4.970E-01	1.199E-01	3.705E-01	61
cand-siteA-id73	9imh-assembly1_B	0.105	76	80	159	0.700	0.478	6.564E-01	5.004E-01	2.834E-01	2.497E-01	60
cand-siteA-id73	1udv-assembly1_A	0.088	79	80	88	0.938	0.818	5.738E-01	5.288E-01	4.959E-01	2.848E-01	59
cand-siteA-id73	6wi5-assembly2_B	0.214	56	80	90	0.700	0.567	6.355E-01	4.526E-01	4.128E-01	3.248E-01	58
cand-siteA-id73	7z3s-assembly1_A	0.140	57	80	292	0.675	0.188	6.778E-01	4.932E-01	1.572E-01	3.248E-01	58
cand-siteA-id73	5eou-assembly2_B	0.131	91	80	352	0.938	0.256	4.549E-01	4.293E-01	1.286E-01	5.877E-02	58
cand-siteA-id73	7m3h-assembly1_B	0.149	67	80	410	0.725	0.163	6.554E-01	5.101E-01	1.242E-01	3.469E-01	58
cand-siteA-id73	6dzs-assembly1_A	0.189	58	80	431	0.725	0.116	7.282E-01	4.939E-01	1.076E-01	4.819E-01	58
cand-siteA-id73	8xap-assembly1_A	0.144	76	80	81	0.950	0.827	4.819E-01	4.306E-01	4.273E-01	1.211E-01	57
cand-siteA-id73	8fxr-assembly1_AT	0.125	72	80	155	0.700	0.458	5.092E-01	4.051E-01	2.522E-01	1.134E-01	57
cand-siteA-id73	3wbm-assembly1_B	0.126	79	80	84	0.950	0.845	5.762E-01	5.223E-01	5.039E-01	3.705E-01	56
cand-siteA-id73	2w9f-assembly1_B	0.177	62	80	261	0.725	0.234	6.007E-01	4.661E-01	1.747E-01	3.041E-01	56
cand-siteA-id73	5lmr-assembly1_X	0.101	79	80	168	0.938	0.423	6.233E-01	5.662E-01	3.136E-01	5.147E-01	55
cand-siteA-id73	8fwm-assembly1_AS	0.125	72	80	171	0.700	0.415	5.068E-01	4.029E-01	2.337E-01	1.476E-01	55
cand-siteA-id73	8tiw-assembly1_C	0.085	70	80	209	0.738	0.325	6.294E-01	4.831E-01	2.072E-01	3.248E-01	55
cand-siteA-id73	1y9x-assembly1_B	0.116	86	80	97	0.950	0.804	5.090E-01	4.876E-01	4.238E-01	1.683E-01	54
cand-siteA-id73	7qep-assembly1_D4	0.116	60	80	127	0.738	0.465	4.946E-01	4.040E-01	2.892E-01	1.062E-01	54
cand-siteA-id73	7avy-assembly1_A	0.163	61	80	270	0.725	0.215	6.081E-01	4.732E-01	1.692E-01	3.248E-01	54
cand-siteA-id73	8ih7-assembly1_D	0.111	72	80	311	0.725	0.232	6.484E-01	5.079E-01	1.590E-01	3.957E-01	54
cand-siteA-id73	5eoy-assembly1_B	0.132	68	80	354	0.762	0.181	5.139E-01	4.156E-01	1.254E-01	1.797E-01	54
cand-siteA-id73	1nh9-assembly1_A	0.194	72	80	80	0.887	0.812	5.082E-01	4.417E-01	4.417E-01	2.667E-01	53
cand-siteA-id73	2bky-assembly1_A	0.127	86	80	89	0.950	0.876	5.288E-01	5.025E-01	4.612E-01	3.041E-01	53
cand-siteA-id73	8p5d-assembly1_LX0	0.134	67	80	112	0.837	0.500	5.733E-01	4.297E-01	3.258E-01	2.497E-01	53
cand-siteA-id73	7u7o-assembly1_C	0.086	69	80	216	0.725	0.310	6.165E-01	4.640E-01	1.935E-01	3.705E-01	53
cand-siteA-id73	7spm-assembly1_C	0.088	68	80	221	0.712	0.299	6.202E-01	4.631E-01	1.906E-01	3.705E-01	53
cand-siteA-id73	8aan-assembly1_A	0.086	69	80	228	0.725	0.294	6.308E-01	4.763E-01	1.882E-01	4.225E-01	53
cand-siteA-id73	8ucf-assembly1_A	0.178	73	80	381	0.887	0.165	6.180E-01	5.008E-01	1.196E-01	4.225E-01	53
cand-siteA-id73	4v61-assembly1_BV	0.205	68	80	85	0.850	0.659	5.770E-01	4.355E-01	4.149E-01	2.848E-01	52
cand-siteA-id73	7uxy-assembly1_C	0.086	69	80	213	0.725	0.315	6.301E-01	4.745E-01	1.998E-01	4.513E-01	52
cand-siteA-id73	5tvo-assembly1_A	0.136	66	80	255	0.738	0.227	5.679E-01	4.313E-01	1.538E-01	2.338E-01	52
cand-siteA-id73	8uch-assembly1_A-2	0.191	73	80	380	0.850	0.166	6.123E-01	4.954E-01	1.187E-01	4.513E-01	52
cand-siteA-id73	3ctr-assembly1_A	0.066	60	80	75	0.725	0.627	6.262E-01	4.042E-01	4.268E-01	5.497E-01	51
cand-siteA-id73	1vr4-assembly1_B	0.100	60	80	82	0.712	0.720	5.511E-01	4.298E-01	4.221E-01	4.225E-01	51
cand-siteA-id73	5c2u-assembly1_A	0.103	58	80	116	0.675	0.474	7.129E-01	5.117E-01	3.711E-01	1.061E+00	51
cand-siteA-id73	7ohv-assembly1_X	0.136	66	80	127	0.825	0.425	5.011E-01	3.656E-01	2.542E-01	2.497E-01	51
cand-siteA-id73	8tiz-assembly1_C	0.085	70	80	210	0.738	0.324	6.323E-01	4.837E-01	2.064E-01	5.497E-01	51
cand-siteA-id73	4wsq-assembly2_B	0.087	57	80	310	0.700	0.181	6.291E-01	4.734E-01	1.488E-01	7.636E-01	51
cand-siteA-id73	7m66-assembly2_D	0.106	66	80	357	0.712	0.185	6.438E-01	4.979E-01	1.389E-01	8.155E-01	51
cand-siteA-id73	1hwi-assembly1_A	0.045	66	80	393	0.725	0.165	6.693E-01	5.115E-01	1.262E-01	7.636E-01	51
cand-siteA-id73	2qa4-assembly1_S	0.119	67	80	81	0.837	0.691	5.612E-01	4.192E-01	4.149E-01	4.513E-01	50
cand-siteA-id73	2ww9-assembly1_K	0.153	65	80	83	0.812	0.687	4.774E-01	3.577E-01	3.466E-01	2.497E-01	50
cand-siteA-id73	8xap-assembly2_B	0.185	81	80	86	0.950	0.837	4.874E-01	4.500E-01	4.281E-01	1.683E-01	50
cand-siteA-id73	8c97-assembly1_S	0.195	92	80	93	0.700	0.957	5.448E-01	4.013E-01	3.527E-01	3.469E-01	50
cand-siteA-id73	2q3v-assembly1_A	0.142	77	80	93	0.887	0.742	5.606E-01	5.007E-01	4.476E-01	5.870E-01	50
cand-siteA-id73	8kea-assembly1_W	0.081	49	80	113	0.613	0.425	7.497E-01	4.862E-01	3.602E-01	9.934E-01	50
cand-siteA-id73	6rm3-assembly1_SY0	0.153	65	80	125	0.725	0.464	4.258E-01	3.423E-01	2.477E-01	5.503E-02	50
cand-siteA-id73	6yly-assembly1_X	0.140	64	80	141	0.800	0.397	4.960E-01	3.751E-01	2.433E-01	3.041E-01	50
cand-siteA-id73	8tiv-assembly1_C	0.086	69	80	208	0.725	0.322	6.217E-01	4.705E-01	2.031E-01	5.870E-01	50
cand-siteA-id73	7uog-assembly1_C	0.086	69	80	214	0.725	0.313	6.269E-01	4.740E-01	1.987E-01	5.497E-01	50
cand-siteA-id73	5yac-assembly1_A	0.116	60	80	330	0.712	0.167	4.504E-01	3.287E-01	1.148E-01	1.683E-01	50
cand-siteA-id73	8tdl-assembly1_A	0.158	63	80	364	0.712	0.162	5.977E-01	4.616E-01	1.263E-01	4.513E-01	50
cand-siteA-id73	3ku7-assembly1_A	0.087	57	80	61	0.712	0.869	6.083E-01	4.452E-01	5.436E-01	5.870E-01	49
cand-siteA-id73	4v5z-assembly1_Bs	0.107	65	80	78	0.812	0.731	4.911E-01	3.768E-01	3.828E-01	3.248E-01	49
cand-siteA-id73	7ohr-assembly1_X	0.136	66	80	135	0.825	0.400	4.965E-01	3.611E-01	2.400E-01	2.848E-01	49
cand-siteA-id73	8tir-assembly1_C	0.085	70	80	212	0.738	0.321	6.328E-01	4.839E-01	2.046E-01	7.150E-01	49
cand-siteA-id73	2w96-assembly1_B	0.177	62	80	267	0.725	0.228	5.992E-01	4.671E-01	1.709E-01	6.269E-01	49
cand-siteA-id73	4atn-assembly1_A	0.093	75	80	357	0.900	0.202	5.811E-01	5.348E-01	1.596E-01	6.695E-01	49
cand-siteA-id73	6az3-assembly1_V	0.153	65	80	118	0.812	0.458	5.800E-01	4.220E-01	3.053E-01	4.819E-01	48
cand-siteA-id73	7ufx-assembly1_C	0.085	70	80	210	0.738	0.324	6.330E-01	4.838E-01	2.063E-01	7.636E-01	48
cand-siteA-id73	7ur0-assembly1_C	0.086	69	80	212	0.725	0.316	6.292E-01	4.756E-01	2.011E-01	7.636E-01	48
cand-siteA-id73	6p8f-assembly1_B	0.190	63	80	262	0.725	0.218	5.765E-01	4.379E-01	1.592E-01	5.147E-01	48
cand-siteA-id73	7wrs-assembly1_B	0.076	91	80	280	0.950	0.311	4.144E-01	3.956E-01	1.598E-01	2.050E-01	48
cand-siteA-id73	3g33-assembly1_C	0.174	63	80	291	0.725	0.213	4.726E-01	3.788E-01	1.395E-01	1.797E-01	48
cand-siteA-id73	8tdm-assembly1_A	0.180	61	80	467	0.700	0.124	5.168E-01	4.085E-01	9.637E-02	3.957E-01	48
cand-siteA-id73	4evu-assembly2_B	0.228	57	80	68	0.712	0.765	4.441E-01	3.224E-01	3.606E-01	2.338E-01	47
cand-siteA-id73	8c95-assembly1_S	0.191	94	80	94	0.712	0.968	5.397E-01	4.062E-01	3.540E-01	4.819E-01	47
cand-siteA-id73	2lqj-assembly1_A	0.125	56	80	94	0.700	0.532	6.825E-01	4.617E-01	4.036E-01	1.133E+00	47
cand-siteA-id73	7dl8-assembly1_A	0.115	78	80	114	0.938	0.596	5.279E-01	4.697E-01	3.648E-01	7.150E-01	47
cand-siteA-id73	7r6q-assembly1_N	0.092	65	80	131	0.800	0.473	5.367E-01	4.394E-01	2.975E-01	5.497E-01	47
cand-siteA-id73	8tip-assembly1_C	0.086	69	80	215	0.725	0.312	6.273E-01	4.741E-01	1.979E-01	8.155E-01	47
cand-siteA-id73	6p8h-assembly1_B	0.196	61	80	258	0.700	0.217	5.401E-01	4.029E-01	1.504E-01	4.513E-01	47
cand-siteA-id73	5eq6-assembly1_B	0.108	92	80	352	0.900	0.250	4.549E-01	4.173E-01	1.261E-01	2.338E-01	47
cand-siteA-id73	3ab4-assembly1_A	0.163	61	80	370	0.762	0.146	5.991E-01	4.398E-01	1.195E-01	6.695E-01	47
cand-siteA-id73	1hwj-assembly1_D	0.092	65	80	392	0.738	0.163	5.947E-01	4.695E-01	1.242E-01	6.695E-01	47
cand-siteA-id73	5yei-assembly2_E	0.200	60	80	397	0.750	0.134	5.807E-01	4.234E-01	1.098E-01	7.150E-01	47
cand-siteA-id73	6th6-assembly1_BW	0.166	54	80	85	0.675	0.541	5.822E-01	3.739E-01	3.557E-01	6.695E-01	46
cand-siteA-id73	8xao-assembly1_B	0.114	87	80	92	0.950	0.848	4.714E-01	4.480E-01	4.006E-01	3.248E-01	46
cand-siteA-id73	8b2l-assembly1_k3	0.123	65	80	117	0.812	0.462	5.543E-01	4.028E-01	2.927E-01	4.513E-01	46
cand-siteA-id73	8bip-assembly1_LX	0.125	64	80	121	0.800	0.430	4.721E-01	3.381E-01	2.445E-01	3.248E-01	46
cand-siteA-id73	8c3a-assembly1_8	0.142	56	80	121	0.700	0.397	6.152E-01	4.093E-01	2.905E-01	6.695E-01	46
cand-siteA-id73	8hqo-assembly1_a	0.092	76	80	160	0.700	0.475	6.735E-01	5.035E-01	2.771E-01	1.380E+00	46
cand-siteA-id73	3nvr-assembly1_B	0.114	61	80	178	0.762	0.315	5.477E-01	3.956E-01	2.151E-01	7.150E-01	46
cand-siteA-id73	8jwe-assembly1_A	0.161	62	80	281	0.700	0.206	5.963E-01	4.573E-01	1.575E-01	8.155E-01	46
cand-siteA-id73	7dl8-assembly1_B	0.103	77	80	110	0.938	0.600	5.189E-01	4.539E-01	3.630E-01	8.709E-01	45
cand-siteA-id73	2crq-assembly1_A	0.123	73	80	112	0.887	0.616	4.545E-01	4.140E-01	3.397E-01	4.225E-01	45
cand-siteA-id73	6cb1-assembly1_X	0.134	52	80	141	0.650	0.312	5.390E-01	3.352E-01	2.149E-01	6.695E-01	45
cand-siteA-id73	7ohq-assembly1_X	0.125	64	80	141	0.800	0.369	4.769E-01	3.389E-01	2.203E-01	4.225E-01	45
cand-siteA-id73	8esr-assembly1_N	0.109	64	80	165	0.800	0.352	5.449E-01	4.259E-01	2.401E-01	9.301E-01	45
cand-siteA-id73	6p8g-assembly1_B	0.190	63	80	259	0.725	0.224	5.517E-01	4.259E-01	1.592E-01	6.269E-01	45
cand-siteA-id73	1zxe-assembly3_E	0.120	58	80	264	0.700	0.197	5.730E-01	4.134E-01	1.523E-01	6.269E-01	45
cand-siteA-id73	1hw8-assembly1_A	0.093	64	80	404	0.725	0.156	5.871E-01	4.582E-01	1.188E-01	8.155E-01	45
cand-siteA-id73	8tdj-assembly1_B	0.161	62	80	467	0.700	0.124	5.950E-01	4.556E-01	9.880E-02	8.709E-01	45
cand-siteA-id73	2kxo-assembly1_B	0.119	67	80	89	0.738	0.708	4.544E-01	3.724E-01	3.473E-01	4.225E-01	44
cand-siteA-id73	2jvf-assembly1_A	0.129	77	80	94	0.962	0.713	4.939E-01	4.416E-01	3.992E-01	6.269E-01	44
cand-siteA-id73	9axt-assembly1_Bj	0.156	64	80	118	0.800	0.458	5.859E-01	4.278E-01	3.109E-01	9.934E-01	44
cand-siteA-id73	4n2p-assembly1_A	0.112	62	80	143	0.725	0.385	4.971E-01	3.721E-01	2.455E-01	6.269E-01	44
cand-siteA-id73	6kny-assembly1_A	0.137	58	80	173	0.700	0.283	5.810E-01	4.020E-01	2.142E-01	8.155E-01	44
cand-siteA-id73	7po1-assembly1_8	0.129	77	80	191	0.938	0.382	4.822E-01	4.514E-01	2.484E-01	5.147E-01	44
cand-siteA-id73	6nf8-assembly1_z	0.129	77	80	207	0.938	0.353	5.210E-01	4.877E-01	2.471E-01	8.709E-01	44
cand-siteA-id73	2w9z-assembly1_B	0.183	60	80	287	0.725	0.206	4.799E-01	3.869E-01	1.449E-01	3.469E-01	44
cand-siteA-id73	7n5e-assembly1_A	0.131	61	80	316	0.712	0.187	6.536E-01	5.040E-01	1.546E-01	1.574E+00	44
cand-siteA-id73	7n5d-assembly1_B	0.174	63	80	371	0.712	0.159	5.993E-01	4.625E-01	1.244E-01	1.210E+00	44
cand-siteA-id73	7n5f-assembly1_A	0.131	61	80	386	0.712	0.153	6.536E-01	5.041E-01	1.285E-01	1.574E+00	44
cand-siteA-id73	1hwk-assembly1_D	0.092	65	80	387	0.738	0.165	5.931E-01	4.683E-01	1.254E-01	9.301E-01	44
cand-siteA-id73	4v42-assembly1_BT	0.149	67	80	76	0.837	0.724	4.998E-01	3.713E-01	3.845E-01	7.636E-01	43
cand-siteA-id73	2mew-assembly1_A	0.086	58	80	82	0.725	0.646	6.564E-01	4.806E-01	4.715E-01	2.048E+00	43
cand-siteA-id73	7r72-assembly1_X	0.125	64	80	98	0.800	0.531	4.853E-01	3.475E-01	2.946E-01	5.870E-01	43
cand-siteA-id73	5xy3-assembly1_X	0.136	66	80	101	0.825	0.554	5.792E-01	4.301E-01	3.559E-01	1.133E+00	43
cand-siteA-id73	6lss-assembly1_g	0.093	64	80	118	0.800	0.458	5.729E-01	4.173E-01	3.016E-01	9.301E-01	43
cand-siteA-id73	6xu7-assembly1_CX	0.149	67	80	120	0.837	0.492	5.187E-01	4.055E-01	2.938E-01	7.636E-01	43
cand-siteA-id73	2w99-assembly1_B	0.177	62	80	291	0.725	0.210	5.724E-01	4.489E-01	1.555E-01	1.133E+00	43
cand-siteA-id73	5ikw-assembly1_A	0.169	59	80	297	0.725	0.185	5.420E-01	4.112E-01	1.417E-01	8.709E-01	43
cand-siteA-id73	1blx-assembly1_A	0.142	63	80	305	0.725	0.200	6.155E-01	4.758E-01	1.513E-01	1.380E+00	43
cand-siteA-id73	2r4f-assembly1_B	0.130	69	80	405	0.738	0.163	6.488E-01	5.073E-01	1.217E-01	1.917E+00	43
cand-siteA-id73	5fii-assembly1_C	0.175	57	80	76	0.700	0.632	6.039E-01	3.801E-01	3.964E-01	1.292E+00	42
cand-siteA-id73	9e7f-assembly1_AU	0.151	66	80	81	0.825	0.679	5.408E-01	3.996E-01	3.955E-01	9.934E-01	42
cand-siteA-id73	7qiz-assembly1_Z	0.126	63	80	117	0.788	0.444	5.463E-01	3.848E-01	2.795E-01	6.269E-01	42
cand-siteA-id73	8a3w-assembly1_V	0.153	65	80	118	0.812	0.458	5.902E-01	4.288E-01	3.096E-01	1.061E+00	42
cand-siteA-id73	5xxb-assembly1_W	0.164	67	80	127	0.837	0.465	5.692E-01	4.425E-01	3.015E-01	1.061E+00	42
cand-siteA-id73	5yei-assembly2_F	0.200	60	80	151	0.750	0.351	5.746E-01	4.195E-01	2.503E-01	1.292E+00	42
cand-siteA-id73	7uqb-assembly1_N	0.100	70	80	189	0.800	0.370	5.133E-01	4.276E-01	2.145E-01	9.934E-01	42
cand-siteA-id73	4v6u-assembly1_BM	0.075	79	80	194	0.762	0.407	5.174E-01	4.179E-01	2.026E-01	8.709E-01	42
cand-siteA-id73	8ac8-assembly2_A	0.086	69	80	217	0.725	0.309	6.341E-01	4.781E-01	1.997E-01	1.681E+00	42
cand-siteA-id73	6ke6-assembly1_3C	0.153	65	80	225	0.738	0.267	5.649E-01	4.488E-01	1.930E-01	9.301E-01	42
cand-siteA-id73	1hwl-assembly1_D	0.092	65	80	382	0.738	0.168	5.925E-01	4.682E-01	1.269E-01	1.292E+00	42
cand-siteA-id73	1dq8-assembly1_D	0.092	65	80	407	0.738	0.157	5.961E-01	4.706E-01	1.202E-01	1.210E+00	42
cand-siteA-id73	8xao-assembly1_A	0.129	77	80	81	0.950	0.877	4.929E-01	4.568E-01	4.534E-01	1.133E+00	41
cand-siteA-id73	6u5k-assembly1_B	0.220	50	80	99	0.600	0.505	7.399E-01	4.864E-01	4.054E-01	2.494E+00	41
cand-siteA-id73	5evg-assembly1_A	0.112	62	80	101	0.712	0.604	5.163E-01	4.037E-01	3.394E-01	7.150E-01	41
cand-siteA-id73	4u4r-assembly2_n5	0.134	67	80	120	0.837	0.467	4.836E-01	3.665E-01	2.656E-01	8.709E-01	41
cand-siteA-id73	6uz7-assembly1_AX	0.125	64	80	121	0.800	0.430	4.910E-01	3.463E-01	2.470E-01	5.497E-01	41
cand-siteA-id73	8g4s-assembly1_W	0.171	76	80	129	0.950	0.481	5.962E-01	4.923E-01	3.429E-01	1.681E+00	41
cand-siteA-id73	8eti-assembly1_N	0.106	66	80	166	0.800	0.355	5.348E-01	4.185E-01	2.318E-01	1.474E+00	41
cand-siteA-id73	2z9o-assembly1_B	0.116	86	80	218	0.900	0.385	5.558E-01	5.098E-01	2.309E-01	1.210E+00	41
cand-siteA-id73	7o4o-assembly1_A	0.056	71	80	226	0.887	0.252	4.714E-01	3.879E-01	1.841E-01	4.513E-01	41
cand-siteA-id73	8bgt-assembly1_A	0.149	87	80	319	0.938	0.270	4.456E-01	4.251E-01	1.536E-01	5.497E-01	41
cand-siteA-id73	2n7c-assembly1_A	0.142	56	80	89	0.688	0.517	5.877E-01	3.845E-01	3.527E-01	1.061E+00	40
cand-siteA-id73	8ove-assembly1_BX	0.138	65	80	117	0.812	0.462	5.117E-01	3.742E-01	2.746E-01	1.210E+00	40
cand-siteA-id73	4v8p-assembly4_GR	0.151	66	80	121	0.825	0.446	5.655E-01	4.103E-01	2.933E-01	1.133E+00	40
cand-siteA-id73	6ft6-assembly1_X	0.136	66	80	122	0.825	0.443	4.866E-01	3.573E-01	2.594E-01	1.061E+00	40
cand-siteA-id73	6j0n-assembly1_D	0.185	54	80	127	0.613	0.417	5.708E-01	4.038E-01	2.805E-01	9.301E-01	40
cand-siteA-id73	8ezw-assembly2_B	0.150	73	80	132	0.712	0.538	3.873E-01	2.956E-01	2.107E-01	2.497E-01	40
cand-siteA-id73	8fky-assembly1_LH	0.093	64	80	135	0.800	0.385	4.832E-01	3.419E-01	2.265E-01	8.709E-01	40
cand-siteA-id73	4adx-assembly1_M	0.123	73	80	182	0.712	0.401	4.145E-01	3.238E-01	1.763E-01	2.848E-01	40
cand-siteA-id73	6lyn-assembly2_D	0.048	62	80	182	0.712	0.225	6.218E-01	3.381E-01	1.558E-01	1.292E+00	40
cand-siteA-id73	7bt6-assembly1_N	0.093	64	80	183	0.800	0.350	5.379E-01	4.524E-01	2.363E-01	1.681E+00	40
cand-siteA-id73	6cww-assembly1_A	0.114	61	80	185	0.750	0.297	5.529E-01	3.958E-01	2.057E-01	1.574E+00	40
cand-siteA-id73	3nvu-assembly1_B	0.114	61	80	188	0.750	0.293	5.352E-01	3.887E-01	2.035E-01	1.380E+00	40
cand-siteA-id73	4v6i-assembly1_BP	0.092	76	80	193	0.725	0.394	4.496E-01	3.587E-01	1.842E-01	5.147E-01	40
cand-siteA-id73	2e1b-assembly1_A	0.126	126	80	216	1.000	0.560	5.431E-01	5.372E-01	2.206E-01	1.474E+00	40
cand-siteA-id73	5aji-assembly1_E	0.135	59	80	262	0.700	0.210	6.085E-01	4.596E-01	1.693E-01	1.574E+00	40
cand-siteA-id73	2aus-assembly2_A	0.250	60	80	309	0.725	0.181	6.052E-01	4.618E-01	1.467E-01	1.795E+00	40
cand-siteA-id73	6zxw-assembly1_G	0.173	75	80	321	0.925	0.184	5.636E-01	4.580E-01	1.494E-01	1.380E+00	40
cand-siteA-id73	4ar8-assembly2_B	0.061	65	80	389	0.700	0.165	5.541E-01	4.254E-01	1.185E-01	1.380E+00	40
cand-siteA-id73	7lu4-assembly1_A	0.179	67	80	978	0.725	0.062	6.746E-01	5.066E-01	5.009E-02	3.038E+00	40
cand-siteA-id73	2qn6-assembly1_B	0.250	56	80	90	0.675	0.600	4.914E-01	3.760E-01	3.466E-01	6.695E-01	39
cand-siteA-id73	6eri-assembly1_AT	0.191	68	80	92	0.850	0.609	5.639E-01	4.238E-01	3.786E-01	1.292E+00	39
cand-siteA-id73	5mmm-assembly1_U	0.220	68	80	96	0.850	0.583	6.022E-01	4.522E-01	3.901E-01	2.048E+00	39
cand-siteA-id73	3ueb-assembly2_C	0.106	66	80	103	0.700	0.631	5.902E-01	4.548E-01	3.742E-01	1.795E+00	39
cand-siteA-id73	8bsj-assembly1_LY	0.123	65	80	113	0.812	0.478	5.646E-01	4.090E-01	3.060E-01	1.292E+00	39
cand-siteA-id73	2x3g-assembly1_A-2	0.106	75	80	116	0.925	0.560	5.469E-01	4.632E-01	3.454E-01	1.795E+00	39
cand-siteA-id73	7tor-assembly1_AL25	0.092	65	80	118	0.812	0.458	4.826E-01	3.526E-01	2.606E-01	1.061E+00	39
cand-siteA-id73	4d5y-assembly1_X	0.079	63	80	119	0.788	0.437	4.755E-01	3.401E-01	2.467E-01	9.934E-01	39
cand-siteA-id73	8pv5-assembly1_LX	0.140	64	80	122	0.800	0.426	5.370E-01	3.783E-01	2.662E-01	9.301E-01	39
cand-siteA-id73	9e7f-assembly1_AM	0.131	91	80	184	0.850	0.489	4.690E-01	4.063E-01	2.038E-01	8.709E-01	39
cand-siteA-id73	3eey-assembly4_I	0.151	79	80	186	0.913	0.392	4.599E-01	4.291E-01	2.282E-01	1.061E+00	39
cand-siteA-id73	3gku-assembly1_A	0.135	81	80	206	0.975	0.325	4.814E-01	4.306E-01	2.201E-01	9.301E-01	39
cand-siteA-id73	7olv-assembly1_A	0.152	59	80	273	0.700	0.198	5.178E-01	3.965E-01	1.489E-01	7.636E-01	39
cand-siteA-id73	5di1-assembly1_A	0.087	57	80	285	0.700	0.193	5.516E-01	4.242E-01	1.526E-01	1.574E+00	39
cand-siteA-id73	7lvi-assembly1_A	0.084	59	80	294	0.725	0.187	6.316E-01	4.688E-01	1.541E-01	3.038E+00	39
cand-siteA-id73	7phy-assembly1_A	0.145	62	80	732	0.675	0.067	5.232E-01	3.295E-01	4.607E-02	8.709E-01	39
cand-siteA-id73	4v7h-assembly1_BT	0.142	56	80	80	0.700	0.600	5.450E-01	3.739E-01	3.739E-01	1.681E+00	38
cand-siteA-id73	6fbl-assembly1_A	0.203	59	80	86	0.688	0.616	5.563E-01	4.112E-01	3.889E-01	1.380E+00	38
cand-siteA-id73	2qlw-assembly1_A	0.116	60	80	108	0.725	0.556	5.970E-01	4.650E-01	3.689E-01	2.494E+00	38
cand-siteA-id73	2zfd-assembly1_B	0.082	85	80	116	0.837	0.672	5.048E-01	4.330E-01	3.215E-01	1.380E+00	38
cand-siteA-id73	8ia0-assembly1_LX	0.142	63	80	137	0.788	0.401	4.759E-01	3.574E-01	2.300E-01	8.709E-01	38
cand-siteA-id73	8ipx-assembly1_g	0.079	63	80	145	0.788	0.359	5.440E-01	3.796E-01	2.301E-01	1.133E+00	38
cand-siteA-id73	3eey-assembly5_G	0.170	82	80	179	0.925	0.413	4.335E-01	4.081E-01	2.301E-01	9.934E-01	38
cand-siteA-id73	6ylx-assembly1_N	0.111	63	80	180	0.788	0.333	5.591E-01	4.487E-01	2.344E-01	1.917E+00	38
cand-siteA-id73	8k5l-assembly2_C	0.133	90	80	201	0.850	0.448	4.968E-01	4.321E-01	1.950E-01	1.061E+00	38
cand-siteA-id73	2z9o-assembly1_A	0.084	71	80	222	0.725	0.302	5.952E-01	4.517E-01	1.857E-01	2.048E+00	38
cand-siteA-id73	7a46-assembly1_A	0.125	64	80	223	0.712	0.287	5.581E-01	4.256E-01	1.853E-01	1.061E+00	38
cand-siteA-id73	6sw9-assembly1_9	0.211	71	80	253	0.837	0.273	5.395E-01	4.684E-01	1.826E-01	1.380E+00	38
cand-siteA-id73	3t9n-assembly1_A	0.137	58	80	266	0.688	0.203	5.674E-01	4.257E-01	1.571E-01	1.574E+00	38
cand-siteA-id73	5tvf-assembly2_D	0.140	64	80	271	0.738	0.214	5.825E-01	4.379E-01	1.480E-01	1.795E+00	38
cand-siteA-id73	7csl-assembly2_D	0.107	56	80	88	0.663	0.568	5.747E-01	4.157E-01	3.870E-01	2.187E+00	37
cand-siteA-id73	1tig-assembly1_A	0.100	70	80	88	0.837	0.716	4.062E-01	3.518E-01	3.333E-01	8.155E-01	37
cand-siteA-id73	6rm3-assembly1_LX0	0.088	68	80	93	0.850	0.602	4.963E-01	3.793E-01	3.382E-01	1.474E+00	37
cand-siteA-id73	6zu5-assembly1_LX0	0.121	66	80	98	0.825	0.561	5.844E-01	4.338E-01	3.686E-01	2.335E+00	37
cand-siteA-id73	6hhn-assembly1_A-2	0.096	62	80	99	0.712	0.586	5.455E-01	4.177E-01	3.574E-01	1.574E+00	37
cand-siteA-id73	8tpu-assembly1_AY	0.121	66	80	101	0.825	0.535	5.025E-01	3.685E-01	3.064E-01	1.681E+00	37
cand-siteA-id73	2k3i-assembly1_A	0.137	58	80	109	0.725	0.514	5.056E-01	3.932E-01	3.137E-01	1.917E+00	37
cand-siteA-id73	1n5v-assembly1_B	0.157	57	80	112	0.688	0.491	5.391E-01	4.191E-01	3.264E-01	1.681E+00	37
cand-siteA-id73	7oyb-assembly1_X1	0.106	66	80	117	0.825	0.462	5.510E-01	3.982E-01	2.911E-01	1.574E+00	37
cand-siteA-id73	7oyc-assembly1_X1	0.109	64	80	119	0.800	0.437	4.910E-01	3.486E-01	2.542E-01	1.133E+00	37
cand-siteA-id73	3j77-assembly1_75	0.121	66	80	121	0.825	0.446	5.371E-01	3.967E-01	2.855E-01	1.574E+00	37
cand-siteA-id73	8esr-assembly1_X	0.166	66	80	132	0.825	0.409	5.786E-01	4.235E-01	2.809E-01	2.048E+00	37
cand-siteA-id73	8e5t-assembly1_N	0.093	64	80	148	0.800	0.385	5.514E-01	4.234E-01	2.621E-01	2.494E+00	37
cand-siteA-id73	5lmv-assembly1_X	0.148	81	80	164	0.975	0.451	3.891E-01	3.651E-01	2.323E-01	5.870E-01	37
cand-siteA-id73	5z3g-assembly1_R	0.114	61	80	175	0.762	0.303	5.283E-01	3.736E-01	2.017E-01	2.187E+00	37
cand-siteA-id73	6cb1-assembly1_N	0.093	64	80	176	0.800	0.324	5.506E-01	4.231E-01	2.263E-01	2.664E+00	37
cand-siteA-id73	8v87-assembly1_N	0.123	73	80	189	0.800	0.370	5.356E-01	4.462E-01	2.198E-01	1.917E+00	37
cand-siteA-id73	1yij-assembly1_M	0.101	79	80	194	0.712	0.376	4.066E-01	3.181E-01	1.620E-01	4.225E-01	37
cand-siteA-id73	2oau-assembly1_G	0.133	60	80	254	0.700	0.217	5.860E-01	4.444E-01	1.699E-01	2.187E+00	37
cand-siteA-id73	3t9n-assembly1_D	0.125	56	80	265	0.688	0.200	6.224E-01	4.602E-01	1.677E-01	3.038E+00	37
cand-siteA-id73	3cw2-assembly4_H	0.237	59	80	266	0.688	0.214	5.577E-01	4.258E-01	1.614E-01	1.795E+00	37
cand-siteA-id73	5tf9-assembly2_B	0.145	55	80	266	0.663	0.207	4.548E-01	3.594E-01	1.490E-01	7.150E-01	37
cand-siteA-id73	6vxn-assembly1_A	0.138	65	80	266	0.738	0.237	6.688E-01	5.213E-01	1.843E-01	3.465E+00	37
cand-siteA-id73	7sj3-assembly1_A	0.183	60	80	274	0.725	0.201	4.988E-01	3.802E-01	1.428E-01	1.133E+00	37
cand-siteA-id73	6lyp-assembly1_A	0.114	61	80	287	0.712	0.206	6.987E-01	5.286E-01	1.712E-01	4.507E+00	37
cand-siteA-id73	6zxy-assembly1_B	0.131	76	80	321	0.938	0.187	5.399E-01	4.428E-01	1.468E-01	1.574E+00	37
cand-siteA-id73	5e72-assembly1_A	0.113	79	80	323	0.988	0.195	5.060E-01	4.365E-01	1.523E-01	1.474E+00	37
cand-siteA-id73	5eou-assembly1_A	0.120	91	80	333	0.938	0.216	4.086E-01	3.693E-01	1.027E-01	4.225E-01	37
cand-siteA-id73	1hwj-assembly1_C	0.092	65	80	408	0.738	0.157	5.930E-01	4.684E-01	1.198E-01	2.335E+00	37
cand-siteA-id73	6dzs-assembly2_C	0.196	56	80	428	0.688	0.114	5.261E-01	3.854E-01	9.722E-02	1.061E+00	37
cand-siteA-id73	3vke-assembly1_A	0.192	57	80	76	0.675	0.671	3.783E-01	2.754E-01	2.851E-01	5.147E-01	36
cand-siteA-id73	5mlc-assembly1_V	0.205	68	80	91	0.850	0.615	5.877E-01	4.423E-01	3.990E-01	2.494E+00	36
cand-siteA-id73	5x8t-assembly1_U	0.205	68	80	92	0.850	0.609	5.940E-01	4.461E-01	3.986E-01	2.845E+00	36
cand-siteA-id73	7qep-assembly1_N5	0.098	51	80	93	0.637	0.462	5.309E-01	3.390E-01	3.019E-01	1.681E+00	36
cand-siteA-id73	1vr4-assembly1_C	0.131	76	80	99	0.712	0.768	4.604E-01	3.743E-01	3.243E-01	1.380E+00	36
cand-siteA-id73	4v8m-assembly1_BX	0.136	66	80	121	0.825	0.446	5.057E-01	3.709E-01	2.728E-01	1.917E+00	36
cand-siteA-id73	3ab4-assembly2_F	0.166	60	80	148	0.750	0.351	6.086E-01	4.287E-01	2.593E-01	2.494E+00	36
cand-siteA-id73	3sj5-assembly2_B	0.142	63	80	183	0.762	0.317	4.913E-01	3.924E-01	2.105E-01	1.210E+00	36
cand-siteA-id73	3cc2-assembly1_M	0.101	79	80	194	0.712	0.376	4.086E-01	3.225E-01	1.659E-01	5.870E-01	36
cand-siteA-id73	1jj2-assembly1_L	0.101	79	80	194	0.712	0.376	4.095E-01	3.229E-01	1.655E-01	5.870E-01	36
cand-siteA-id73	7xhy-assembly1_A	0.163	61	80	270	0.725	0.196	5.609E-01	4.153E-01	1.515E-01	2.187E+00	36
cand-siteA-id73	3brb-assembly2_B	0.166	60	80	271	0.725	0.214	5.899E-01	4.602E-01	1.686E-01	3.038E+00	36
cand-siteA-id73	4u42-assembly2_A	0.084	59	80	282	0.725	0.202	5.556E-01	4.384E-01	1.593E-01	2.664E+00	36
cand-siteA-id73	5l4q-assembly1_A	0.070	57	80	293	0.700	0.191	6.072E-01	4.564E-01	1.527E-01	3.700E+00	36
cand-siteA-id73	8bid-assembly2_D	0.149	87	80	319	0.938	0.270	4.397E-01	4.198E-01	1.529E-01	1.133E+00	36
cand-siteA-id73	2hvy-assembly1_A	0.253	67	80	320	0.725	0.197	5.826E-01	4.546E-01	1.388E-01	2.187E+00	36
cand-siteA-id73	5hjk-assembly1_A	0.090	77	80	347	0.900	0.184	4.975E-01	4.253E-01	1.341E-01	1.574E+00	36
cand-siteA-id73	6r1e-assembly1_A	0.131	61	80	70	0.700	0.800	3.756E-01	2.985E-01	3.212E-01	4.225E-01	35
cand-siteA-id73	5wlc-assembly1_LF	0.203	59	80	90	0.712	0.622	4.131E-01	3.430E-01	3.177E-01	7.150E-01	35
cand-siteA-id73	1q8b-assembly1_A	0.145	62	80	93	0.725	0.624	5.003E-01	3.971E-01	3.581E-01	2.187E+00	35
cand-siteA-id73	2pzz-assembly1_C	0.145	55	80	114	0.688	0.395	5.725E-01	3.650E-01	2.731E-01	2.494E+00	35
cand-siteA-id73	4v6w-assembly1_CX	0.173	52	80	120	0.650	0.383	5.266E-01	3.480E-01	2.531E-01	1.681E+00	35
cand-siteA-id73	4v3p-assembly1_LX	0.138	65	80	122	0.812	0.467	4.893E-01	3.708E-01	2.663E-01	1.681E+00	35
cand-siteA-id73	3ngt-assembly7_L	0.172	58	80	125	0.725	0.424	5.730E-01	4.245E-01	3.023E-01	2.664E+00	35
cand-siteA-id73	8pv3-assembly1_LX	0.142	63	80	145	0.788	0.379	5.348E-01	3.960E-01	2.419E-01	1.795E+00	35
cand-siteA-id73	7u0h-assembly1_N	0.134	67	80	187	0.788	0.358	4.960E-01	4.083E-01	2.112E-01	1.917E+00	35
cand-siteA-id73	3gku-assembly1_B	0.157	76	80	193	0.913	0.326	4.689E-01	4.044E-01	2.170E-01	1.133E+00	35
cand-siteA-id73	6th6-assembly1_BP	0.086	81	80	193	0.750	0.404	5.115E-01	4.057E-01	1.969E-01	1.917E+00	35
cand-siteA-id73	6e52-assembly1_A	0.144	69	80	243	0.762	0.267	3.645E-01	2.990E-01	1.348E-01	3.705E-01	35
cand-siteA-id73	8gu3-assembly1_A	0.185	54	80	256	0.663	0.180	4.444E-01	3.183E-01	1.338E-01	7.636E-01	35
cand-siteA-id73	1zxe-assembly2_D	0.152	59	80	256	0.700	0.211	5.635E-01	4.181E-01	1.582E-01	2.335E+00	35
cand-siteA-id73	1zy5-assembly1_A	0.112	62	80	271	0.725	0.210	5.692E-01	4.389E-01	1.584E-01	2.664E+00	35
cand-siteA-id73	7olx-assembly1_A	0.172	58	80	275	0.700	0.204	5.011E-01	3.997E-01	1.535E-01	1.474E+00	35
cand-siteA-id73	2f2c-assembly1_B	0.142	63	80	280	0.725	0.214	4.870E-01	3.797E-01	1.410E-01	1.474E+00	35
cand-siteA-id73	7rj8-assembly1_A	0.084	59	80	297	0.725	0.195	6.136E-01	4.769E-01	1.576E-01	4.507E+00	35
cand-siteA-id73	5wt1-assembly1_A	0.065	61	80	332	0.725	0.163	5.493E-01	4.200E-01	1.310E-01	2.335E+00	35
cand-siteA-id73	5jya-assembly1_D	0.139	79	80	343	0.725	0.213	5.029E-01	4.083E-01	1.279E-01	1.474E+00	35
cand-siteA-id73	6dzs-assembly1_B	0.169	59	80	427	0.725	0.122	4.781E-01	3.715E-01	1.006E-01	1.292E+00	35
cand-siteA-id73	7ojr-assembly1_A	0.194	72	80	445	0.812	0.146	4.354E-01	3.703E-01	9.213E-02	9.301E-01	35
cand-siteA-id73	3ddn-assembly1_A	0.177	62	80	527	0.738	0.097	5.556E-01	3.941E-01	7.896E-02	2.335E+00	35
cand-siteA-id73	5a5u-assembly1_B	0.236	55	80	613	0.688	0.085	5.246E-01	4.025E-01	7.455E-02	1.681E+00	35
cand-siteA-id73	2fk3-assembly8_H	0.131	61	80	58	0.712	0.948	5.234E-01	4.044E-01	5.013E-01	3.038E+00	34
cand-siteA-id73	3d3c-assembly2_K	0.075	66	80	87	0.812	0.701	5.132E-01	4.180E-01	3.945E-01	3.244E+00	34
cand-siteA-id73	7cpv-assembly1_SY	0.151	66	80	110	0.725	0.518	3.328E-01	2.718E-01	2.251E-01	2.338E-01	34
cand-siteA-id73	7pwo-assembly1_X2	0.115	52	80	116	0.650	0.379	6.337E-01	3.925E-01	2.881E-01	3.244E+00	34
cand-siteA-id73	9cai-assembly1_CX	0.089	56	80	119	0.700	0.403	5.543E-01	3.668E-01	2.686E-01	3.038E+00	34
cand-siteA-id73	6xu8-assembly1_CX	0.132	68	80	120	0.850	0.467	4.895E-01	3.674E-01	2.683E-01	2.187E+00	34
cand-siteA-id73	8fkv-assembly1_LH	0.093	64	80	133	0.800	0.391	5.614E-01	3.966E-01	2.602E-01	2.494E+00	34
cand-siteA-id73	3fz2-assembly3_E	0.074	67	80	133	0.700	0.504	4.759E-01	3.837E-01	2.714E-01	1.292E+00	34
cand-siteA-id73	2wvd-assembly2_B	0.054	74	80	135	0.850	0.489	4.601E-01	3.879E-01	2.618E-01	1.795E+00	34
cand-siteA-id73	8eup-assembly1_N	0.106	66	80	166	0.800	0.349	5.193E-01	4.025E-01	2.242E-01	3.038E+00	34
cand-siteA-id73	6yly-assembly1_N	0.101	69	80	187	0.788	0.358	5.144E-01	4.264E-01	2.188E-01	2.664E+00	34
cand-siteA-id73	6lad-assembly7_A	0.137	58	80	197	0.700	0.249	5.553E-01	3.868E-01	1.853E-01	2.664E+00	34
cand-siteA-id73	5d1h-assembly2_B	0.067	74	80	206	0.725	0.335	4.208E-01	3.403E-01	1.786E-01	8.155E-01	34
cand-siteA-id73	6q56-assembly4_D	0.097	72	80	234	0.900	0.261	5.379E-01	4.538E-01	2.023E-01	2.845E+00	34
cand-siteA-id73	6e95-assembly1_A	0.141	99	80	240	0.988	0.387	3.549E-01	3.491E-01	1.626E-01	6.269E-01	34
cand-siteA-id73	2p9p-assembly1_D	0.142	63	80	273	0.750	0.223	4.707E-01	3.937E-01	1.555E-01	1.474E+00	34
cand-siteA-id73	6vxm-assembly1_A	0.136	66	80	277	0.738	0.227	6.639E-01	5.178E-01	1.760E-01	4.814E+00	34
cand-siteA-id73	3nrb-assembly1_A	0.114	61	80	281	0.750	0.189	5.981E-01	4.350E-01	1.519E-01	3.952E+00	34
cand-siteA-id73	4u43-assembly2_A	0.089	56	80	287	0.675	0.192	5.067E-01	3.938E-01	1.461E-01	2.048E+00	34
cand-siteA-id73	8rq1-assembly1_A	0.144	69	80	288	0.725	0.236	3.932E-01	3.097E-01	1.187E-01	5.497E-01	34
cand-siteA-id73	4zck-assembly1_A	0.125	56	80	299	0.700	0.147	5.654E-01	3.622E-01	1.193E-01	2.335E+00	34
cand-siteA-id73	3ocj-assembly1_A	0.125	48	80	300	0.587	0.123	5.840E-01	3.329E-01	1.064E-01	2.664E+00	34
cand-siteA-id73	2apo-assembly1_A	0.176	68	80	304	0.725	0.194	5.760E-01	4.432E-01	1.385E-01	3.244E+00	34
cand-siteA-id73	5xoy-assembly1_A-2	0.164	67	80	341	0.700	0.191	5.008E-01	3.867E-01	1.230E-01	1.474E+00	34
cand-siteA-id73	7cww-assembly1_A	0.080	62	80	350	0.725	0.169	5.317E-01	4.320E-01	1.320E-01	2.048E+00	34
cand-siteA-id73	7r5j-assembly1_H0	0.041	72	80	383	0.700	0.185	5.552E-01	4.077E-01	9.746E-02	1.795E+00	34
cand-siteA-id73	8ioj-assembly1_I	0.169	59	80	411	0.712	0.131	4.573E-01	3.512E-01	9.953E-02	1.210E+00	34
cand-siteA-id73	2cz8-assembly1_D	0.145	62	80	68	0.700	0.853	3.520E-01	2.791E-01	3.072E-01	3.469E-01	33
cand-siteA-id73	6ri3-assembly1_A	0.065	61	80	68	0.700	0.824	3.814E-01	2.902E-01	3.244E-01	6.695E-01	33
cand-siteA-id73	6y24-assembly1_A	0.103	58	80	80	0.688	0.688	4.830E-01	3.689E-01	3.689E-01	1.380E+00	33
cand-siteA-id73	4oi3-assembly1_B	0.148	54	80	81	0.675	0.630	6.225E-01	4.463E-01	4.420E-01	3.700E+00	33
cand-siteA-id73	3imq-assembly1_J	0.045	66	80	87	0.812	0.701	5.826E-01	4.766E-01	4.488E-01	4.814E+00	33
cand-siteA-id73	1vr4-assembly1_E	0.084	71	80	93	0.712	0.753	4.532E-01	3.610E-01	3.252E-01	1.917E+00	33
cand-siteA-id73	2gtc-assembly1_E	0.125	80	80	103	0.712	0.777	4.626E-01	3.760E-01	3.154E-01	1.917E+00	33
cand-siteA-id73	7r81-assembly1_Z1	0.109	64	80	118	0.800	0.449	5.625E-01	4.013E-01	2.904E-01	2.845E+00	33
cand-siteA-id73	8g4s-assembly1_Y	0.101	59	80	119	0.738	0.454	4.458E-01	3.425E-01	2.550E-01	1.210E+00	33
cand-siteA-id73	8k2c-assembly1_SY	0.241	62	80	126	0.725	0.452	4.218E-01	3.389E-01	2.517E-01	1.133E+00	33
cand-siteA-id73	6zj3-assembly1_SZ	0.128	70	80	127	0.812	0.512	3.928E-01	3.408E-01	2.542E-01	8.155E-01	33
cand-siteA-id73	3fzb-assembly2_C	0.075	66	80	129	0.700	0.504	5.075E-01	4.037E-01	2.866E-01	1.795E+00	33
cand-siteA-id73	8etg-assembly1_X	0.169	65	80	130	0.812	0.438	4.914E-01	3.730E-01	2.530E-01	2.664E+00	33
cand-siteA-id73	8iyd-assembly1_W	0.074	67	80	130	0.700	0.515	4.952E-01	3.951E-01	2.812E-01	1.681E+00	33
cand-siteA-id73	7ohp-assembly1_N	0.093	64	80	158	0.800	0.367	5.593E-01	4.350E-01	2.517E-01	4.507E+00	33
cand-siteA-id73	1vq9-assembly1_M	0.101	79	80	194	0.712	0.376	4.042E-01	3.171E-01	1.617E-01	7.150E-01	33
cand-siteA-id73	7oyb-assembly1_N1	0.112	89	80	202	0.788	0.411	4.612E-01	3.815E-01	1.800E-01	1.917E+00	33
cand-siteA-id73	6zu5-assembly1_LN0	0.100	90	80	203	0.875	0.443	4.419E-01	3.947E-01	1.858E-01	1.917E+00	33
cand-siteA-id73	4agf-assembly1_G	0.166	60	80	256	0.688	0.219	4.635E-01	3.586E-01	1.521E-01	1.574E+00	33
cand-siteA-id73	1zxe-assembly1_A	0.116	60	80	269	0.700	0.204	5.586E-01	4.200E-01	1.528E-01	3.038E+00	33
cand-siteA-id73	5ax9-assembly2_B	0.100	60	80	274	0.725	0.208	5.097E-01	4.023E-01	1.552E-01	2.494E+00	33
cand-siteA-id73	3lou-assembly1_A	0.120	58	80	281	0.712	0.178	6.467E-01	4.397E-01	1.480E-01	4.814E+00	33
cand-siteA-id73	7rj7-assembly1_A	0.079	63	80	304	0.725	0.191	5.600E-01	4.330E-01	1.411E-01	3.038E+00	33
cand-siteA-id73	5jya-assembly1_A	0.139	79	80	330	0.725	0.221	5.025E-01	4.081E-01	1.323E-01	1.917E+00	33
cand-siteA-id73	5jya-assembly1_B	0.139	79	80	332	0.725	0.220	5.018E-01	4.077E-01	1.315E-01	2.048E+00	33
cand-siteA-id73	5myv-assembly2_B	0.138	65	80	349	0.725	0.178	4.962E-01	3.954E-01	1.236E-01	2.664E+00	33
cand-siteA-id73	2q1l-assembly1_A	0.123	65	80	392	0.738	0.163	5.667E-01	4.506E-01	1.228E-01	3.700E+00	33
cand-siteA-id73	6gyz-assembly1_B	0.171	70	80	446	0.850	0.152	5.175E-01	4.557E-01	1.094E-01	2.845E+00	33
cand-siteA-id73	8wg3-assembly1_A	0.207	53	80	548	0.625	0.084	3.976E-01	2.765E-01	6.398E-02	8.155E-01	33
cand-siteA-id73	6lrh-assembly1_A-2	0.135	59	80	675	0.712	0.077	5.706E-01	4.143E-01	6.568E-02	3.038E+00	33
cand-siteA-id73	2v19-assembly1_D	0.145	62	80	67	0.700	0.866	3.391E-01	2.796E-01	3.053E-01	3.041E-01	32
cand-siteA-id73	5hl8-assembly2_B	0.134	82	80	81	0.887	0.901	3.657E-01	3.388E-01	3.362E-01	1.210E+00	32
cand-siteA-id73	5v74-assembly1_P4	0.145	55	80	94	0.688	0.479	6.123E-01	3.844E-01	3.361E-01	4.814E+00	32
cand-siteA-id73	6th6-assembly1_Aw	0.136	66	80	95	0.738	0.621	4.662E-01	3.658E-01	3.215E-01	1.795E+00	32
cand-siteA-id73	8btr-assembly1_Sb	0.116	60	80	116	0.725	0.500	4.824E-01	3.953E-01	3.060E-01	2.187E+00	32
cand-siteA-id73	3jcs-assembly1_V	0.126	63	80	118	0.788	0.441	4.905E-01	3.419E-01	2.512E-01	2.187E+00	32
cand-siteA-id73	8ba1-assembly1_A	0.146	75	80	119	0.788	0.546	4.716E-01	3.824E-01	2.732E-01	2.335E+00	32
cand-siteA-id73	6zj3-assembly1_Lk	0.188	53	80	131	0.663	0.359	5.887E-01	3.959E-01	2.657E-01	3.465E+00	32
cand-siteA-id73	3fzb-assembly2_G	0.074	67	80	132	0.700	0.508	4.992E-01	3.986E-01	2.798E-01	2.048E+00	32
cand-siteA-id73	7z3o-assembly1_SY	0.163	61	80	132	0.712	0.424	3.829E-01	3.099E-01	2.235E-01	7.150E-01	32
cand-siteA-id73	7ahw-assembly1_AAA	0.118	76	80	133	0.725	0.556	4.410E-01	3.281E-01	2.215E-01	1.795E+00	32
cand-siteA-id73	5jpq-assembly1_0	0.209	62	80	148	0.725	0.385	4.049E-01	3.282E-01	2.192E-01	9.301E-01	32
cand-siteA-id73	7ohy-assembly1_N	0.095	63	80	177	0.788	0.322	5.434E-01	4.178E-01	2.204E-01	4.220E+00	32
cand-siteA-id73	2ipx-assembly1_A	0.163	61	80	220	0.688	0.255	4.703E-01	3.723E-01	1.752E-01	1.681E+00	32
cand-siteA-id73	7d5t-assembly1_3C	0.148	74	80	224	0.825	0.299	6.767E-01	5.726E-01	2.318E-01	8.146E+00	32
cand-siteA-id73	8pm3-assembly1_A	0.113	53	80	272	0.625	0.180	4.151E-01	3.013E-01	1.215E-01	1.210E+00	32
cand-siteA-id73	7am0-assembly2_C	0.133	60	80	273	0.712	0.187	5.658E-01	3.884E-01	1.382E-01	3.700E+00	32
cand-siteA-id73	2qmx-assembly1_A	0.133	60	80	278	0.725	0.187	5.803E-01	4.201E-01	1.482E-01	3.952E+00	32
cand-siteA-id73	4rvt-assembly1_A	0.054	55	80	281	0.675	0.181	4.886E-01	3.698E-01	1.398E-01	1.917E+00	32
cand-siteA-id73	5ax9-assembly1_A	0.098	61	80	282	0.725	0.202	5.374E-01	4.216E-01	1.532E-01	3.700E+00	32
cand-siteA-id73	2euf-assembly1_B	0.126	63	80	282	0.725	0.216	5.026E-01	3.947E-01	1.438E-01	2.494E+00	32
cand-siteA-id73	5cwz-assembly2_B	0.084	59	80	284	0.725	0.201	5.541E-01	4.391E-01	1.589E-01	3.952E+00	32
cand-siteA-id73	3qfw-assembly1_A	0.220	59	80	347	0.688	0.164	6.536E-01	4.785E-01	1.323E-01	6.262E+00	32
cand-siteA-id73	3qfw-assembly1_B	0.241	58	80	352	0.675	0.159	6.632E-01	4.822E-01	1.311E-01	7.142E+00	32
cand-siteA-id73	8u15-assembly1_A	0.123	73	80	352	0.725	0.179	4.056E-01	3.134E-01	9.863E-02	8.709E-01	32
cand-siteA-id73	3ccw-assembly1_D	0.092	65	80	394	0.738	0.162	5.850E-01	4.639E-01	1.233E-01	4.220E+00	32
cand-siteA-id73	5t6b-assembly3_C	0.081	74	80	394	0.688	0.165	5.251E-01	3.878E-01	9.922E-02	2.335E+00	32
cand-siteA-id73	8io2-assembly1_G	0.169	65	80	416	0.750	0.144	4.463E-01	3.622E-01	1.003E-01	1.474E+00	32
cand-siteA-id73	3go9-assembly1_A	0.067	74	80	458	0.738	0.155	4.763E-01	3.888E-01	9.923E-02	2.187E+00	32
cand-siteA-id73	2vkf-assembly1_A	0.100	60	80	62	0.700	0.903	3.426E-01	2.707E-01	3.171E-01	5.147E-01	31
cand-siteA-id73	2ux9-assembly1_C	0.145	62	80	68	0.700	0.853	3.376E-01	2.774E-01	3.025E-01	4.225E-01	31
cand-siteA-id73	1dtj-assembly1_A	0.135	59	80	74	0.688	0.743	4.826E-01	3.682E-01	3.886E-01	2.494E+00	31
cand-siteA-id73	4v6u-assembly1_B6	0.142	63	80	94	0.700	0.596	4.205E-01	3.307E-01	2.957E-01	1.380E+00	31
cand-siteA-id73	8c91-assembly1_S	0.183	98	80	101	0.700	0.960	5.457E-01	4.005E-01	3.270E-01	4.507E+00	31
cand-siteA-id73	2l8y-assembly1_A	0.159	69	80	105	0.725	0.638	4.090E-01	3.422E-01	2.871E-01	1.061E+00	31
cand-siteA-id73	6xyb-assembly1_D	0.142	42	80	105	0.512	0.390	5.952E-01	3.694E-01	2.963E-01	3.244E+00	31
cand-siteA-id73	6xyd-assembly1_A	0.150	40	80	107	0.488	0.364	5.971E-01	3.588E-01	2.828E-01	3.465E+00	31
cand-siteA-id73	6xyd-assembly1_C	0.150	40	80	107	0.488	0.364	5.962E-01	3.581E-01	2.824E-01	3.465E+00	31
cand-siteA-id73	8brm-assembly1_LY	0.123	65	80	119	0.812	0.454	5.565E-01	4.041E-01	2.900E-01	3.952E+00	31
cand-siteA-id73	6ip8-assembly1_2R	0.078	51	80	119	0.637	0.361	4.704E-01	3.082E-01	2.288E-01	1.917E+00	31
cand-siteA-id73	6sxo-assembly1_LX	0.079	63	80	120	0.788	0.433	4.835E-01	3.451E-01	2.513E-01	3.038E+00	31
cand-siteA-id73	2bj1-assembly1_B-2	0.142	70	80	132	0.850	0.477	5.040E-01	4.145E-01	2.767E-01	3.038E+00	31
cand-siteA-id73	6tba-assembly1_4A	0.101	69	80	134	0.700	0.478	5.772E-01	4.406E-01	2.933E-01	4.814E+00	31
cand-siteA-id73	8gtf-assembly1_k	0.106	75	80	140	0.700	0.536	4.711E-01	3.751E-01	2.567E-01	2.335E+00	31
cand-siteA-id73	7ohr-assembly1_N	0.098	71	80	182	0.800	0.346	4.819E-01	3.958E-01	2.058E-01	3.952E+00	31
cand-siteA-id73	7ohv-assembly1_N	0.119	67	80	186	0.800	0.360	5.145E-01	4.293E-01	2.191E-01	4.220E+00	31
cand-siteA-id73	8fl4-assembly1_L9	0.121	66	80	194	0.712	0.340	4.226E-01	3.344E-01	1.746E-01	1.474E+00	31
cand-siteA-id73	6nd4-assembly1_c	0.161	62	80	203	0.700	0.281	4.770E-01	3.762E-01	1.893E-01	2.048E+00	31
cand-siteA-id73	8rxh-assembly1_LM	0.078	76	80	203	0.725	0.374	4.193E-01	3.311E-01	1.627E-01	1.380E+00	31
cand-siteA-id73	4qdk-assembly2_B-2	0.085	70	80	219	0.700	0.311	4.232E-01	3.405E-01	1.632E-01	1.574E+00	31
cand-siteA-id73	6zqc-assembly1_CA	0.156	64	80	242	0.725	0.244	4.756E-01	3.804E-01	1.667E-01	2.187E+00	31
cand-siteA-id73	1zyd-assembly1_B	0.120	58	80	253	0.700	0.206	5.564E-01	3.996E-01	1.557E-01	3.952E+00	31
cand-siteA-id73	1yz6-assembly1_A	0.216	60	80	261	0.675	0.215	3.953E-01	3.194E-01	1.373E-01	1.292E+00	31
cand-siteA-id73	7qq6-assembly1_A	0.137	58	80	269	0.700	0.212	4.847E-01	3.858E-01	1.539E-01	2.187E+00	31
cand-siteA-id73	5o1v-assembly1_B	0.181	55	80	271	0.663	0.196	4.666E-01	3.637E-01	1.441E-01	2.048E+00	31
cand-siteA-id73	8pm3-assembly3_C	0.115	52	80	273	0.625	0.179	4.161E-01	3.021E-01	1.204E-01	1.681E+00	31
cand-siteA-id73	2buj-assembly1_A	0.140	64	80	291	0.725	0.189	5.060E-01	3.806E-01	1.329E-01	2.664E+00	31
cand-siteA-id73	5te0-assembly1_A	0.076	52	80	316	0.637	0.158	4.790E-01	3.598E-01	1.231E-01	3.038E+00	31
cand-siteA-id73	5myv-assembly3_C	0.125	64	80	348	0.725	0.178	4.761E-01	3.783E-01	1.199E-01	3.038E+00	31
cand-siteA-id73	3eoj-assembly1_A	0.123	81	80	358	0.700	0.226	4.332E-01	3.327E-01	1.088E-01	1.474E+00	31
cand-siteA-id73	3qae-assembly1_A-2	0.122	90	80	370	0.887	0.243	5.207E-01	4.713E-01	1.246E-01	3.700E+00	31
cand-siteA-id73	8io2-assembly1_E	0.149	67	80	415	0.750	0.149	4.464E-01	3.655E-01	1.017E-01	1.795E+00	31
cand-siteA-id73	3i3w-assembly1_B	0.145	62	80	440	0.725	0.132	5.234E-01	4.196E-01	1.042E-01	3.244E+00	31
cand-siteA-id73	2pzi-assembly2_B	0.169	59	80	644	0.700	0.089	4.967E-01	3.933E-01	7.145E-02	2.845E+00	31
cand-siteA-id73	2vyx-assembly1_F	0.145	62	80	67	0.700	0.866	3.152E-01	2.621E-01	2.900E-01	3.469E-01	30
cand-siteA-id73	3r2c-assembly2_K	0.118	59	80	80	0.738	0.675	5.917E-01	4.394E-01	4.394E-01	6.687E+00	30
cand-siteA-id73	2ko1-assembly1_B	0.142	56	80	88	0.700	0.557	4.702E-01	3.427E-01	3.223E-01	2.494E+00	30
cand-siteA-id73	8ipb-assembly1_ba	0.196	61	80	113	0.712	0.504	3.856E-01	3.201E-01	2.586E-01	1.061E+00	30
cand-siteA-id73	6cyv-assembly1_A	0.077	77	80	155	0.837	0.374	5.240E-01	3.928E-01	2.219E-01	4.220E+00	30
cand-siteA-id73	3ab4-assembly1_B	0.172	58	80	157	0.725	0.325	5.959E-01	4.145E-01	2.390E-01	5.141E+00	30
cand-siteA-id73	8fkp-assembly1_L9	0.131	61	80	183	0.712	0.301	4.264E-01	3.285E-01	1.776E-01	1.681E+00	30
cand-siteA-id73	8i9x-assembly1_LN	0.084	71	80	183	0.800	0.355	5.086E-01	4.255E-01	2.190E-01	5.141E+00	30
cand-siteA-id73	6ped-assembly1_A	0.133	60	80	193	0.725	0.238	6.105E-01	4.041E-01	1.917E-01	5.490E+00	30
cand-siteA-id73	8p5d-assembly1_LN0	0.088	79	80	203	0.738	0.389	4.998E-01	3.907E-01	1.822E-01	3.465E+00	30
cand-siteA-id73	5awe-assembly1_A	0.178	56	80	205	0.700	0.224	5.661E-01	3.739E-01	1.712E-01	4.814E+00	30
cand-siteA-id73	1zxe-assembly3_F	0.120	58	80	249	0.700	0.205	5.569E-01	3.984E-01	1.560E-01	4.507E+00	30
cand-siteA-id73	2aho-assembly1_B	0.225	62	80	259	0.725	0.232	5.550E-01	4.437E-01	1.738E-01	4.814E+00	30
cand-siteA-id73	3udc-assembly1_G	0.150	60	80	267	0.700	0.217	6.436E-01	4.801E-01	1.707E-01	6.687E+00	30
cand-siteA-id73	8pm3-assembly2_B	0.113	53	80	273	0.625	0.179	4.135E-01	3.005E-01	1.210E-01	1.681E+00	30
cand-siteA-id73	2x7f-assembly1_A	0.053	56	80	276	0.700	0.192	4.973E-01	3.717E-01	1.425E-01	3.038E+00	30
cand-siteA-id73	2x7f-assembly2_B	0.070	57	80	288	0.700	0.191	4.763E-01	3.689E-01	1.372E-01	2.664E+00	30
cand-siteA-id73	1xo2-assembly1_B	0.142	63	80	289	0.700	0.201	4.108E-01	3.263E-01	1.276E-01	1.474E+00	30
cand-siteA-id73	6bm7-assembly2_E	0.088	79	80	291	0.938	0.206	5.599E-01	4.491E-01	1.520E-01	5.141E+00	30
cand-siteA-id73	5tvf-assembly2_E	0.075	80	80	292	0.938	0.205	5.552E-01	4.456E-01	1.497E-01	5.141E+00	30
cand-siteA-id73	8u16-assembly2_D	0.106	75	80	346	0.725	0.191	4.192E-01	3.286E-01	1.047E-01	1.380E+00	30
cand-siteA-id73	8u15-assembly2_D	0.125	72	80	350	0.725	0.174	4.087E-01	3.147E-01	9.793E-02	1.133E+00	30
cand-siteA-id73	3ovs-assembly1_A	0.138	72	80	441	0.850	0.156	5.133E-01	4.520E-01	1.078E-01	4.220E+00	30
cand-siteA-id73	5l3p-assembly1_z	0.105	57	80	545	0.700	0.090	5.138E-01	3.689E-01	7.592E-02	3.038E+00	30
cand-siteA-id73	2pzi-assembly1_A	0.169	59	80	654	0.700	0.087	4.863E-01	3.890E-01	7.020E-02	3.244E+00	30
cand-siteA-id73	2y6i-assembly1_A	0.098	71	80	671	0.725	0.103	5.616E-01	4.350E-01	6.990E-02	3.700E+00	30
cand-siteA-id73	2vxa-assembly1_A	0.112	62	80	66	0.700	0.879	3.404E-01	2.709E-01	3.026E-01	7.150E-01	29
cand-siteA-id73	6t1w-assembly1_C	0.126	63	80	80	0.675	0.762	3.876E-01	2.999E-01	2.999E-01	1.292E+00	29
cand-siteA-id73	2w0p-assembly1_A	0.086	58	80	93	0.725	0.355	5.181E-01	2.522E-01	2.204E-01	1.681E+00	29
cand-siteA-id73	6tmf-assembly1_X	0.123	65	80	97	0.725	0.588	4.141E-01	3.391E-01	2.997E-01	1.917E+00	29
cand-siteA-id73	6xyd-assembly1_D	0.084	95	80	101	0.725	0.931	5.017E-01	3.886E-01	3.217E-01	2.664E+00	29
cand-siteA-id73	7mq9-assembly1_LF	0.234	64	80	104	0.725	0.548	3.459E-01	2.836E-01	2.418E-01	7.150E-01	29
cand-siteA-id73	4djb-assembly1_B	0.072	69	80	117	0.725	0.564	6.453E-01	4.936E-01	3.579E-01	9.290E+00	29
cand-siteA-id73	5t2a-assembly1_V	0.136	66	80	120	0.825	0.450	5.005E-01	3.559E-01	2.593E-01	3.952E+00	29
cand-siteA-id73	7oyb-assembly1_Y2	0.225	62	80	124	0.712	0.452	3.196E-01	2.660E-01	2.047E-01	5.870E-01	29
cand-siteA-id73	8r6f-assembly1_Y	0.229	61	80	124	0.712	0.460	4.329E-01	3.555E-01	2.665E-01	2.048E+00	29
cand-siteA-id73	8ova-assembly1_AT	0.158	63	80	129	0.712	0.450	3.526E-01	2.935E-01	2.162E-01	1.061E+00	29
cand-siteA-id73	2rjz-assembly1_A	0.100	60	80	135	0.700	0.378	5.787E-01	4.012E-01	2.612E-01	5.863E+00	29
cand-siteA-id73	4p3w-assembly2_B	0.137	29	80	171	0.300	0.170	5.693E-01	2.327E-01	1.175E-01	2.187E+00	29
cand-siteA-id73	8ipb-assembly1_HA	0.102	78	80	203	0.712	0.369	4.534E-01	3.552E-01	1.715E-01	2.335E+00	29
cand-siteA-id73	7qiz-assembly1_P	0.120	83	80	203	0.788	0.409	4.526E-01	3.750E-01	1.755E-01	3.038E+00	29
cand-siteA-id73	3epb-assembly1_A	0.062	80	80	253	0.887	0.292	3.869E-01	3.544E-01	1.525E-01	2.187E+00	29
cand-siteA-id73	1mhm-assembly1_A	0.150	60	80	254	0.700	0.193	6.161E-01	4.138E-01	1.504E-01	6.687E+00	29
cand-siteA-id73	1bi7-assembly1_A-2	0.084	59	80	269	0.725	0.141	6.442E-01	3.569E-01	1.212E-01	6.262E+00	29
cand-siteA-id73	6vh5-assembly1_C	0.120	58	80	279	0.700	0.179	6.360E-01	4.292E-01	1.446E-01	6.687E+00	29
cand-siteA-id73	3n0v-assembly1_D	0.100	60	80	280	0.738	0.186	6.195E-01	4.420E-01	1.511E-01	7.627E+00	29
cand-siteA-id73	5ax9-assembly3_C	0.084	59	80	282	0.725	0.202	5.458E-01	4.287E-01	1.568E-01	5.490E+00	29
cand-siteA-id73	8x88-assembly3_B	0.089	56	80	291	0.700	0.186	5.335E-01	4.083E-01	1.482E-01	3.952E+00	29
cand-siteA-id73	8gmd-assembly1_A	0.076	65	80	294	0.725	0.194	5.338E-01	4.027E-01	1.331E-01	4.814E+00	29
cand-siteA-id73	6ra5-assembly1_A	0.087	57	80	295	0.700	0.186	5.103E-01	3.920E-01	1.400E-01	4.814E+00	29
cand-siteA-id73	7xzq-assembly1_A	0.070	57	80	300	0.700	0.183	4.886E-01	3.723E-01	1.310E-01	3.952E+00	29
cand-siteA-id73	2aus-assembly1_C	0.200	65	80	311	0.700	0.180	5.413E-01	4.123E-01	1.280E-01	5.490E+00	29
cand-siteA-id73	3lwv-assembly1_A	0.191	68	80	317	0.700	0.183	5.833E-01	4.371E-01	1.292E-01	7.627E+00	29
cand-siteA-id73	2onl-assembly1_C	0.145	55	80	317	0.663	0.158	4.483E-01	3.385E-01	1.183E-01	2.187E+00	29
cand-siteA-id73	5v8x-assembly1_B	0.164	73	80	334	0.712	0.216	4.877E-01	3.938E-01	1.283E-01	3.244E+00	29
cand-siteA-id73	7sxj-assembly1_A	0.070	57	80	347	0.700	0.144	5.410E-01	3.795E-01	1.120E-01	4.507E+00	29
cand-siteA-id73	5oy4-assembly2_B	0.087	57	80	354	0.700	0.141	5.943E-01	4.127E-01	1.165E-01	5.863E+00	29
cand-siteA-id73	6mez-assembly2_B	0.134	82	80	359	0.700	0.228	4.287E-01	3.442E-01	1.114E-01	2.048E+00	29
cand-siteA-id73	5jk5-assembly1_B	0.203	59	80	391	0.700	0.136	5.337E-01	3.872E-01	1.025E-01	4.507E+00	29
cand-siteA-id73	5is2-assembly1_A-2	0.160	56	80	395	0.700	0.119	6.510E-01	4.330E-01	1.067E-01	8.146E+00	29
cand-siteA-id73	5it4-assembly1_A-2	0.160	56	80	395	0.700	0.119	6.532E-01	4.332E-01	1.068E-01	8.146E+00	29
cand-siteA-id73	5t6b-assembly1_A	0.153	39	80	403	0.488	0.079	5.044E-01	2.644E-01	6.952E-02	1.681E+00	29
cand-siteA-id73	5t6b-assembly2_B	0.153	39	80	406	0.488	0.079	5.072E-01	2.655E-01	6.924E-02	1.917E+00	29
cand-siteA-id73	8io2-assembly1_F	0.158	63	80	418	0.725	0.136	4.196E-01	3.293E-01	9.436E-02	2.187E+00	29
cand-siteA-id73	3ova-assembly1_A-2	0.138	72	80	430	0.850	0.160	5.075E-01	4.472E-01	1.096E-01	4.814E+00	29
cand-siteA-id73	2vx9-assembly1_A	0.083	60	80	63	0.700	0.889	3.452E-01	2.776E-01	3.233E-01	1.292E+00	28
cand-siteA-id73	2raq-assembly1_A	0.189	58	80	93	0.712	0.527	6.550E-01	4.448E-01	3.926E-01	8.699E+00	28
cand-siteA-id73	6sw9-assembly1_V	0.212	66	80	94	0.750	0.660	4.253E-01	3.499E-01	3.133E-01	2.845E+00	28
cand-siteA-id73	3kkf-assembly1_A	0.137	58	80	105	0.712	0.552	5.114E-01	4.141E-01	3.446E-01	5.863E+00	28
cand-siteA-id73	7byw-assembly1_B	0.120	58	80	108	0.663	0.509	5.262E-01	3.862E-01	3.076E-01	5.141E+00	28
cand-siteA-id73	5t5h-assembly1_X	0.129	54	80	109	0.675	0.422	5.477E-01	3.520E-01	2.767E-01	6.687E+00	28
cand-siteA-id73	7d3u-assembly1_E	0.136	73	80	110	0.850	0.618	3.477E-01	3.185E-01	2.638E-01	1.474E+00	28
cand-siteA-id73	6fxd-assembly1_B-2	0.071	56	80	121	0.700	0.438	5.449E-01	3.953E-01	2.918E-01	7.142E+00	28
cand-siteA-id73	7qiz-assembly1_KA	0.193	62	80	126	0.712	0.452	3.570E-01	3.002E-01	2.244E-01	1.133E+00	28
cand-siteA-id73	2rjz-assembly1_B	0.087	57	80	130	0.700	0.369	5.098E-01	3.553E-01	2.463E-01	3.700E+00	28
cand-siteA-id73	8c3a-assembly1_a	0.180	61	80	134	0.712	0.418	3.604E-01	2.998E-01	2.137E-01	1.133E+00	28
cand-siteA-id73	2gjv-assembly1_A	0.076	65	80	136	0.700	0.426	4.759E-01	3.691E-01	2.483E-01	3.952E+00	28
cand-siteA-id73	4v7e-assembly1_BY	0.193	62	80	138	0.712	0.413	3.281E-01	2.714E-01	1.967E-01	8.155E-01	28
cand-siteA-id73	2bjn-assembly1_B	0.053	56	80	148	0.675	0.372	5.901E-01	4.314E-01	2.614E-01	8.146E+00	28
cand-siteA-id73	7yex-assembly1_A	0.109	55	80	160	0.675	0.281	5.565E-01	3.603E-01	2.035E-01	5.490E+00	28
cand-siteA-id73	4go7-assembly1_X-2	0.169	65	80	165	0.738	0.352	4.959E-01	3.851E-01	2.129E-01	3.038E+00	28
cand-siteA-id73	8hkz-assembly1_L15E	0.108	83	80	169	0.762	0.467	4.940E-01	3.989E-01	2.164E-01	3.465E+00	28
cand-siteA-id73	3eee-assembly4_D	0.140	64	80	188	0.750	0.293	3.850E-01	3.119E-01	1.771E-01	2.494E+00	28
cand-siteA-id73	5xxb-assembly1_M	0.119	84	80	202	0.800	0.416	4.874E-01	4.051E-01	1.902E-01	4.814E+00	28
cand-siteA-id73	4v8p-assembly4_GL	0.118	76	80	203	0.725	0.374	4.017E-01	3.191E-01	1.580E-01	1.917E+00	28
cand-siteA-id73	1jen-assembly2_C	0.076	78	80	248	0.900	0.298	3.731E-01	3.441E-01	1.619E-01	2.494E+00	28
cand-siteA-id73	8wdk-assembly1_W	0.142	56	80	277	0.663	0.191	4.174E-01	3.123E-01	1.230E-01	2.845E+00	28
cand-siteA-id73	3nrb-assembly1_C	0.122	57	80	282	0.700	0.174	6.174E-01	4.203E-01	1.431E-01	7.627E+00	28
cand-siteA-id73	2o07-assembly1_B	0.128	70	80	285	0.863	0.232	4.684E-01	4.104E-01	1.600E-01	4.220E+00	28
cand-siteA-id73	5d7a-assembly3_C	0.101	59	80	286	0.700	0.192	5.414E-01	4.150E-01	1.475E-01	6.687E+00	28
cand-siteA-id73	4u45-assembly2_A	0.068	58	80	289	0.725	0.190	5.352E-01	4.134E-01	1.492E-01	5.863E+00	28
cand-siteA-id73	2mzw-assembly1_A	0.173	52	80	292	0.650	0.168	4.267E-01	2.675E-01	1.052E-01	2.335E+00	28
cand-siteA-id73	5tvm-assembly1_F	0.075	80	80	295	0.900	0.207	5.531E-01	4.444E-01	1.440E-01	6.687E+00	28
cand-siteA-id73	8gmd-assembly2_B	0.080	62	80	299	0.725	0.191	5.763E-01	4.401E-01	1.440E-01	6.687E+00	28
cand-siteA-id73	8rq8-assembly1_A	0.135	74	80	312	0.725	0.202	4.132E-01	3.186E-01	1.122E-01	2.494E+00	28
cand-siteA-id73	5utm-assembly1_B	0.151	79	80	333	0.725	0.219	4.985E-01	4.058E-01	1.309E-01	3.700E+00	28
cand-siteA-id73	6ite-assembly1_Q	0.101	79	80	336	0.725	0.217	4.927E-01	4.018E-01	1.293E-01	3.700E+00	28
cand-siteA-id73	8u17-assembly1_A	0.126	71	80	336	0.725	0.182	4.042E-01	3.127E-01	1.032E-01	1.795E+00	28
cand-siteA-id73	3beg-assembly1_A	0.114	61	80	348	0.650	0.164	4.652E-01	3.429E-01	1.060E-01	3.952E+00	28
cand-siteA-id73	3eni-assembly2_C	0.125	80	80	356	0.700	0.225	4.766E-01	3.678E-01	1.154E-01	2.494E+00	28
cand-siteA-id73	4arf-assembly1_A	0.090	66	80	380	0.700	0.168	5.199E-01	3.964E-01	1.130E-01	4.507E+00	28
cand-siteA-id73	8a1z-assembly1_A	0.160	56	80	396	0.700	0.119	6.542E-01	4.345E-01	1.067E-01	9.290E+00	28
cand-siteA-id73	8p0n-assembly1_A	0.166	60	80	1277	0.712	0.046	6.238E-01	4.722E-01	3.980E-02	8.699E+00	28
cand-siteA-id73	2yj0-assembly1_A	0.112	62	80	68	0.700	0.853	3.467E-01	2.694E-01	3.000E-01	1.061E+00	27
cand-siteA-id73	3onr-assembly1_B	0.186	59	80	70	0.700	0.800	3.018E-01	2.423E-01	2.545E-01	9.934E-01	27
cand-siteA-id73	3oqt-assembly1_C-3	0.112	62	80	70	0.700	0.829	3.603E-01	2.764E-01	3.016E-01	1.292E+00	27
cand-siteA-id73	6rbd-assembly1_U	0.159	69	80	82	0.725	0.805	4.705E-01	3.651E-01	3.580E-01	4.220E+00	27
cand-siteA-id73	2x3d-assembly1_D	0.137	58	80	91	0.712	0.527	5.952E-01	4.003E-01	3.626E-01	6.687E+00	27
cand-siteA-id73	8aa8-assembly1_A	0.138	65	80	93	0.725	0.624	4.615E-01	3.596E-01	3.221E-01	3.465E+00	27
cand-siteA-id73	6vrj-assembly1_A	0.130	69	80	97	0.837	0.649	4.164E-01	3.680E-01	3.290E-01	3.952E+00	27
cand-siteA-id73	4v4n-assembly1_BV	0.163	61	80	99	0.725	0.576	4.857E-01	3.922E-01	3.397E-01	4.507E+00	27
cand-siteA-id73	5wyk-assembly1_SZ	0.180	61	80	101	0.712	0.554	3.366E-01	2.824E-01	2.451E-01	1.061E+00	27
cand-siteA-id73	1xn9-assembly1_A	0.125	64	80	101	0.725	0.564	4.745E-01	3.670E-01	3.095E-01	4.220E+00	27
cand-siteA-id73	6xyb-assembly1_B	0.134	52	80	102	0.637	0.461	4.611E-01	3.192E-01	2.648E-01	2.845E+00	27
cand-siteA-id73	4zos-assembly1_C	0.145	62	80	103	0.738	0.573	5.449E-01	4.341E-01	3.575E-01	8.146E+00	27
cand-siteA-id73	6xyb-assembly1_A	0.134	52	80	106	0.637	0.443	4.613E-01	3.154E-01	2.562E-01	2.664E+00	27
cand-siteA-id73	6xyb-assembly1_C	0.134	52	80	108	0.637	0.435	4.649E-01	3.202E-01	2.540E-01	2.845E+00	27
cand-siteA-id73	4v9j-assembly1_BR	0.122	106	80	117	0.938	0.863	3.377E-01	3.222E-01	2.536E-01	1.474E+00	27
cand-siteA-id73	3fzb-assembly2_J	0.045	66	80	125	0.700	0.528	3.750E-01	3.129E-01	2.402E-01	1.681E+00	27
cand-siteA-id73	3fzb-assembly2_D	0.095	63	80	129	0.700	0.488	5.022E-01	3.999E-01	2.837E-01	4.507E+00	27
cand-siteA-id73	8k36-assembly1_B	0.106	75	80	154	0.725	0.435	4.784E-01	3.749E-01	2.202E-01	4.507E+00	27
cand-siteA-id73	4v5z-assembly1_Bm	0.128	78	80	175	0.712	0.429	4.365E-01	3.414E-01	1.860E-01	3.038E+00	27
cand-siteA-id73	3s6v-assembly2_B	0.108	74	80	179	0.812	0.397	4.198E-01	3.651E-01	2.062E-01	2.845E+00	27
cand-siteA-id73	8ir1-assembly1_U	0.116	60	80	182	0.712	0.297	4.263E-01	3.231E-01	1.725E-01	2.845E+00	27
cand-siteA-id73	1ffk-assembly1_I	0.121	74	80	194	0.725	0.381	3.970E-01	3.110E-01	1.582E-01	1.917E+00	27
cand-siteA-id73	4gko-assembly3_F	0.147	68	80	197	0.700	0.249	4.169E-01	2.833E-01	1.358E-01	2.048E+00	27
cand-siteA-id73	8c3a-assembly1_v	0.119	84	80	203	0.800	0.414	4.933E-01	4.109E-01	1.907E-01	5.863E+00	27
cand-siteA-id73	2bl9-assembly1_A	0.185	27	80	216	0.325	0.120	6.116E-01	2.741E-01	1.093E-01	3.952E+00	27
cand-siteA-id73	6gfk-assembly2_B	0.077	77	80	220	0.950	0.305	5.690E-01	4.968E-01	2.255E-01	8.699E+00	27
cand-siteA-id73	2j3s-assembly2_B	0.222	27	80	228	0.250	0.118	6.069E-01	1.933E-01	7.167E-02	3.465E+00	27
cand-siteA-id73	3ep8-assembly1_A	0.073	82	80	240	0.913	0.317	3.602E-01	3.360E-01	1.561E-01	2.494E+00	27
cand-siteA-id73	4pbw-assembly3_C	0.134	67	80	255	0.725	0.184	5.005E-01	3.243E-01	1.174E-01	4.220E+00	27
cand-siteA-id73	3fpg-assembly1_B	0.097	72	80	264	0.900	0.246	4.704E-01	4.069E-01	1.703E-01	5.141E+00	27
cand-siteA-id73	9d3f-assembly1_A	0.120	58	80	265	0.700	0.208	4.804E-01	3.696E-01	1.473E-01	4.220E+00	27
cand-siteA-id73	7ab2-assembly1_A	0.152	59	80	270	0.700	0.196	5.066E-01	3.835E-01	1.456E-01	4.507E+00	27
cand-siteA-id73	8rqa-assembly1_A	0.144	69	80	306	0.725	0.222	4.143E-01	3.229E-01	1.150E-01	2.335E+00	27
cand-siteA-id73	2v62-assembly1_A	0.076	65	80	309	0.688	0.210	3.958E-01	3.069E-01	1.086E-01	2.187E+00	27
cand-siteA-id73	7q52-assembly1_AAA	0.169	59	80	312	0.700	0.183	4.776E-01	3.842E-01	1.335E-01	4.814E+00	27
cand-siteA-id73	4yh6-assembly1_A	0.127	55	80	313	0.688	0.134	3.598E-01	2.272E-01	7.398E-02	9.934E-01	27
cand-siteA-id73	3lc1-assembly1_O	0.112	80	80	334	0.725	0.222	4.961E-01	4.031E-01	1.300E-01	4.814E+00	27
cand-siteA-id73	1qzz-assembly1_A	0.051	78	80	340	0.712	0.194	4.318E-01	3.197E-01	8.817E-02	3.038E+00	27
cand-siteA-id73	6ae3-assembly1_A	0.072	55	80	348	0.675	0.138	4.763E-01	3.359E-01	1.063E-01	3.244E+00	27
cand-siteA-id73	5myv-assembly4_D	0.126	63	80	351	0.712	0.174	4.733E-01	3.723E-01	1.171E-01	4.814E+00	27
cand-siteA-id73	5myv-assembly1_A	0.125	64	80	352	0.725	0.176	4.743E-01	3.770E-01	1.189E-01	5.141E+00	27
cand-siteA-id73	5jjb-assembly1_A-2	0.122	57	80	396	0.712	0.121	6.332E-01	4.259E-01	1.056E-01	9.290E+00	27
cand-siteA-id73	4e2w-assembly1_A	0.128	39	80	404	0.488	0.079	5.078E-01	2.670E-01	6.969E-02	3.244E+00	27
cand-siteA-id73	4e2x-assembly1_A	0.128	39	80	405	0.488	0.079	5.061E-01	2.671E-01	6.968E-02	3.038E+00	27
cand-siteA-id73	8ioj-assembly1_H	0.153	65	80	415	0.788	0.152	4.746E-01	3.957E-01	1.068E-01	3.952E+00	27
cand-siteA-id73	6lrf-assembly1_A-2	0.137	58	80	671	0.700	0.079	4.814E-01	3.623E-01	6.352E-02	3.465E+00	27
cand-siteA-id73	2cif-assembly1_A	0.133	60	80	61	0.700	0.902	3.405E-01	2.675E-01	3.166E-01	1.380E+00	26
cand-siteA-id73	1mog-assembly1_A	0.080	62	80	67	0.700	0.836	2.966E-01	2.293E-01	2.602E-01	1.133E+00	26
cand-siteA-id73	7mrs-assembly1_B	0.131	61	80	68	0.700	0.779	4.653E-01	3.399E-01	3.825E-01	5.490E+00	26
cand-siteA-id73	1kvd-assembly1_B	0.161	62	80	77	0.700	0.740	3.495E-01	2.760E-01	2.827E-01	1.574E+00	26
cand-siteA-id73	5xyi-assembly1_Y	0.155	58	80	105	0.725	0.524	4.398E-01	3.253E-01	2.670E-01	3.038E+00	26
cand-siteA-id73	4v5n-assembly1_BR	0.118	110	80	117	0.913	0.846	3.509E-01	3.286E-01	2.567E-01	2.187E+00	26
cand-siteA-id73	8a3w-assembly1_SZ	0.149	67	80	122	0.712	0.475	3.207E-01	2.627E-01	2.019E-01	1.133E+00	26
cand-siteA-id73	8b2l-assembly1_H1	0.209	62	80	127	0.712	0.449	3.503E-01	2.949E-01	2.200E-01	1.681E+00	26
cand-siteA-id73	3fzb-assembly1_I	0.075	66	80	127	0.700	0.520	5.091E-01	4.056E-01	2.927E-01	5.490E+00	26
cand-siteA-id73	3v4h-assembly1_B	0.173	23	80	129	0.287	0.178	6.472E-01	2.516E-01	1.621E-01	4.814E+00	26
cand-siteA-id73	3zc4-assembly6_F	0.156	64	80	155	0.800	0.368	4.444E-01	3.279E-01	1.862E-01	3.038E+00	26
cand-siteA-id73	3zc4-assembly9_I	0.149	67	80	157	0.837	0.382	4.252E-01	3.281E-01	1.841E-01	2.664E+00	26
cand-siteA-id73	4kua-assembly1_A	0.108	74	80	161	0.900	0.379	3.365E-01	2.867E-01	1.768E-01	2.187E+00	26
cand-siteA-id73	4gh8-assembly2_A	0.077	77	80	162	0.837	0.358	5.401E-01	4.051E-01	2.188E-01	7.627E+00	26
cand-siteA-id73	4w64-assembly1_A	0.227	22	80	171	0.275	0.129	6.134E-01	2.381E-01	1.181E-01	4.814E+00	26
cand-siteA-id73	1yz7-assembly1_A	0.166	60	80	176	0.700	0.318	4.652E-01	3.686E-01	2.103E-01	5.863E+00	26
cand-siteA-id73	6lad-assembly8_E	0.189	58	80	186	0.700	0.269	3.411E-01	2.591E-01	1.535E-01	1.574E+00	26
cand-siteA-id73	2vzy-assembly1_D	0.118	76	80	191	0.950	0.335	3.830E-01	3.298E-01	1.866E-01	2.664E+00	26
cand-siteA-id73	9axt-assembly1_BZ	0.119	84	80	200	0.800	0.420	4.562E-01	3.801E-01	1.786E-01	4.814E+00	26
cand-siteA-id73	7r81-assembly1_P1	0.101	79	80	202	0.725	0.376	4.551E-01	3.576E-01	1.713E-01	3.952E+00	26
cand-siteA-id73	5t5h-assembly1_Q	0.080	75	80	203	0.712	0.369	4.005E-01	3.159E-01	1.577E-01	2.845E+00	26
cand-siteA-id73	5bw4-assembly1_A	0.086	69	80	205	0.725	0.327	4.464E-01	3.630E-01	1.803E-01	3.465E+00	26
cand-siteA-id73	5anm-assembly2_E	0.142	56	80	206	0.700	0.165	5.094E-01	2.435E-01	1.006E-01	3.038E+00	26
cand-siteA-id73	4qdj-assembly1_A	0.050	60	80	208	0.700	0.245	3.795E-01	2.808E-01	1.487E-01	2.494E+00	26
cand-siteA-id73	6moi-assembly1_B	0.072	69	80	210	0.725	0.229	4.976E-01	3.207E-01	1.370E-01	6.687E+00	26
cand-siteA-id73	2blc-assembly1_A	0.185	27	80	215	0.325	0.121	6.069E-01	2.750E-01	1.099E-01	4.814E+00	26
cand-siteA-id73	2blb-assembly1_A	0.086	81	80	217	0.887	0.286	4.928E-01	3.948E-01	1.695E-01	5.863E+00	26
cand-siteA-id73	3ep7-assembly1_A	0.064	78	80	239	0.863	0.301	3.940E-01	3.536E-01	1.588E-01	3.244E+00	26
cand-siteA-id73	3ep4-assembly1_A	0.076	78	80	241	0.887	0.307	3.684E-01	3.385E-01	1.574E-01	3.244E+00	26
cand-siteA-id73	7d5t-assembly1_3B	0.159	69	80	242	0.725	0.244	4.628E-01	3.616E-01	1.492E-01	3.700E+00	26
cand-siteA-id73	3dz7-assembly1_A	0.075	79	80	243	0.887	0.305	3.457E-01	3.141E-01	1.482E-01	2.494E+00	26
cand-siteA-id73	7aw3-assembly1_A	0.163	61	80	269	0.725	0.193	5.544E-01	4.053E-01	1.484E-01	7.627E+00	26
cand-siteA-id73	5d7a-assembly2_B	0.101	59	80	286	0.725	0.192	4.758E-01	3.792E-01	1.419E-01	4.814E+00	26
cand-siteA-id73	8iyi-assembly1_B	0.146	75	80	289	0.938	0.249	5.451E-01	5.002E-01	1.799E-01	8.146E+00	26
cand-siteA-id73	4w9x-assembly1_A	0.173	52	80	300	0.625	0.167	4.631E-01	3.486E-01	1.261E-01	5.141E+00	26
cand-siteA-id73	6v8i-assembly1_AC	0.136	22	80	314	0.275	0.070	6.436E-01	2.547E-01	6.838E-02	5.490E+00	26
cand-siteA-id73	4y12-assembly1_A	0.169	59	80	322	0.700	0.177	4.955E-01	3.926E-01	1.321E-01	6.262E+00	26
cand-siteA-id73	5wy8-assembly1_B	0.138	72	80	323	0.712	0.183	3.469E-01	2.739E-01	9.457E-02	1.292E+00	26
cand-siteA-id73	7c5g-assembly1_Q	0.080	75	80	335	0.725	0.224	5.170E-01	4.207E-01	1.357E-01	6.262E+00	26
cand-siteA-id73	5v8y-assembly1_B-2	0.126	79	80	335	0.725	0.218	4.979E-01	4.055E-01	1.302E-01	5.141E+00	26
cand-siteA-id73	7c5j-assembly1_Q	0.075	79	80	336	0.725	0.223	5.989E-01	4.700E-01	1.394E-01	7.627E+00	26
cand-siteA-id73	2jld-assembly1_A	0.070	57	80	349	0.700	0.143	5.334E-01	3.768E-01	1.125E-01	5.863E+00	26
cand-siteA-id73	8u17-assembly2_D	0.138	72	80	349	0.725	0.189	4.520E-01	3.530E-01	1.076E-01	3.038E+00	26
cand-siteA-id73	8tnq-assembly1_B	0.144	69	80	374	0.725	0.182	3.951E-01	3.127E-01	9.645E-02	2.335E+00	26
cand-siteA-id73	5jk8-assembly1_B	0.166	60	80	385	0.725	0.143	5.734E-01	4.276E-01	1.135E-01	8.699E+00	26
cand-siteA-id73	5t64-assembly1_B	0.153	39	80	397	0.488	0.081	4.956E-01	2.639E-01	7.051E-02	2.845E+00	26
cand-siteA-id73	5t67-assembly1_B	0.142	35	80	402	0.438	0.075	4.985E-01	2.453E-01	6.409E-02	2.048E+00	26
cand-siteA-id73	6lrr-assembly1_G	0.179	67	80	430	0.750	0.144	4.260E-01	3.482E-01	9.544E-02	3.244E+00	26
cand-siteA-id73	4g7z-assembly2_N	0.304	23	80	1489	0.287	0.015	5.183E-01	2.391E-01	1.455E-02	3.038E+00	26
cand-siteA-id73	1gh8-assembly1_A	0.187	64	80	89	0.738	0.640	4.508E-01	3.692E-01	3.463E-01	5.141E+00	25
cand-siteA-id73	1xbw-assembly2_C	0.068	58	80	90	0.712	0.600	5.319E-01	3.945E-01	3.622E-01	9.290E+00	25
cand-siteA-id73	8ecx-assembly1_B	0.120	58	80	99	0.663	0.545	4.561E-01	3.409E-01	2.930E-01	5.141E+00	25
cand-siteA-id73	6xyd-assembly1_B	0.140	50	80	106	0.613	0.425	4.595E-01	3.008E-01	2.467E-01	3.700E+00	25
cand-siteA-id73	5a76-assembly3_B	0.133	60	80	113	0.738	0.460	4.469E-01	3.504E-01	2.778E-01	3.244E+00	25
cand-siteA-id73	2aby-assembly1_A	0.172	58	80	122	0.700	0.434	4.975E-01	3.714E-01	2.749E-01	6.262E+00	25
cand-siteA-id73	7ohy-assembly1_P	0.142	49	80	126	0.550	0.389	4.134E-01	2.735E-01	2.057E-01	3.700E+00	25
cand-siteA-id73	3i4s-assembly1_B	0.073	68	80	134	0.700	0.500	5.285E-01	4.110E-01	2.772E-01	7.627E+00	25
cand-siteA-id73	4y31-assembly1_A	0.079	113	80	150	0.700	0.753	4.714E-01	3.557E-01	2.189E-01	5.863E+00	25
cand-siteA-id73	4oae-assembly1_A	0.108	74	80	160	0.900	0.381	3.353E-01	2.856E-01	1.766E-01	2.664E+00	25
cand-siteA-id73	4w64-assembly2_B	0.227	22	80	160	0.275	0.138	6.123E-01	2.374E-01	1.258E-01	5.490E+00	25
cand-siteA-id73	5l07-assembly1_A	0.097	123	80	162	0.975	0.722	3.270E-01	3.179E-01	1.880E-01	1.795E+00	25
cand-siteA-id73	6lad-assembly7_B	0.189	58	80	184	0.700	0.266	3.614E-01	2.591E-01	1.490E-01	2.187E+00	25
cand-siteA-id73	1u4h-assembly2_B	0.147	68	80	188	0.750	0.293	4.123E-01	3.106E-01	1.586E-01	3.038E+00	25
cand-siteA-id73	8pv2-assembly1_LN	0.078	76	80	202	0.725	0.376	4.156E-01	3.259E-01	1.606E-01	3.244E+00	25
cand-siteA-id73	6uz7-assembly1_AN	0.107	84	80	202	0.800	0.416	4.697E-01	3.914E-01	1.843E-01	6.687E+00	25
cand-siteA-id73	6rm3-assembly1_LN0	0.094	117	80	203	0.925	0.576	3.820E-01	3.573E-01	1.708E-01	3.465E+00	25
cand-siteA-id73	6h1e-assembly1_A	0.137	58	80	207	0.700	0.222	5.871E-01	3.876E-01	1.744E-01	7.142E+00	25
cand-siteA-id73	7shy-assembly2_A	0.178	56	80	208	0.700	0.163	4.447E-01	2.100E-01	8.776E-02	1.917E+00	25
cand-siteA-id73	3g8a-assembly3_C	0.112	62	80	238	0.738	0.223	5.343E-01	4.013E-01	1.687E-01	6.687E+00	25
cand-siteA-id73	3ep3-assembly1_A	0.087	80	80	242	0.913	0.314	3.524E-01	3.272E-01	1.569E-01	3.465E+00	25
cand-siteA-id73	4x7o-assembly1_A	0.150	60	80	246	0.675	0.215	4.085E-01	3.143E-01	1.357E-01	2.494E+00	25
cand-siteA-id73	1zxe-assembly1_B	0.134	52	80	252	0.625	0.194	4.154E-01	3.191E-01	1.378E-01	3.700E+00	25
cand-siteA-id73	6cn9-assembly1_A	0.145	55	80	271	0.663	0.203	4.627E-01	3.572E-01	1.443E-01	5.141E+00	25
cand-siteA-id73	2o0l-assembly1_A	0.122	57	80	274	0.712	0.197	4.398E-01	3.339E-01	1.299E-01	3.952E+00	25
cand-siteA-id73	3lou-assembly1_B	0.107	56	80	279	0.688	0.179	4.825E-01	3.445E-01	1.335E-01	5.490E+00	25
cand-siteA-id73	3w7b-assembly1_A	0.137	58	80	285	0.700	0.175	5.756E-01	3.926E-01	1.336E-01	9.290E+00	25
cand-siteA-id73	2x7f-assembly3_C	0.084	59	80	285	0.700	0.193	5.181E-01	3.906E-01	1.397E-01	7.627E+00	25
cand-siteA-id73	5iqi-assembly3_C	0.269	63	80	297	0.762	0.199	3.746E-01	3.091E-01	1.226E-01	2.664E+00	25
cand-siteA-id73	3wo4-assembly1_B	0.087	57	80	301	0.688	0.130	4.447E-01	2.519E-01	8.171E-02	2.335E+00	25
cand-siteA-id73	6ac9-assembly3_C	0.061	65	80	307	0.675	0.212	4.056E-01	3.078E-01	1.069E-01	3.038E+00	25
cand-siteA-id73	3l4s-assembly1_R	0.135	74	80	334	0.725	0.222	4.917E-01	4.004E-01	1.297E-01	6.262E+00	25
cand-siteA-id73	6iqv-assembly1_B	0.051	77	80	336	0.725	0.229	5.136E-01	4.141E-01	1.326E-01	5.863E+00	25
cand-siteA-id73	5j9g-assembly1_A	0.113	79	80	338	0.725	0.216	5.743E-01	4.511E-01	1.335E-01	8.146E+00	25
cand-siteA-id73	8wge-assembly1_A	0.125	24	80	348	0.300	0.069	5.131E-01	2.357E-01	6.371E-02	4.814E+00	25
cand-siteA-id73	7zks-assembly1_A	0.126	63	80	348	0.663	0.172	4.728E-01	3.629E-01	1.130E-01	5.490E+00	25
cand-siteA-id73	5xv7-assembly1_A	0.140	64	80	350	0.688	0.171	4.663E-01	3.605E-01	1.130E-01	5.141E+00	25
cand-siteA-id73	3pyx-assembly1_B	0.125	72	80	359	0.688	0.201	5.453E-01	4.070E-01	1.158E-01	7.627E+00	25
cand-siteA-id73	7uea-assembly1_V	0.125	80	80	360	0.700	0.222	5.128E-01	4.076E-01	1.243E-01	7.142E+00	25
cand-siteA-id73	5mxx-assembly1_A	0.129	62	80	361	0.663	0.166	4.629E-01	3.564E-01	1.098E-01	5.863E+00	25
cand-siteA-id73	7u8f-assembly1_A	0.130	69	80	374	0.725	0.182	3.586E-01	2.940E-01	9.508E-02	2.335E+00	25
cand-siteA-id73	2zvi-assembly1_A	0.086	69	80	395	0.688	0.165	5.060E-01	3.802E-01	1.025E-01	5.490E+00	25
cand-siteA-id73	4e33-assembly1_A	0.128	39	80	404	0.488	0.079	5.037E-01	2.663E-01	6.978E-02	4.220E+00	25
cand-siteA-id73	8ioj-assembly1_K	0.145	62	80	411	0.725	0.136	4.486E-01	3.510E-01	9.706E-02	4.507E+00	25
cand-siteA-id73	3rg6-assembly1_B	0.159	69	80	438	0.750	0.146	4.513E-01	3.634E-01	9.564E-02	3.700E+00	25
cand-siteA-id73	4are-assembly1_A	0.098	71	80	678	0.725	0.102	4.551E-01	3.662E-01	6.752E-02	4.220E+00	25
cand-siteA-id73	3mpw-assembly1_L	0.127	55	80	90	0.688	0.489	5.845E-01	3.693E-01	3.371E-01	9.922E+00	24
cand-siteA-id73	1y0h-assembly1_B	0.103	58	80	98	0.725	0.571	4.609E-01	3.764E-01	3.294E-01	7.142E+00	24
cand-siteA-id73	2od6-assembly2_C	0.138	65	80	107	0.725	0.579	3.966E-01	3.320E-01	2.780E-01	3.244E+00	24
cand-siteA-id73	3f62-assembly1_A	0.078	64	80	108	0.738	0.454	3.305E-01	2.240E-01	1.758E-01	1.210E+00	24
cand-siteA-id73	5a76-assembly1_E	0.114	61	80	116	0.738	0.440	4.620E-01	3.430E-01	2.643E-01	4.814E+00	24
cand-siteA-id73	5vky-assembly1_A	0.136	88	80	122	0.850	0.590	2.594E-01	2.258E-01	1.724E-01	1.210E+00	24
cand-siteA-id73	2caj-assembly1_A-2	0.076	78	80	128	0.900	0.547	4.346E-01	3.853E-01	2.664E-01	6.262E+00	24
cand-siteA-id73	2wvc-assembly1_B	0.098	81	80	138	0.950	0.543	4.170E-01	3.937E-01	2.618E-01	4.814E+00	24
cand-siteA-id73	2wvb-assembly1_B	0.062	80	80	139	0.950	0.511	4.628E-01	4.157E-01	2.582E-01	7.627E+00	24
cand-siteA-id73	3h0g-assembly1_G	0.131	76	80	170	0.712	0.435	3.882E-01	2.952E-01	1.630E-01	3.244E+00	24
cand-siteA-id73	2raa-assembly1_A	0.147	61	80	178	0.738	0.309	5.104E-01	3.953E-01	2.139E-01	9.922E+00	24
cand-siteA-id73	2vzy-assembly1_C	0.121	74	80	189	0.925	0.328	3.579E-01	3.045E-01	1.787E-01	2.845E+00	24
cand-siteA-id73	6lad-assembly7_C	0.189	58	80	194	0.700	0.273	3.793E-01	2.889E-01	1.562E-01	3.244E+00	24
cand-siteA-id73	8brm-assembly1_LO	0.077	116	80	203	0.913	0.571	3.789E-01	3.505E-01	1.725E-01	4.814E+00	24
cand-siteA-id73	8q87-assembly1_BN	0.086	81	80	203	0.712	0.369	4.063E-01	3.195E-01	1.569E-01	3.952E+00	24
cand-siteA-id73	6xu8-assembly1_CN	0.103	116	80	203	0.913	0.571	4.025E-01	3.721E-01	1.783E-01	5.141E+00	24
cand-siteA-id73	4gko-assembly1_B	0.133	75	80	207	0.788	0.266	3.576E-01	2.623E-01	1.199E-01	2.048E+00	24
cand-siteA-id73	4ki1-assembly2_D	0.129	77	80	208	0.788	0.269	3.791E-01	2.764E-01	1.236E-01	2.664E+00	24
cand-siteA-id73	2w59-assembly1_B	0.089	56	80	214	0.700	0.159	4.781E-01	2.406E-01	9.696E-02	3.700E+00	24
cand-siteA-id73	4qdk-assembly2_A	0.101	69	80	219	0.700	0.306	4.236E-01	3.389E-01	1.601E-01	4.220E+00	24
cand-siteA-id73	3dz6-assembly1_A	0.062	80	80	238	0.887	0.311	3.711E-01	3.419E-01	1.574E-01	4.507E+00	24
cand-siteA-id73	3epa-assembly1_A	0.062	80	80	254	0.887	0.291	3.736E-01	3.441E-01	1.524E-01	3.952E+00	24
cand-siteA-id73	4pbw-assembly1_B	0.134	67	80	262	0.725	0.179	4.952E-01	3.210E-01	1.141E-01	7.142E+00	24
cand-siteA-id73	3enm-assembly1_C	0.112	62	80	275	0.700	0.193	3.807E-01	2.978E-01	1.229E-01	3.465E+00	24
cand-siteA-id73	7ezg-assembly1_A	0.110	100	80	275	0.887	0.331	4.258E-01	3.949E-01	1.629E-01	6.262E+00	24
cand-siteA-id73	8ghu-assembly1_A	0.152	59	80	281	0.712	0.192	4.449E-01	3.499E-01	1.334E-01	4.814E+00	24
cand-siteA-id73	6ra5-assembly1_B	0.089	56	80	283	0.700	0.187	5.193E-01	3.930E-01	1.442E-01	9.290E+00	24
cand-siteA-id73	7aaz-assembly1_A	0.177	62	80	290	0.725	0.200	5.343E-01	4.221E-01	1.502E-01	8.699E+00	24
cand-siteA-id73	8v42-assembly4_D	0.061	65	80	304	0.675	0.214	4.047E-01	3.140E-01	1.145E-01	3.465E+00	24
cand-siteA-id73	6cqh-assembly3_C	0.059	67	80	308	0.675	0.211	4.141E-01	3.157E-01	1.075E-01	3.952E+00	24
cand-siteA-id73	5lgj-assembly1_A	0.154	71	80	315	0.700	0.162	3.854E-01	2.704E-01	8.645E-02	2.494E+00	24
cand-siteA-id73	5uu1-assembly1_A	0.045	66	80	315	0.688	0.210	4.012E-01	3.104E-01	1.056E-01	3.700E+00	24
cand-siteA-id73	5y32-assembly1_B	0.138	72	80	322	0.712	0.183	3.420E-01	2.735E-01	9.534E-02	1.795E+00	24
cand-siteA-id73	7jwk-assembly1_B	0.092	76	80	331	0.725	0.227	5.050E-01	4.048E-01	1.309E-01	6.262E+00	24
cand-siteA-id73	6iqv-assembly1_D	0.038	77	80	333	0.725	0.231	5.070E-01	4.093E-01	1.314E-01	6.262E+00	24
cand-siteA-id73	3ksz-assembly1_Q	0.112	80	80	333	0.725	0.222	4.976E-01	4.040E-01	1.304E-01	7.627E+00	24
cand-siteA-id73	3hq4-assembly1_O	0.112	80	80	334	0.725	0.222	4.922E-01	4.006E-01	1.297E-01	6.687E+00	24
cand-siteA-id73	2pjd-assembly1_A	0.071	56	80	334	0.700	0.129	5.234E-01	3.186E-01	9.771E-02	7.627E+00	24
cand-siteA-id73	3lvf-assembly1_P	0.135	74	80	338	0.725	0.219	4.891E-01	3.986E-01	1.282E-01	7.142E+00	24
cand-siteA-id73	6iqv-assembly1_A	0.051	77	80	340	0.725	0.226	5.366E-01	4.306E-01	1.343E-01	7.627E+00	24
cand-siteA-id73	5m6d-assembly1_A	0.102	78	80	346	0.725	0.211	4.793E-01	3.920E-01	1.217E-01	6.687E+00	24
cand-siteA-id73	5my8-assembly1_A	0.129	62	80	355	0.663	0.169	4.641E-01	3.578E-01	1.117E-01	6.262E+00	24
cand-siteA-id73	6fad-assembly3_C	0.126	63	80	359	0.663	0.167	4.692E-01	3.552E-01	1.083E-01	5.490E+00	24
cand-siteA-id73	1q8z-assembly2_B	0.095	63	80	364	0.663	0.173	4.411E-01	3.389E-01	1.064E-01	4.814E+00	24
cand-siteA-id73	9dqd-assembly1_A	0.129	77	80	373	0.700	0.177	4.264E-01	3.164E-01	8.775E-02	3.700E+00	24
cand-siteA-id73	8w75-assembly1_C	0.152	85	80	395	0.900	0.197	2.968E-01	2.730E-01	8.360E-02	1.917E+00	24
cand-siteA-id73	4e2z-assembly1_A	0.128	39	80	405	0.488	0.079	5.072E-01	2.665E-01	6.950E-02	4.814E+00	24
cand-siteA-id73	4e30-assembly1_A	0.128	39	80	405	0.488	0.079	5.061E-01	2.667E-01	6.954E-02	4.814E+00	24
cand-siteA-id73	6ux2-assembly1_B	0.128	39	80	600	0.488	0.058	3.119E-01	2.003E-01	3.995E-02	1.474E+00	24
cand-siteA-id73	2zze-assembly2_B	0.173	23	80	744	0.287	0.031	7.001E-01	2.569E-01	3.016E-02	9.922E+00	24
cand-siteA-id73	4oin-assembly1_D	0.304	23	80	1485	0.287	0.015	5.268E-01	2.379E-01	1.458E-02	3.952E+00	24
cand-siteA-id73	4q4z-assembly1_D	0.304	23	80	1494	0.287	0.015	5.267E-01	2.379E-01	1.449E-02	3.952E+00	24
cand-siteA-id73	4b2j-assembly1_A	0.101	59	80	64	0.700	0.875	2.947E-01	2.300E-01	2.617E-01	2.187E+00	23
cand-siteA-id73	2od5-assembly1_A	0.108	83	80	91	0.950	0.769	3.119E-01	2.817E-01	2.563E-01	3.038E+00	23
cand-siteA-id73	2fb0-assembly1_A-2	0.105	57	80	94	0.688	0.574	4.773E-01	3.730E-01	3.359E-01	8.699E+00	23
cand-siteA-id73	1v05-assembly1_A-2	0.051	58	80	96	0.725	0.365	5.134E-01	2.504E-01	2.117E-01	5.490E+00	23
cand-siteA-id73	6zqb-assembly1_DY	0.177	62	80	97	0.725	0.588	3.190E-01	2.614E-01	2.356E-01	1.917E+00	23
cand-siteA-id73	3e8o-assembly1_B	0.125	56	80	101	0.675	0.515	4.488E-01	3.273E-01	2.832E-01	7.142E+00	23
cand-siteA-id73	4v4p-assembly1_A0	0.187	48	80	105	0.575	0.448	3.186E-01	2.182E-01	1.778E-01	1.380E+00	23
cand-siteA-id73	4v97-assembly1_BR	0.187	48	80	117	0.575	0.402	3.063E-01	2.144E-01	1.621E-01	1.133E+00	23
cand-siteA-id73	8jiw-assembly1_BY	0.190	63	80	124	0.725	0.468	3.580E-01	3.014E-01	2.285E-01	3.038E+00	23
cand-siteA-id73	3ne9-assembly3_C	0.176	34	80	133	0.425	0.241	4.811E-01	2.557E-01	1.723E-01	4.814E+00	23
cand-siteA-id73	2wvd-assembly2_A	0.053	75	80	133	0.850	0.504	4.445E-01	3.854E-01	2.616E-01	8.699E+00	23
cand-siteA-id73	4p66-assembly1_A	0.064	78	80	159	0.837	0.371	4.411E-01	3.518E-01	2.070E-01	5.863E+00	23
cand-siteA-id73	4qlg-assembly2_B	0.064	78	80	159	0.837	0.371	4.446E-01	3.539E-01	2.074E-01	5.141E+00	23
cand-siteA-id73	6yq5-assembly1_A	0.166	78	80	172	0.725	0.436	4.107E-01	3.303E-01	1.856E-01	3.465E+00	23
cand-siteA-id73	3pxj-assembly4_D	0.086	58	80	194	0.725	0.180	4.294E-01	2.091E-01	9.158E-02	3.038E+00	23
cand-siteA-id73	5moi-assembly1_E	0.196	56	80	200	0.700	0.170	4.678E-01	2.195E-01	9.160E-02	3.244E+00	23
cand-siteA-id73	8b2l-assembly1_F3	0.120	83	80	203	0.788	0.409	4.592E-01	3.796E-01	1.795E-01	8.699E+00	23
cand-siteA-id73	5dja-assembly1_B	0.134	67	80	207	0.688	0.232	4.820E-01	3.075E-01	1.295E-01	6.687E+00	23
cand-siteA-id73	7jg1-assembly1_D	0.103	58	80	228	0.700	0.175	3.701E-01	2.314E-01	9.731E-02	1.574E+00	23
cand-siteA-id73	3g89-assembly2_B	0.122	57	80	238	0.700	0.210	4.210E-01	3.149E-01	1.441E-01	4.220E+00	23
cand-siteA-id73	3ep5-assembly1_A	0.075	79	80	239	0.887	0.310	3.651E-01	3.314E-01	1.522E-01	4.814E+00	23
cand-siteA-id73	3ep6-assembly1_A	0.050	80	80	240	0.900	0.308	3.772E-01	3.482E-01	1.635E-01	4.814E+00	23
cand-siteA-id73	3ep9-assembly1_A	0.083	84	80	244	0.913	0.311	3.763E-01	3.500E-01	1.554E-01	5.490E+00	23
cand-siteA-id73	1i7c-assembly1_A	0.058	85	80	258	0.900	0.287	3.428E-01	3.162E-01	1.431E-01	4.507E+00	23
cand-siteA-id73	5wdy-assembly2_B	0.181	55	80	259	0.663	0.201	4.281E-01	3.312E-01	1.415E-01	5.141E+00	23
cand-siteA-id73	1iy9-assembly1_D	0.134	67	80	274	0.837	0.234	4.224E-01	3.723E-01	1.590E-01	7.142E+00	23
cand-siteA-id73	5o21-assembly2_B	0.188	53	80	274	0.637	0.193	4.766E-01	3.623E-01	1.425E-01	8.146E+00	23
cand-siteA-id73	1inl-assembly1_B	0.116	60	80	291	0.738	0.192	3.470E-01	2.917E-01	1.259E-01	3.244E+00	23
cand-siteA-id73	7nqh-assembly1_Bc	0.086	104	80	295	0.913	0.315	2.559E-01	2.347E-01	7.248E-02	7.150E-01	23
cand-siteA-id73	1hxd-assembly2_B	0.080	75	80	305	0.700	0.243	4.295E-01	3.156E-01	1.242E-01	7.627E+00	23
cand-siteA-id73	2v62-assembly2_B	0.076	65	80	310	0.688	0.210	3.990E-01	3.108E-01	1.106E-01	4.220E+00	23
cand-siteA-id73	6cmm-assembly3_C	0.057	69	80	316	0.700	0.209	3.733E-01	2.957E-01	1.029E-01	3.952E+00	23
cand-siteA-id73	6dw0-assembly1_B	0.183	71	80	319	0.700	0.213	5.266E-01	3.954E-01	1.200E-01	8.146E+00	23
cand-siteA-id73	6iqm-assembly1_B	0.053	75	80	323	0.725	0.232	5.073E-01	4.122E-01	1.361E-01	9.290E+00	23
cand-siteA-id73	4yh7-assembly1_B	0.127	55	80	324	0.688	0.130	3.558E-01	2.195E-01	7.122E-02	1.917E+00	23
cand-siteA-id73	6tca-assembly2_C	0.134	52	80	326	0.625	0.144	4.031E-01	2.980E-01	1.054E-01	4.507E+00	23
cand-siteA-id73	7c7k-assembly1_O	0.080	75	80	337	0.725	0.223	5.218E-01	4.239E-01	1.354E-01	8.699E+00	23
cand-siteA-id73	6tca-assembly4_G	0.115	52	80	337	0.650	0.139	4.742E-01	3.407E-01	1.109E-01	7.142E+00	23
cand-siteA-id73	2gyy-assembly1_B	0.121	74	80	339	0.688	0.206	5.312E-01	3.946E-01	1.172E-01	8.699E+00	23
cand-siteA-id73	6iqm-assembly1_A	0.053	75	80	339	0.725	0.221	5.198E-01	4.207E-01	1.317E-01	9.290E+00	23
cand-siteA-id73	6ae3-assembly1_B	0.090	55	80	344	0.675	0.140	4.627E-01	3.318E-01	1.078E-01	6.262E+00	23
cand-siteA-id73	6fad-assembly4_D	0.129	62	80	356	0.663	0.169	4.636E-01	3.513E-01	1.099E-01	7.627E+00	23
cand-siteA-id73	3eni-assembly1_A	0.123	81	80	357	0.700	0.227	4.633E-01	3.597E-01	1.149E-01	5.490E+00	23
cand-siteA-id73	4e31-assembly1_A	0.128	39	80	404	0.488	0.079	5.074E-01	2.669E-01	6.979E-02	5.490E+00	23
cand-siteA-id73	4e2y-assembly1_A	0.128	39	80	405	0.488	0.079	5.112E-01	2.679E-01	6.959E-02	5.863E+00	23
cand-siteA-id73	6bld-assembly1_A	0.162	43	80	414	0.525	0.104	4.266E-01	2.567E-01	7.417E-02	4.220E+00	23
cand-siteA-id73	4rvd-assembly1_A	0.083	72	80	418	0.663	0.151	3.852E-01	2.930E-01	8.304E-02	5.141E+00	23
cand-siteA-id73	6juy-assembly1_A	0.103	58	80	639	0.700	0.083	4.648E-01	3.545E-01	6.569E-02	5.490E+00	23
cand-siteA-id73	2y50-assembly1_A	0.084	71	80	672	0.725	0.103	4.289E-01	3.516E-01	6.766E-02	4.814E+00	23
cand-siteA-id73	5tjg-assembly1_D	0.217	23	80	1475	0.287	0.015	5.744E-01	2.382E-01	1.468E-02	6.687E+00	23
cand-siteA-id73	8ecp-assembly1_B	0.120	58	80	96	0.688	0.562	3.948E-01	3.179E-01	2.832E-01	6.262E+00	22
cand-siteA-id73	2v94-assembly1_A	0.138	65	80	96	0.725	0.604	4.272E-01	3.372E-01	2.954E-01	6.687E+00	22
cand-siteA-id73	1wd6-assembly1_B	0.147	61	80	96	0.700	0.562	5.010E-01	3.882E-01	3.406E-01	7.627E+00	22
cand-siteA-id73	2bbe-assembly1_A	0.061	65	80	103	0.762	0.592	4.325E-01	3.505E-01	2.928E-01	6.262E+00	22
cand-siteA-id73	3bm7-assembly1_A-2	0.096	62	80	106	0.725	0.547	4.751E-01	3.901E-01	3.215E-01	9.922E+00	22
cand-siteA-id73	6b4v-assembly1_O	0.187	48	80	118	0.575	0.398	3.208E-01	2.203E-01	1.650E-01	1.681E+00	22
cand-siteA-id73	4ce4-assembly1_R	0.071	112	80	120	0.975	0.883	2.989E-01	2.928E-01	2.293E-01	1.917E+00	22
cand-siteA-id73	2wve-assembly1_B	0.074	81	80	133	0.950	0.534	4.526E-01	4.063E-01	2.732E-01	9.290E+00	22
cand-siteA-id73	5z3g-assembly1_T	0.155	45	80	136	0.525	0.331	4.331E-01	2.379E-01	1.703E-01	4.814E+00	22
cand-siteA-id73	4tv4-assembly1_A-2	0.181	22	80	145	0.275	0.152	6.324E-01	2.386E-01	1.381E-01	9.922E+00	22
cand-siteA-id73	8esr-assembly1_P	0.148	54	80	149	0.575	0.362	4.142E-01	2.691E-01	1.834E-01	5.490E+00	22
cand-siteA-id73	1dhj-assembly1_B	0.064	78	80	159	0.837	0.371	4.457E-01	3.548E-01	2.070E-01	7.142E+00	22
cand-siteA-id73	2jzx-assembly1_A	0.189	58	80	160	0.688	0.325	3.821E-01	2.911E-01	1.872E-01	5.490E+00	22
cand-siteA-id73	4v3p-assembly1_LP	0.075	80	80	194	0.725	0.392	4.206E-01	3.287E-01	1.676E-01	5.863E+00	22
cand-siteA-id73	4gko-assembly2_C	0.136	66	80	197	0.700	0.234	4.171E-01	2.781E-01	1.352E-01	4.814E+00	22
cand-siteA-id73	4n0c-assembly2_G	0.214	28	80	197	0.338	0.142	4.360E-01	2.088E-01	1.041E-01	4.814E+00	22
cand-siteA-id73	9cai-assembly1_CN	0.093	75	80	203	0.712	0.369	3.952E-01	3.108E-01	1.529E-01	4.814E+00	22
cand-siteA-id73	7oyc-assembly1_N1	0.086	81	80	203	0.712	0.369	4.062E-01	3.198E-01	1.567E-01	5.141E+00	22
cand-siteA-id73	4v8m-assembly1_BQ	0.084	119	80	203	0.925	0.576	4.179E-01	3.916E-01	1.858E-01	8.146E+00	22
cand-siteA-id73	6zj3-assembly1_Lb	0.120	75	80	203	0.712	0.369	4.058E-01	3.148E-01	1.557E-01	5.490E+00	22
cand-siteA-id73	6s4l-assembly1_E	0.101	99	80	205	0.850	0.473	3.676E-01	3.271E-01	1.618E-01	3.700E+00	22
cand-siteA-id73	7ttz-assembly1_B	0.140	57	80	210	0.712	0.186	3.204E-01	2.063E-01	9.462E-02	1.474E+00	22
cand-siteA-id73	2w59-assembly1_A	0.089	56	80	215	0.700	0.158	4.713E-01	2.383E-01	9.603E-02	5.490E+00	22
cand-siteA-id73	2bla-assembly1_A	0.185	27	80	217	0.325	0.120	6.080E-01	2.756E-01	1.091E-01	8.699E+00	22
cand-siteA-id73	6u9d-assembly2_T-2	0.100	70	80	232	0.875	0.267	5.179E-01	4.274E-01	1.817E-01	9.290E+00	22
cand-siteA-id73	3h0w-assembly1_A	0.075	79	80	238	0.887	0.311	3.473E-01	3.166E-01	1.505E-01	4.814E+00	22
cand-siteA-id73	4yjv-assembly1_A	0.109	55	80	265	0.663	0.192	3.923E-01	2.979E-01	1.251E-01	6.262E+00	22
cand-siteA-id73	3kc3-assembly5_E	0.161	62	80	287	0.775	0.195	4.777E-01	3.832E-01	1.428E-01	9.290E+00	22
cand-siteA-id73	6yg2-assembly1_A	0.094	53	80	290	0.625	0.169	3.645E-01	2.777E-01	1.094E-01	4.814E+00	22
cand-siteA-id73	6yz4-assembly1_A	0.105	57	80	290	0.675	0.176	4.337E-01	3.105E-01	1.159E-01	7.627E+00	22
cand-siteA-id73	6ch4-assembly3_C	0.269	63	80	297	0.762	0.199	3.773E-01	3.133E-01	1.233E-01	4.814E+00	22
cand-siteA-id73	2auj-assembly1_D	0.217	23	80	298	0.287	0.074	5.716E-01	2.376E-01	7.001E-02	7.627E+00	22
cand-siteA-id73	8rqc-assembly1_A	0.105	76	80	300	0.725	0.220	4.154E-01	3.189E-01	1.141E-01	5.141E+00	22
cand-siteA-id73	3mwb-assembly1_B	0.147	61	80	303	0.738	0.175	4.602E-01	3.595E-01	1.311E-01	7.142E+00	22
cand-siteA-id73	6cnx-assembly3_C	0.057	69	80	311	0.700	0.212	3.737E-01	2.970E-01	1.045E-01	4.814E+00	22
cand-siteA-id73	6vxu-assembly3_C	0.059	67	80	311	0.675	0.209	4.117E-01	3.145E-01	1.064E-01	5.141E+00	22
cand-siteA-id73	8v42-assembly1_A	0.059	67	80	312	0.675	0.208	4.159E-01	3.167E-01	1.063E-01	5.490E+00	22
cand-siteA-id73	3o4o-assembly1_C	0.107	65	80	316	0.712	0.190	3.928E-01	3.094E-01	1.055E-01	4.507E+00	22
cand-siteA-id73	6lbk-assembly1_A	0.054	55	80	325	0.688	0.142	4.571E-01	2.874E-01	8.257E-02	5.863E+00	22
cand-siteA-id73	6k0j-assembly1_A	0.072	55	80	327	0.625	0.159	3.667E-01	2.701E-01	1.002E-01	4.507E+00	22
cand-siteA-id73	9j56-assembly1_B	0.027	74	80	330	0.675	0.218	4.689E-01	3.568E-01	1.155E-01	7.142E+00	22
cand-siteA-id73	7d1g-assembly1_A	0.128	78	80	333	0.725	0.219	4.806E-01	3.912E-01	1.257E-01	8.146E+00	22
cand-siteA-id73	6d6u-assembly1_A	0.166	84	80	333	0.738	0.213	3.659E-01	2.796E-01	7.842E-02	3.700E+00	22
cand-siteA-id73	5ci6-assembly1_A	0.163	55	80	335	0.625	0.161	3.852E-01	3.010E-01	1.061E-01	5.141E+00	22
cand-siteA-id73	2gyy-assembly2_D	0.131	76	80	342	0.688	0.211	4.497E-01	3.501E-01	1.158E-01	8.146E+00	22
cand-siteA-id73	9djt-assembly2_D	0.138	72	80	347	0.725	0.176	3.985E-01	3.127E-01	1.032E-01	5.141E+00	22
cand-siteA-id73	5h8z-assembly1_A	0.137	80	80	358	0.700	0.223	4.371E-01	3.468E-01	1.119E-01	5.863E+00	22
cand-siteA-id73	7zbv-assembly1_A	0.134	67	80	390	0.712	0.172	5.085E-01	3.910E-01	1.112E-01	8.146E+00	22
cand-siteA-id73	5t6b-assembly4_D	0.142	35	80	393	0.438	0.076	5.016E-01	2.461E-01	6.558E-02	4.220E+00	22
cand-siteA-id73	5t67-assembly1_A	0.142	35	80	405	0.438	0.074	4.975E-01	2.455E-01	6.377E-02	3.952E+00	22
cand-siteA-id73	3rg6-assembly1_A	0.126	71	80	442	0.750	0.149	4.371E-01	3.554E-01	9.360E-02	6.262E+00	22
cand-siteA-id73	9ci2-assembly1_G	0.150	73	80	452	0.712	0.150	4.351E-01	3.395E-01	8.840E-02	4.814E+00	22
cand-siteA-id73	7ziu-assembly1_A	0.125	40	80	603	0.500	0.060	3.102E-01	2.029E-01	4.015E-02	2.335E+00	22
cand-siteA-id73	5u0c-assembly2_B	0.128	39	80	621	0.488	0.056	3.090E-01	2.000E-01	3.894E-02	2.494E+00	22
cand-siteA-id73	9bz0-assembly1_A	0.103	77	80	1425	0.812	0.048	3.925E-01	3.381E-01	3.084E-02	5.863E+00	22
cand-siteA-id73	5ypw-assembly3_E	0.118	59	80	90	0.725	0.533	5.119E-01	3.713E-01	3.415E-01	9.922E+00	21
cand-siteA-id73	4za1-assembly1_C	0.081	61	80	92	0.712	0.587	4.857E-01	3.796E-01	3.442E-01	9.290E+00	21
cand-siteA-id73	6qzl-assembly1_E	0.078	38	80	93	0.475	0.387	4.594E-01	2.966E-01	2.664E-01	5.490E+00	21
cand-siteA-id73	7of7-assembly1_f	0.094	74	80	108	0.800	0.648	4.473E-01	3.880E-01	3.195E-01	8.146E+00	21
cand-siteA-id73	7ohu-assembly1_P	0.142	49	80	108	0.550	0.454	4.113E-01	2.729E-01	2.277E-01	8.146E+00	21
cand-siteA-id73	5a76-assembly4_H	0.067	59	80	114	0.738	0.430	4.756E-01	3.587E-01	2.801E-01	8.146E+00	21
cand-siteA-id73	6em3-assembly1_P	0.142	49	80	117	0.550	0.419	4.248E-01	2.692E-01	2.135E-01	8.699E+00	21
cand-siteA-id73	4acv-assembly1_B	0.112	71	80	123	0.700	0.512	4.683E-01	3.633E-01	2.606E-01	9.922E+00	21
cand-siteA-id73	2cad-assembly1_B-2	0.112	80	80	134	0.950	0.530	4.245E-01	3.833E-01	2.541E-01	9.290E+00	21
cand-siteA-id73	6dfr-assembly1_A	0.064	78	80	154	0.837	0.383	4.415E-01	3.506E-01	2.105E-01	7.627E+00	21
cand-siteA-id73	1dhi-assembly1_B	0.064	78	80	159	0.837	0.371	4.401E-01	3.504E-01	2.043E-01	7.627E+00	21
cand-siteA-id73	2drc-assembly1_B	0.064	78	80	159	0.837	0.371	4.397E-01	3.493E-01	2.035E-01	7.627E+00	21
cand-siteA-id73	4qle-assembly2_B	0.064	78	80	159	0.837	0.371	4.483E-01	3.567E-01	2.090E-01	7.627E+00	21
cand-siteA-id73	9fq0-assembly1_2	0.111	54	80	169	0.675	0.260	2.874E-01	2.268E-01	1.491E-01	2.048E+00	21
cand-siteA-id73	4gko-assembly3_E	0.132	68	80	180	0.725	0.272	3.986E-01	2.751E-01	1.443E-01	5.141E+00	21
cand-siteA-id73	3nwg-assembly1_A	0.145	55	80	180	0.688	0.256	4.539E-01	3.242E-01	1.810E-01	6.262E+00	21
cand-siteA-id73	1wj9-assembly1_A	0.109	73	80	188	0.725	0.351	4.288E-01	3.348E-01	1.676E-01	8.699E+00	21
cand-siteA-id73	1jsx-assembly1_A	0.105	57	80	193	0.700	0.233	4.629E-01	3.374E-01	1.729E-01	7.627E+00	21
cand-siteA-id73	6vqo-assembly1_D	0.214	28	80	193	0.338	0.145	4.536E-01	2.126E-01	1.074E-01	7.142E+00	21
cand-siteA-id73	5xy3-assembly1_N	0.106	75	80	202	0.712	0.371	4.251E-01	3.356E-01	1.654E-01	7.627E+00	21
cand-siteA-id73	6qzp-assembly1_LN	0.133	75	80	203	0.712	0.369	4.103E-01	3.237E-01	1.623E-01	7.627E+00	21
cand-siteA-id73	6kms-assembly2_D	0.107	56	80	209	0.700	0.220	4.435E-01	2.867E-01	1.385E-01	8.146E+00	21
cand-siteA-id73	6s4l-assembly1_D	0.103	97	80	215	0.850	0.442	3.733E-01	3.312E-01	1.551E-01	5.141E+00	21
cand-siteA-id73	2fbj-assembly1_H	0.109	55	80	220	0.688	0.155	4.415E-01	2.239E-01	9.134E-02	4.507E+00	21
cand-siteA-id73	3h0v-assembly1_A	0.076	78	80	239	0.900	0.310	3.704E-01	3.428E-01	1.649E-01	7.142E+00	21
cand-siteA-id73	6sk9-assembly1_A	0.129	54	80	240	0.650	0.221	4.476E-01	3.477E-01	1.564E-01	9.290E+00	21
cand-siteA-id73	8e4c-assembly1_A	0.125	80	80	253	0.812	0.225	3.541E-01	2.649E-01	9.931E-02	3.700E+00	21
cand-siteA-id73	3wo3-assembly6_L	0.087	57	80	255	0.688	0.153	4.509E-01	2.541E-01	9.461E-02	5.141E+00	21
cand-siteA-id73	7ovk-assembly1_A	0.105	57	80	256	0.675	0.199	4.299E-01	3.138E-01	1.291E-01	8.699E+00	21
cand-siteA-id73	7m5z-assembly1_A	0.145	55	80	263	0.675	0.202	4.409E-01	3.475E-01	1.439E-01	9.290E+00	21
cand-siteA-id73	4cwa-assembly2_B	0.203	64	80	267	0.788	0.225	4.317E-01	3.558E-01	1.431E-01	7.627E+00	21
cand-siteA-id73	3fpm-assembly1_A	0.129	54	80	283	0.663	0.173	4.634E-01	3.433E-01	1.302E-01	8.699E+00	21
cand-siteA-id73	3wo3-assembly4_H	0.087	57	80	288	0.688	0.135	4.525E-01	2.544E-01	8.525E-02	5.141E+00	21
cand-siteA-id73	3wo3-assembly2_D	0.090	55	80	290	0.688	0.134	4.481E-01	2.456E-01	7.914E-02	5.490E+00	21
cand-siteA-id73	3wo3-assembly1_B	0.087	57	80	294	0.688	0.133	4.482E-01	2.540E-01	8.332E-02	5.141E+00	21
cand-siteA-id73	5z1e-assembly1_A	0.101	59	80	296	0.675	0.172	3.992E-01	2.934E-01	1.093E-01	6.262E+00	21
cand-siteA-id73	5e91-assembly1_A	0.107	56	80	297	0.663	0.175	4.521E-01	3.415E-01	1.247E-01	9.290E+00	21
cand-siteA-id73	6f7s-assembly2_D	0.095	63	80	300	0.712	0.177	4.348E-01	3.348E-01	1.196E-01	6.687E+00	21
cand-siteA-id73	8k7r-assembly1_E	0.150	73	80	304	0.725	0.174	3.815E-01	2.727E-01	9.008E-02	4.220E+00	21
cand-siteA-id73	6ac9-assembly4_D	0.076	65	80	306	0.675	0.212	4.082E-01	3.138E-01	1.108E-01	6.687E+00	21
cand-siteA-id73	6cfm-assembly4_D	0.059	67	80	313	0.700	0.211	3.622E-01	2.929E-01	1.075E-01	4.814E+00	21
cand-siteA-id73	6cmm-assembly4_D	0.061	65	80	315	0.675	0.206	3.871E-01	2.962E-01	1.034E-01	5.141E+00	21
cand-siteA-id73	5ukf-assembly3_C	0.076	65	80	317	0.675	0.205	4.020E-01	3.091E-01	1.071E-01	5.863E+00	21
cand-siteA-id73	6cmm-assembly1_A	0.059	67	80	318	0.675	0.204	4.192E-01	3.189E-01	1.051E-01	6.687E+00	21
cand-siteA-id73	3op5-assembly2_B	0.061	65	80	319	0.675	0.204	3.894E-01	2.993E-01	1.030E-01	6.262E+00	21
cand-siteA-id73	1xds-assembly1_B	0.037	81	80	330	0.675	0.218	3.701E-01	2.686E-01	9.244E-02	5.141E+00	21
cand-siteA-id73	7dd1-assembly1_A	0.129	62	80	351	0.663	0.171	4.712E-01	3.648E-01	1.146E-01	9.922E+00	21
cand-siteA-id73	2gz3-assembly1_C	0.144	76	80	355	0.688	0.203	4.411E-01	3.485E-01	1.098E-01	8.146E+00	21
cand-siteA-id73	5o2c-assembly1_A	0.185	54	80	368	0.637	0.144	4.698E-01	3.578E-01	1.089E-01	9.290E+00	21
cand-siteA-id73	7y3v-assembly1_A	0.111	63	80	377	0.663	0.167	3.964E-01	2.831E-01	8.141E-02	6.262E+00	21
cand-siteA-id73	3ejd-assembly4_H	0.076	39	80	382	0.488	0.102	3.901E-01	2.497E-01	7.779E-02	5.490E+00	21
cand-siteA-id73	6ix7-assembly1_A	0.042	71	80	389	0.725	0.180	3.953E-01	3.219E-01	9.423E-02	6.687E+00	21
cand-siteA-id73	8bcm-assembly1_C	0.131	76	80	426	0.750	0.167	4.403E-01	3.591E-01	9.883E-02	8.699E+00	21
cand-siteA-id73	8hr5-assembly1_A	0.153	52	80	466	0.637	0.103	4.693E-01	3.133E-01	6.908E-02	8.146E+00	21
cand-siteA-id73	9b45-assembly1_1	0.090	22	80	503	0.275	0.044	5.226E-01	2.435E-01	4.257E-02	8.699E+00	21
cand-siteA-id73	5wz3-assembly1_A	0.116	43	80	565	0.538	0.069	3.270E-01	2.010E-01	4.212E-02	3.465E+00	21
cand-siteA-id73	6ld1-assembly1_A	0.121	41	80	574	0.512	0.064	3.704E-01	2.011E-01	3.837E-02	4.220E+00	21
cand-siteA-id73	6lrh-assembly1_B-2	0.133	60	80	664	0.712	0.081	3.599E-01	2.943E-01	6.066E-02	4.507E+00	21
cand-siteA-id73	5jxf-assembly1_A	0.109	64	80	694	0.650	0.088	4.328E-01	2.920E-01	5.281E-02	8.146E+00	21
cand-siteA-id73	8qmc-assembly1_B	0.112	71	80	724	0.700	0.097	4.007E-01	3.157E-01	5.398E-02	5.863E+00	21
cand-siteA-id73	7d59-assembly1_B	0.090	22	80	1095	0.275	0.020	5.287E-01	2.403E-01	1.974E-02	9.290E+00	21
cand-siteA-id73	4c3i-assembly1_A	0.153	78	80	1484	0.962	0.046	3.149E-01	2.784E-01	2.668E-02	3.465E+00	21
cand-siteA-id73	5uq4-assembly1_B	0.086	58	80	90	0.700	0.633	3.922E-01	3.258E-01	3.049E-01	7.627E+00	20
cand-siteA-id73	7ohp-assembly1_P	0.128	78	80	98	0.913	0.663	3.243E-01	2.738E-01	2.325E-01	5.141E+00	20
cand-siteA-id73	2ca9-assembly1_A	0.076	91	80	132	0.950	0.636	4.344E-01	4.134E-01	2.718E-01	9.922E+00	20
cand-siteA-id73	4d53-assembly2_B	0.185	70	80	133	0.812	0.511	3.411E-01	3.081E-01	2.322E-01	5.141E+00	20
cand-siteA-id73	5fa8-assembly1_A	0.086	69	80	156	0.837	0.295	4.308E-01	3.052E-01	1.832E-01	8.146E+00	20
cand-siteA-id73	4qlf-assembly1_A	0.083	72	80	157	0.812	0.338	4.493E-01	3.278E-01	1.932E-01	8.699E+00	20
cand-siteA-id73	2inq-assembly1_A	0.078	76	80	158	0.837	0.361	4.269E-01	3.278E-01	1.907E-01	8.146E+00	20
cand-siteA-id73	7qru-assembly1_E	0.062	80	80	158	0.938	0.456	3.519E-01	3.212E-01	2.020E-01	7.627E+00	20
cand-siteA-id73	5hi6-assembly1_A	0.038	78	80	161	0.837	0.366	4.462E-01	3.542E-01	2.039E-01	9.922E+00	20
cand-siteA-id73	6cfw-assembly1_A	0.103	77	80	165	0.875	0.424	3.254E-01	3.010E-01	1.929E-01	5.490E+00	20
cand-siteA-id73	8gtd-assembly1_M	0.230	52	80	178	0.650	0.292	4.240E-01	2.884E-01	1.417E-01	8.699E+00	20
cand-siteA-id73	2n8m-assembly1_A	0.146	82	80	191	0.900	0.403	4.221E-01	3.891E-01	1.969E-01	9.922E+00	20
cand-siteA-id73	5moi-assembly1_D	0.126	79	80	193	0.700	0.321	3.067E-01	2.215E-01	9.961E-02	2.664E+00	20
cand-siteA-id73	5moj-assembly1_B	0.178	56	80	197	0.700	0.173	4.452E-01	2.102E-01	9.086E-02	4.814E+00	20
cand-siteA-id73	5moj-assembly1_A	0.151	66	80	203	0.700	0.232	4.028E-01	2.775E-01	1.331E-01	6.262E+00	20
cand-siteA-id73	5mok-assembly1_B	0.196	56	80	205	0.700	0.166	4.733E-01	2.206E-01	9.044E-02	6.262E+00	20
cand-siteA-id73	5anm-assembly2_F	0.178	56	80	208	0.700	0.163	4.543E-01	2.141E-01	8.824E-02	5.490E+00	20
cand-siteA-id73	7cvu-assembly1_A	0.128	70	80	219	0.738	0.292	3.872E-01	3.231E-01	1.628E-01	7.142E+00	20
cand-siteA-id73	3g8b-assembly1_A	0.122	57	80	241	0.700	0.207	4.323E-01	3.160E-01	1.431E-01	8.699E+00	20
cand-siteA-id73	9d7q-assembly1_B	0.150	53	80	265	0.637	0.200	4.333E-01	3.355E-01	1.412E-01	9.922E+00	20
cand-siteA-id73	3orm-assembly1_A	0.111	63	80	266	0.700	0.218	3.802E-01	3.024E-01	1.283E-01	6.262E+00	20
cand-siteA-id73	6lbe-assembly2_C	0.103	58	80	268	0.725	0.138	3.943E-01	2.228E-01	8.043E-02	3.952E+00	20
cand-siteA-id73	5cwz-assembly3_C	0.081	61	80	271	0.725	0.181	4.421E-01	3.244E-01	1.254E-01	8.699E+00	20
cand-siteA-id73	3wo3-assembly5_J	0.087	57	80	272	0.688	0.143	4.514E-01	2.548E-01	8.962E-02	6.687E+00	20
cand-siteA-id73	1inl-assembly1_D	0.116	60	80	282	0.738	0.199	3.445E-01	2.927E-01	1.289E-01	5.490E+00	20
cand-siteA-id73	1inl-assembly1_A	0.116	60	80	285	0.738	0.196	3.450E-01	2.916E-01	1.277E-01	6.262E+00	20
cand-siteA-id73	3kck-assembly1_A	0.107	56	80	287	0.675	0.185	3.783E-01	2.878E-01	1.194E-01	7.627E+00	20
cand-siteA-id73	4yh6-assembly1_B	0.128	70	80	305	0.712	0.187	3.071E-01	2.387E-01	8.326E-02	2.845E+00	20
cand-siteA-id73	6bdn-assembly1_A	0.140	57	80	307	0.650	0.169	3.787E-01	2.961E-01	1.115E-01	6.262E+00	20
cand-siteA-id73	6dd4-assembly4_D	0.074	67	80	311	0.700	0.212	3.448E-01	2.754E-01	1.045E-01	5.141E+00	20
cand-siteA-id73	3op5-assembly1_A	0.074	67	80	320	0.700	0.206	3.573E-01	2.859E-01	1.027E-01	6.262E+00	20
cand-siteA-id73	6cnx-assembly1_A	0.089	67	80	322	0.700	0.205	3.629E-01	2.885E-01	1.017E-01	5.490E+00	20
cand-siteA-id73	2gyy-assembly2_C	0.131	76	80	350	0.688	0.206	4.438E-01	3.489E-01	1.113E-01	9.922E+00	20
cand-siteA-id73	1wbp-assembly1_A	0.114	61	80	350	0.663	0.171	4.273E-01	3.310E-01	1.098E-01	8.699E+00	20
cand-siteA-id73	2gyy-assembly1_A	0.131	76	80	352	0.688	0.205	4.414E-01	3.478E-01	1.106E-01	9.290E+00	20
cand-siteA-id73	4cyi-assembly2_D	0.175	57	80	407	0.675	0.130	4.224E-01	3.340E-01	9.836E-02	8.699E+00	20
cand-siteA-id73	4cyi-assembly4_H	0.172	58	80	407	0.675	0.130	4.175E-01	3.209E-01	9.515E-02	9.922E+00	20
cand-siteA-id73	4i4b-assembly1_A	0.064	93	80	410	0.887	0.224	4.039E-01	3.628E-01	9.673E-02	7.142E+00	20
cand-siteA-id73	8io2-assembly1_H	0.174	63	80	416	0.725	0.139	4.146E-01	3.364E-01	9.583E-02	7.627E+00	20
cand-siteA-id73	8q04-assembly1_A	0.145	62	80	420	0.750	0.129	4.553E-01	3.488E-01	9.625E-02	9.922E+00	20
cand-siteA-id73	9ci1-assembly1_H	0.157	70	80	439	0.725	0.153	4.557E-01	3.613E-01	9.504E-02	9.290E+00	20
cand-siteA-id73	6smh-assembly1_G	0.133	75	80	447	0.750	0.163	4.463E-01	3.614E-01	9.132E-02	9.290E+00	20
cand-siteA-id73	6qsn-assembly2_B	0.170	41	80	884	0.512	0.041	3.518E-01	2.183E-01	2.916E-02	3.700E+00	20
cand-siteA-id73	7eeb-assembly1_E	0.066	75	80	1053	0.725	0.054	3.659E-01	2.789E-01	3.036E-02	4.814E+00	20
cand-siteA-id73	8hey-assembly1_D	0.280	25	80	1270	0.275	0.020	5.102E-01	2.371E-01	1.700E-02	9.922E+00	20
cand-siteA-id73	8q3b-assembly1_A	0.228	57	80	1423	0.663	0.038	3.725E-01	2.925E-01	2.995E-02	6.262E+00	20
cand-siteA-id73	5a76-assembly2_D	0.132	83	80	113	0.913	0.664	3.544E-01	3.327E-01	2.672E-01	6.687E+00	19
cand-siteA-id73	5imr-assembly1_j	0.116	77	80	117	0.950	0.547	2.347E-01	2.048E-01	1.590E-01	1.795E+00	19
cand-siteA-id73	6tsv-assembly1_B	0.140	71	80	134	0.700	0.493	4.136E-01	3.197E-01	2.181E-01	8.699E+00	19
cand-siteA-id73	4n5e-assembly1_C	0.222	27	80	199	0.325	0.136	4.109E-01	2.117E-01	1.029E-01	7.627E+00	19
cand-siteA-id73	4y5x-assembly1_C	0.074	54	80	205	0.675	0.161	4.847E-01	2.321E-01	9.779E-02	9.290E+00	19
cand-siteA-id73	8sm2-assembly1_A-2	0.087	57	80	207	0.712	0.188	3.570E-01	2.267E-01	1.039E-01	3.952E+00	19
cand-siteA-id73	8ove-assembly1_AX	0.250	28	80	208	0.338	0.130	3.756E-01	2.281E-01	1.047E-01	4.220E+00	19
cand-siteA-id73	8c3a-assembly1_F	0.192	26	80	223	0.325	0.112	3.419E-01	2.161E-01	9.374E-02	3.244E+00	19
cand-siteA-id73	3ori-assembly4_D	0.111	63	80	267	0.700	0.217	3.503E-01	2.784E-01	1.170E-01	8.146E+00	19
cand-siteA-id73	6lbe-assembly1_A	0.103	58	80	274	0.725	0.135	3.820E-01	2.168E-01	7.543E-02	3.952E+00	19
cand-siteA-id73	3d2u-assembly2_E	0.105	57	80	279	0.712	0.136	4.285E-01	2.297E-01	7.616E-02	6.687E+00	19
cand-siteA-id73	3rw9-assembly1_A	0.122	57	80	282	0.712	0.191	3.936E-01	3.164E-01	1.291E-01	8.699E+00	19
cand-siteA-id73	3rw9-assembly1_B	0.122	57	80	282	0.712	0.191	3.936E-01	3.164E-01	1.290E-01	8.699E+00	19
cand-siteA-id73	1jq3-assembly1_B	0.101	59	80	286	0.725	0.192	3.471E-01	2.891E-01	1.258E-01	7.627E+00	19
cand-siteA-id73	3wo3-assembly3_F	0.087	57	80	288	0.688	0.135	4.515E-01	2.548E-01	8.517E-02	8.146E+00	19
cand-siteA-id73	8iyi-assembly1_A	0.135	59	80	291	0.738	0.192	4.073E-01	3.329E-01	1.340E-01	9.922E+00	19
cand-siteA-id73	6yfz-assembly1_A	0.103	58	80	296	0.663	0.169	4.035E-01	2.914E-01	1.083E-01	9.922E+00	19
cand-siteA-id73	8q1z-assembly1_A	0.043	69	80	311	0.712	0.215	3.587E-01	2.888E-01	1.038E-01	7.142E+00	19
cand-siteA-id73	6cqh-assembly1_A	0.059	67	80	316	0.675	0.206	4.171E-01	3.179E-01	1.055E-01	8.699E+00	19
cand-siteA-id73	6dd4-assembly3_C	0.074	67	80	317	0.700	0.208	3.596E-01	2.850E-01	1.027E-01	7.142E+00	19
cand-siteA-id73	6vxu-assembly1_A	0.057	69	80	320	0.700	0.206	3.725E-01	2.964E-01	1.020E-01	8.146E+00	19
cand-siteA-id73	5m56-assembly2_B	0.176	51	80	328	0.625	0.149	3.209E-01	2.631E-01	1.023E-01	5.490E+00	19
cand-siteA-id73	1szw-assembly2_B	0.142	70	80	330	0.663	0.212	3.415E-01	2.334E-01	6.252E-02	3.244E+00	19
cand-siteA-id73	4v4r-assembly1_AY	0.188	90	80	333	0.938	0.240	3.058E-01	2.869E-01	8.722E-02	3.244E+00	19
cand-siteA-id73	6b3o-assembly1_A	0.142	56	80	344	0.538	0.163	4.163E-01	2.276E-01	5.861E-02	8.146E+00	19
cand-siteA-id73	7z5u-assembly1_A	0.084	71	80	386	0.725	0.179	3.848E-01	3.228E-01	1.047E-01	8.699E+00	19
cand-siteA-id73	8env-assembly1_K	0.090	22	80	500	0.275	0.044	4.820E-01	2.375E-01	4.251E-02	9.922E+00	19
cand-siteA-id73	6rks-assembly1_C	0.192	78	80	508	0.788	0.146	3.416E-01	2.890E-01	6.586E-02	5.490E+00	19
cand-siteA-id73	6ld5-assembly1_A	0.120	25	80	575	0.312	0.042	3.842E-01	1.978E-01	3.722E-02	7.142E+00	19
cand-siteA-id73	4mtp-assembly3_C	0.102	39	80	585	0.488	0.060	3.105E-01	1.989E-01	4.011E-02	4.507E+00	19
cand-siteA-id73	5xap-assembly1_A	0.094	85	80	732	0.900	0.108	3.223E-01	2.944E-01	5.019E-02	5.490E+00	19
cand-siteA-id73	7al7-assembly1_A	0.140	57	80	108	0.688	0.380	3.584E-01	2.353E-01	1.886E-01	4.220E+00	18
cand-siteA-id73	7nhn-assembly1_Q	0.190	42	80	122	0.512	0.336	3.043E-01	2.071E-01	1.529E-01	2.845E+00	18
cand-siteA-id73	5m00-assembly1_G	0.120	25	80	187	0.312	0.134	3.891E-01	2.209E-01	1.098E-01	9.290E+00	18
cand-siteA-id73	6zkx-assembly1_D	0.222	27	80	190	0.325	0.142	4.095E-01	2.043E-01	1.029E-01	9.922E+00	18
cand-siteA-id73	4ezm-assembly3_E	0.118	76	80	191	0.788	0.283	3.702E-01	2.659E-01	1.282E-01	6.687E+00	18
cand-siteA-id73	7n6e-assembly2_G	0.250	24	80	198	0.287	0.121	3.902E-01	2.012E-01	9.446E-02	8.699E+00	18
cand-siteA-id73	8xub-assembly3_E	0.230	26	80	198	0.312	0.131	3.896E-01	1.969E-01	9.577E-02	8.146E+00	18
cand-siteA-id73	6lx3-assembly1_B	0.087	57	80	206	0.712	0.189	3.504E-01	2.226E-01	1.034E-01	5.141E+00	18
cand-siteA-id73	8q5i-assembly1_E	0.192	26	80	206	0.325	0.121	3.494E-01	2.184E-01	1.009E-01	4.507E+00	18
cand-siteA-id73	7ttz-assembly1_A	0.087	57	80	207	0.712	0.188	3.323E-01	2.183E-01	1.021E-01	4.507E+00	18
cand-siteA-id73	8ys9-assembly2_B	0.057	69	80	207	0.712	0.333	3.825E-01	3.022E-01	1.456E-01	8.699E+00	18
cand-siteA-id73	6ue8-assembly1_K	0.100	60	80	221	0.750	0.190	3.367E-01	2.247E-01	9.823E-02	3.952E+00	18
cand-siteA-id73	6lxw-assembly1_A	0.100	60	80	225	0.750	0.187	3.323E-01	2.220E-01	9.596E-02	3.952E+00	18
cand-siteA-id73	6ue7-assembly1_B	0.100	60	80	230	0.750	0.183	3.353E-01	2.233E-01	9.444E-02	4.507E+00	18
cand-siteA-id73	3fpj-assembly1_A	0.089	56	80	257	0.700	0.191	3.938E-01	2.787E-01	1.239E-01	9.290E+00	18
cand-siteA-id73	4pje-assembly1_A	0.055	54	80	261	0.675	0.134	4.281E-01	2.237E-01	7.972E-02	7.627E+00	18
cand-siteA-id73	5weu-assembly1_A	0.036	55	80	273	0.688	0.132	4.146E-01	2.222E-01	7.686E-02	7.627E+00	18
cand-siteA-id73	5j6h-assembly1_A	0.052	57	80	275	0.700	0.138	3.523E-01	1.894E-01	7.238E-02	3.465E+00	18
cand-siteA-id73	8f8u-assembly1_A	0.086	23	80	297	0.287	0.074	4.395E-01	2.119E-01	6.624E-02	8.699E+00	18
cand-siteA-id73	6ncg-assembly1_A	0.060	66	80	308	0.688	0.214	3.904E-01	3.014E-01	1.066E-01	9.922E+00	18
cand-siteA-id73	8k7t-assembly1_E	0.065	76	80	315	0.788	0.181	3.408E-01	2.584E-01	8.672E-02	6.262E+00	18
cand-siteA-id73	6csw-assembly3_C	0.057	69	80	319	0.700	0.207	3.749E-01	2.972E-01	1.022E-01	8.699E+00	18
cand-siteA-id73	6is0-assembly1_A	0.130	84	80	467	0.988	0.158	3.369E-01	3.198E-01	8.695E-02	9.922E+00	18
cand-siteA-id73	4ckk-assembly1_A	0.134	82	80	485	0.725	0.151	2.984E-01	2.402E-01	6.225E-02	3.244E+00	18
cand-siteA-id73	3irm-assembly1_B	0.128	70	80	519	0.725	0.114	3.577E-01	2.745E-01	5.597E-02	5.141E+00	18
cand-siteA-id73	6juy-assembly1_C	0.095	63	80	656	0.712	0.082	2.987E-01	2.228E-01	5.262E-02	4.220E+00	18
cand-siteA-id73	5j8b-assembly1_z	0.127	55	80	671	0.688	0.066	3.932E-01	2.763E-01	5.507E-02	7.627E+00	18
cand-siteA-id73	5uq4-assembly1_A	0.081	61	80	86	0.712	0.686	3.492E-01	2.940E-01	2.826E-01	9.922E+00	17
cand-siteA-id73	6m1b-assembly1_A-2	0.016	62	80	100	0.762	0.400	4.083E-01	2.326E-01	1.918E-01	9.290E+00	17
cand-siteA-id73	4rmr-assembly1_A	0.028	71	80	100	0.725	0.520	3.156E-01	2.478E-01	2.142E-01	5.863E+00	17
cand-siteA-id73	5xeu-assembly1_C	0.045	22	80	129	0.275	0.171	4.122E-01	1.706E-01	1.195E-01	4.814E+00	17
cand-siteA-id73	6tba-assembly1_5A	0.126	79	80	130	0.712	0.562	3.530E-01	2.813E-01	2.021E-01	9.290E+00	17
cand-siteA-id73	4tv4-assembly1_B-2	0.250	20	80	143	0.250	0.140	3.941E-01	1.638E-01	1.030E-01	3.952E+00	17
cand-siteA-id73	5fk9-assembly1_A	0.208	24	80	198	0.300	0.121	2.915E-01	1.895E-01	9.423E-02	2.845E+00	17
cand-siteA-id73	2iad-assembly1_B	0.135	59	80	201	0.738	0.189	3.871E-01	2.159E-01	9.665E-02	6.262E+00	17
cand-siteA-id73	5t2a-assembly1_AX	0.214	28	80	203	0.338	0.133	4.000E-01	2.323E-01	1.076E-01	8.146E+00	17
cand-siteA-id73	6uea-assembly1_I	0.087	57	80	222	0.712	0.176	3.045E-01	2.039E-01	9.218E-02	3.700E+00	17
cand-siteA-id73	4o4d-assembly1_A	0.115	52	80	240	0.650	0.217	3.006E-01	2.441E-01	1.291E-01	8.699E+00	17
cand-siteA-id73	3f61-assembly1_A	0.152	46	80	271	0.463	0.166	3.723E-01	2.257E-01	8.418E-02	8.146E+00	17
cand-siteA-id73	3l9r-assembly4_G	0.037	54	80	275	0.675	0.124	3.601E-01	1.840E-01	6.760E-02	4.814E+00	17
cand-siteA-id73	9cmz-assembly1_A	0.035	28	80	278	0.338	0.097	3.922E-01	2.055E-01	7.459E-02	6.687E+00	17
cand-siteA-id73	9fet-assembly1_A	0.071	42	80	313	0.463	0.131	3.720E-01	2.232E-01	6.869E-02	8.146E+00	17
cand-siteA-id73	5hxb-assembly2_C	0.121	74	80	370	0.725	0.176	2.901E-01	2.417E-01	8.256E-02	5.863E+00	17
cand-siteA-id73	8om4-assembly1_C	0.125	24	80	372	0.300	0.062	3.362E-01	2.094E-01	5.568E-02	4.507E+00	17
cand-siteA-id73	8qqn-assembly1_PG	0.105	76	80	396	0.938	0.174	2.950E-01	2.530E-01	7.406E-02	6.262E+00	17
cand-siteA-id73	6ld3-assembly1_A	0.130	23	80	578	0.287	0.038	3.444E-01	1.973E-01	3.446E-02	9.290E+00	17
cand-siteA-id73	4mtp-assembly1_A	0.102	39	80	591	0.488	0.059	3.016E-01	1.947E-01	4.005E-02	6.262E+00	17
cand-siteA-id73	6hcg-assembly1_A	0.088	79	80	592	0.850	0.117	2.878E-01	2.483E-01	5.556E-02	6.687E+00	17
cand-siteA-id73	8bz5-assembly1_D	0.152	85	80	598	0.750	0.135	2.821E-01	2.221E-01	4.144E-02	3.952E+00	17
cand-siteA-id73	6qsn-assembly1_A	0.170	41	80	882	0.512	0.041	3.491E-01	2.089E-01	2.853E-02	7.627E+00	17
cand-siteA-id73	6nhj-assembly1_l	0.200	25	80	1336	0.275	0.019	4.308E-01	2.224E-01	1.594E-02	9.922E+00	17
cand-siteA-id73	8yqu-assembly1_A	0.216	60	80	1407	0.675	0.039	3.010E-01	2.335E-01	2.828E-02	4.814E+00	17
cand-siteA-id73	8yqt-assembly1_A	0.220	59	80	1410	0.663	0.038	3.069E-01	2.310E-01	2.763E-02	4.814E+00	17
cand-siteA-id73	3l1f-assembly1_A-2	0.097	72	80	97	0.725	0.546	3.646E-01	2.565E-01	2.178E-01	8.699E+00	16
cand-siteA-id73	2bdd-assembly1_A	0.147	61	80	127	0.675	0.402	2.845E-01	2.033E-01	1.401E-01	5.141E+00	16
cand-siteA-id73	5xeu-assembly1_D	0.095	21	80	129	0.262	0.163	4.409E-01	1.785E-01	1.201E-01	6.687E+00	16
cand-siteA-id73	3mer-assembly2_B	0.121	33	80	173	0.412	0.191	3.533E-01	2.439E-01	1.407E-01	9.922E+00	16
cand-siteA-id73	4j2g-assembly3_B	0.111	99	80	187	0.700	0.529	3.339E-01	2.659E-01	1.423E-01	8.146E+00	16
cand-siteA-id73	8ryq-assembly2_I	0.094	74	80	188	0.725	0.309	2.678E-01	2.105E-01	1.127E-01	5.863E+00	16
cand-siteA-id73	1juv-assembly1_A-2	0.065	91	80	193	0.675	0.466	3.635E-01	2.604E-01	1.273E-01	8.699E+00	16
cand-siteA-id73	8a3w-assembly1_SC	0.208	24	80	202	0.300	0.114	3.354E-01	2.118E-01	9.773E-02	5.141E+00	16
cand-siteA-id73	5swz-assembly4_S	0.250	24	80	203	0.287	0.118	3.560E-01	2.004E-01	9.212E-02	9.290E+00	16
cand-siteA-id73	6rm3-assembly1_SD0	0.230	26	80	210	0.312	0.119	3.465E-01	2.159E-01	9.705E-02	6.262E+00	16
cand-siteA-id73	7z3o-assembly1_SD	0.066	30	80	214	0.375	0.136	3.597E-01	2.299E-01	1.064E-01	7.627E+00	16
cand-siteA-id73	6lx3-assembly1_A	0.100	60	80	215	0.750	0.195	3.332E-01	2.227E-01	1.001E-01	6.262E+00	16
cand-siteA-id73	6lxw-assembly1_B	0.100	60	80	218	0.750	0.193	3.431E-01	2.258E-01	9.918E-02	6.687E+00	16
cand-siteA-id73	8ghz-assembly1_C	0.163	55	80	221	0.688	0.190	3.601E-01	2.196E-01	9.602E-02	8.146E+00	16
cand-siteA-id73	6uea-assembly1_E	0.100	60	80	227	0.750	0.185	3.480E-01	2.261E-01	9.553E-02	8.146E+00	16
cand-siteA-id73	9bu0-assembly1_A	0.087	57	80	262	0.712	0.134	3.873E-01	2.110E-01	7.427E-02	7.627E+00	16
cand-siteA-id73	5mrf-assembly1_CC	0.125	24	80	339	0.300	0.068	3.503E-01	2.120E-01	6.089E-02	5.863E+00	16
cand-siteA-id73	4wua-assembly1_A	0.217	23	80	344	0.287	0.067	4.081E-01	2.244E-01	6.120E-02	8.146E+00	16
cand-siteA-id73	8qsy-assembly1_PK	0.106	75	80	401	0.925	0.172	2.963E-01	2.547E-01	7.465E-02	8.699E+00	16
cand-siteA-id73	8qsy-assembly1_PE	0.090	77	80	404	0.938	0.171	2.960E-01	2.525E-01	7.091E-02	8.699E+00	16
cand-siteA-id73	6ec3-assembly1_A	0.059	67	80	414	0.700	0.135	3.514E-01	2.823E-01	8.168E-02	9.922E+00	16
cand-siteA-id73	1gso-assembly1_A	0.069	86	80	419	0.812	0.181	2.980E-01	2.539E-01	7.569E-02	8.699E+00	16
cand-siteA-id73	2h2q-assembly1_B	0.088	68	80	492	0.725	0.106	3.545E-01	2.525E-01	5.314E-02	6.687E+00	16
cand-siteA-id73	4rmw-assembly1_A	0.048	83	80	100	0.738	0.680	2.854E-01	2.180E-01	1.792E-01	5.863E+00	15
cand-siteA-id73	3v4h-assembly1_A	0.181	22	80	131	0.250	0.168	3.702E-01	1.717E-01	1.138E-01	5.141E+00	15
cand-siteA-id73	3c6l-assembly1_H	0.135	59	80	192	0.738	0.198	4.025E-01	2.191E-01	1.011E-01	9.922E+00	15
cand-siteA-id73	7n5p-assembly1_D	0.076	78	80	198	0.738	0.293	2.834E-01	2.259E-01	1.156E-01	8.146E+00	15
cand-siteA-id73	5opt-assembly1_m	0.192	26	80	200	0.325	0.125	3.685E-01	2.271E-01	1.059E-01	9.290E+00	15
cand-siteA-id73	7uvl-assembly1_A	0.087	57	80	209	0.688	0.187	3.695E-01	2.298E-01	1.031E-01	8.699E+00	15
cand-siteA-id73	6lxw-assembly1_C	0.100	60	80	221	0.750	0.190	3.484E-01	2.280E-01	9.861E-02	9.922E+00	15
cand-siteA-id73	6lx3-assembly1_D	0.100	60	80	223	0.750	0.188	3.255E-01	2.199E-01	9.612E-02	8.146E+00	15
cand-siteA-id73	5loq-assembly1_E	0.098	71	80	235	0.675	0.302	2.641E-01	2.159E-01	1.112E-01	5.863E+00	15
cand-siteA-id73	5loq-assembly1_C	0.097	72	80	237	0.688	0.304	2.497E-01	2.044E-01	1.070E-01	4.814E+00	15
cand-siteA-id73	6fxj-assembly1_E	0.097	72	80	238	0.688	0.303	2.504E-01	2.053E-01	1.054E-01	4.814E+00	15
cand-siteA-id73	6bqp-assembly1_A	0.163	55	80	263	0.625	0.186	3.268E-01	2.354E-01	1.009E-01	8.699E+00	15
cand-siteA-id73	3l9r-assembly2_C	0.054	55	80	274	0.688	0.128	3.661E-01	1.947E-01	7.139E-02	7.142E+00	15
cand-siteA-id73	4ce4-assembly1_c	0.055	108	80	292	0.913	0.318	2.387E-01	2.196E-01	6.957E-02	3.465E+00	15
cand-siteA-id73	8fi3-assembly1_B	0.240	25	80	308	0.300	0.078	3.284E-01	1.970E-01	6.351E-02	6.687E+00	15
cand-siteA-id73	1szw-assembly1_A	0.140	71	80	334	0.675	0.213	3.513E-01	2.443E-01	6.465E-02	9.922E+00	15
cand-siteA-id73	1si7-assembly1_A	0.100	70	80	340	0.663	0.206	3.431E-01	2.341E-01	6.080E-02	9.922E+00	15
cand-siteA-id73	3kjs-assembly1_A	0.128	70	80	500	0.725	0.118	3.607E-01	2.775E-01	5.783E-02	9.922E+00	15
cand-siteA-id73	2h2q-assembly1_A	0.126	71	80	514	0.725	0.115	3.542E-01	2.746E-01	5.610E-02	9.290E+00	15
cand-siteA-id73	8rm0-assembly1_A	0.075	53	80	696	0.600	0.076	3.050E-01	2.013E-01	3.276E-02	8.699E+00	15
cand-siteA-id73	8tep-assembly1_M	0.280	25	80	1350	0.275	0.019	3.682E-01	1.982E-01	1.540E-02	8.699E+00	15
cand-siteA-id73	4m5t-assembly3_E	0.093	75	80	85	0.725	0.624	3.193E-01	2.217E-01	2.102E-01	8.146E+00	14
cand-siteA-id73	4rmq-assembly1_A	0.050	79	80	100	0.700	0.640	2.891E-01	2.062E-01	1.683E-01	9.290E+00	14
cand-siteA-id73	5xeu-assembly1_A	0.086	23	80	128	0.287	0.180	4.362E-01	1.853E-01	1.280E-01	9.922E+00	14
cand-siteA-id73	5xxu-assembly1_D	0.208	24	80	200	0.300	0.115	3.310E-01	2.092E-01	9.779E-02	9.290E+00	14
cand-siteA-id73	6zme-assembly1_SD	0.130	23	80	227	0.287	0.097	3.272E-01	2.021E-01	8.415E-02	9.922E+00	14
cand-siteA-id73	6fxj-assembly1_B	0.098	71	80	237	0.675	0.300	3.015E-01	2.080E-01	1.055E-01	8.146E+00	14
cand-siteA-id73	8etn-assembly1_D	0.083	132	80	255	0.887	0.518	2.512E-01	2.296E-01	1.008E-01	6.262E+00	14
cand-siteA-id73	7ufj-assembly1_A	0.055	54	80	266	0.675	0.128	3.176E-01	1.598E-01	6.253E-02	7.142E+00	14
cand-siteA-id73	8fi3-assembly1_A	0.240	25	80	307	0.300	0.078	3.275E-01	1.972E-01	6.383E-02	8.699E+00	14
cand-siteA-id73	8xx0-assembly1_A-2	0.068	87	80	311	0.712	0.225	2.622E-01	1.982E-01	6.310E-02	6.687E+00	14
cand-siteA-id73	7sht-assembly1_D	0.107	56	80	312	0.675	0.115	3.076E-01	1.801E-01	6.005E-02	6.262E+00	14
cand-siteA-id73	3ri6-assembly1_A-2	0.089	56	80	353	0.475	0.159	3.180E-01	2.044E-01	6.356E-02	8.699E+00	14
cand-siteA-id73	7d6n-assembly1_H	0.082	85	80	588	0.900	0.141	2.233E-01	2.072E-01	4.321E-02	6.262E+00	14
cand-siteA-id73	2hfz-assembly1_A	0.125	88	80	608	0.900	0.137	2.187E-01	2.029E-01	3.971E-02	6.262E+00	14
cand-siteA-id73	4hdh-assembly1_A	0.126	87	80	613	0.887	0.134	2.227E-01	2.018E-01	3.801E-02	7.142E+00	14
cand-siteA-id73	4jvw-assembly1_D	0.105	57	80	105	0.712	0.371	2.937E-01	1.836E-01	1.512E-01	8.146E+00	13
cand-siteA-id73	4jvw-assembly1_A	0.105	57	80	108	0.712	0.361	2.905E-01	1.933E-01	1.551E-01	8.146E+00	13
cand-siteA-id73	8q72-assembly1_N	0.087	91	80	117	0.988	0.744	2.081E-01	2.047E-01	1.582E-01	9.922E+00	13
cand-siteA-id73	8r84-assembly1_B	0.072	55	80	124	0.688	0.315	2.930E-01	1.930E-01	1.402E-01	8.146E+00	13
cand-siteA-id73	5loq-assembly1_B	0.098	71	80	233	0.675	0.305	2.608E-01	2.103E-01	1.096E-01	9.290E+00	13
cand-siteA-id73	5u17-assembly2_C	0.084	59	80	262	0.738	0.145	3.000E-01	1.787E-01	7.128E-02	9.922E+00	13
cand-siteA-id73	5u72-assembly2_C	0.074	54	80	263	0.675	0.125	3.283E-01	1.602E-01	6.004E-02	8.146E+00	13
cand-siteA-id73	5jgl-assembly2_B	0.097	92	80	268	0.850	0.299	2.307E-01	1.961E-01	7.429E-02	8.699E+00	13
cand-siteA-id73	3dbx-assembly1_A	0.086	58	80	279	0.725	0.143	2.221E-01	1.507E-01	6.730E-02	4.814E+00	13
cand-siteA-id73	3bqw-assembly1_A	0.111	54	80	347	0.675	0.124	2.107E-01	1.613E-01	5.509E-02	5.490E+00	13
cand-siteA-id73	9gzk-assembly2_C	0.135	81	80	599	0.688	0.130	2.798E-01	2.080E-01	4.208E-02	9.922E+00	13
cand-siteA-id73	6lx3-assembly1_C	0.118	59	80	209	0.738	0.191	2.847E-01	1.885E-01	8.964E-02	9.290E+00	12
cand-siteA-id73	1vdh-assembly1_A	0.133	75	80	247	0.675	0.296	2.286E-01	1.895E-01	1.032E-01	8.699E+00	12
cand-siteA-id73	7qna-assembly1_C	0.185	27	80	328	0.300	0.079	3.024E-01	1.265E-01	4.693E-02	6.687E+00	12
cand-siteA-id73	6hup-assembly1_C	0.185	27	80	330	0.300	0.079	2.913E-01	1.274E-01	4.656E-02	7.627E+00	12
cand-siteA-id73	8b7f-assembly1_B	0.116	86	80	368	0.988	0.215	1.725E-01	1.692E-01	7.278E-02	7.627E+00	12
cand-siteA-id73	7fj1-assembly1_q	0.130	23	80	1311	0.275	0.018	2.754E-01	1.561E-01	1.524E-02	8.146E+00	12
cand-siteA-id73	7et3-assembly1_C-2	0.217	23	80	1330	0.275	0.017	2.584E-01	1.580E-01	1.513E-02	6.687E+00	12
cand-siteA-id73	7etj-assembly1_C	0.217	23	80	1331	0.275	0.017	2.830E-01	1.591E-01	1.511E-02	8.699E+00	12
cand-siteA-id73	5vku-assembly1_H	0.217	23	80	1352	0.275	0.017	2.823E-01	1.556E-01	1.488E-02	9.290E+00	12
cand-siteA-id73	1zyc-assembly1_B	0.150	20	80	254	0.250	0.079	2.753E-01	1.684E-01	6.507E-02	9.922E+00	11
cand-siteA-id73	6q1f-assembly1_q	0.130	23	80	1296	0.275	0.018	2.565E-01	1.574E-01	1.550E-02	9.922E+00	11
cand-siteA-id73	6nhj-assembly1_m	0.173	23	80	1312	0.275	0.018	2.512E-01	1.537E-01	1.533E-02	9.922E+00	11
cand-siteA-id73	5vku-assembly1_B	0.217	23	80	1335	0.275	0.017	2.596E-01	1.571E-01	1.504E-02	9.290E+00	11
cand-siteA-id73	6cgr-assembly1_S	0.172	29	80	1357	0.300	0.021	3.361E-01	1.450E-01	1.542E-02	9.922E+00	11
cand-siteA-id73	9eqg-assembly1_C	0.192	26	80	332	0.287	0.075	2.533E-01	1.257E-01	4.515E-02	9.922E+00	10
cand-siteA-id19-sh09	2ifu-assembly4_D	0.200	70	75	270	0.933	0.259	9.449E-01	8.740E-01	2.535E-01	1.913E-02	152
cand-siteA-id19-sh09	2avp-assembly1_A	0.362	69	75	68	0.920	0.926	8.633E-01	7.304E-01	7.965E-01	8.710E-03	148
cand-siteA-id19-sh09	3ro3-assembly1_A	0.236	72	75	159	0.960	0.453	8.991E-01	8.561E-01	4.260E-01	2.024E-02	146
cand-siteA-id19-sh09	1na3-assembly2_B	0.366	71	75	86	0.947	0.756	8.688E-01	7.553E-01	6.678E-01	1.913E-02	139
cand-siteA-id19-sh09	7v6p-assembly1_A-2	0.175	74	75	220	0.960	0.336	8.978E-01	8.543E-01	3.104E-01	3.356E-02	137
cand-siteA-id19-sh09	1na3-assembly1_A	0.371	70	75	86	0.933	0.744	8.711E-01	7.468E-01	6.601E-01	2.395E-02	135
cand-siteA-id19-sh09	7v1k-assembly1_A-2	0.175	74	75	220	0.960	0.336	9.105E-01	8.662E-01	3.130E-01	5.886E-02	129
cand-siteA-id19-sh09	4wne-assembly1_A	0.256	74	75	326	0.987	0.227	9.176E-01	8.954E-01	2.206E-01	6.967E-02	128
cand-siteA-id19-sh09	3sf4-assembly2_B	0.194	72	75	350	0.960	0.206	8.945E-01	8.520E-01	1.988E-01	6.226E-02	128
cand-siteA-id19-sh09	5o01-assembly2_B	0.226	75	75	254	0.947	0.295	8.618E-01	8.116E-01	2.627E-01	4.701E-02	126
cand-siteA-id19-sh09	7v1l-assembly1_B-2	0.175	74	75	221	0.960	0.335	8.950E-01	8.519E-01	3.088E-01	7.370E-02	125
cand-siteA-id19-sh09	7ep7-assembly1_A	0.236	72	75	327	0.960	0.220	8.956E-01	8.531E-01	2.125E-01	7.796E-02	125
cand-siteA-id19-sh09	4a1s-assembly1_B	0.166	72	75	342	0.960	0.211	9.107E-01	8.668E-01	2.045E-01	9.761E-02	124
cand-siteA-id19-sh09	7dhg-assembly1_C	0.273	73	75	470	0.947	0.149	8.817E-01	8.171E-01	1.406E-01	6.586E-02	124
cand-siteA-id19-sh09	5lyn-assembly1_B	0.253	71	75	133	0.947	0.489	8.945E-01	7.746E-01	4.535E-01	6.967E-02	123
cand-siteA-id19-sh09	6hc2-assembly4_S	0.236	72	75	362	0.960	0.199	8.899E-01	8.477E-01	1.920E-01	8.247E-02	123
cand-siteA-id19-sh09	4cgq-assembly1_A	0.194	72	75	91	0.960	0.725	8.771E-01	7.717E-01	6.470E-01	5.886E-02	122
cand-siteA-id19-sh09	5o09-assembly1_1C	0.213	75	75	238	0.947	0.315	8.442E-01	7.956E-01	2.765E-01	5.565E-02	122
cand-siteA-id19-sh09	3ro2-assembly1_A	0.194	72	75	328	0.960	0.220	8.810E-01	8.396E-01	2.106E-01	9.761E-02	122
cand-siteA-id19-sh09	6hc2-assembly1_C	0.236	72	75	367	0.960	0.196	8.930E-01	8.506E-01	1.897E-01	8.723E-02	122
cand-siteA-id19-sh09	4wng-assembly1_A	0.256	74	75	330	0.987	0.224	9.158E-01	8.937E-01	2.178E-01	1.033E-01	121
cand-siteA-id19-sh09	4g2v-assembly1_A	0.246	69	75	321	0.920	0.215	8.908E-01	8.168E-01	2.073E-01	9.228E-02	120
cand-siteA-id19-sh09	7aoi-assembly1_BF	0.202	74	75	341	0.960	0.217	8.508E-01	8.116E-01	2.000E-01	6.967E-02	119
cand-siteA-id19-sh09	8ye5-assembly1_A	0.271	70	75	125	0.933	0.512	8.809E-01	7.534E-01	4.697E-01	8.247E-02	118
cand-siteA-id19-sh09	4gcn-assembly2_B	0.256	82	75	127	0.907	0.646	7.595E-01	6.860E-01	4.221E-01	2.141E-02	117
cand-siteA-id19-sh09	3zfw-assembly2_B	0.277	72	75	225	0.933	0.320	8.637E-01	8.029E-01	2.905E-01	6.586E-02	117
cand-siteA-id19-sh09	3zfw-assembly1_A	0.277	72	75	226	0.933	0.319	8.619E-01	8.013E-01	2.890E-01	6.586E-02	117
cand-siteA-id19-sh09	5fjy-assembly2_C-2	0.260	73	75	267	0.947	0.273	8.758E-01	8.244E-01	2.526E-01	8.247E-02	117
cand-siteA-id19-sh09	4jhr-assembly1_A	0.236	72	75	290	0.960	0.248	9.040E-01	8.606E-01	2.395E-01	1.293E-01	117
cand-siteA-id19-sh09	7tb1-assembly2_B	0.257	70	75	126	0.933	0.508	9.018E-01	7.687E-01	4.722E-01	1.092E-01	116
cand-siteA-id19-sh09	3edt-assembly3_H	0.263	72	75	254	0.933	0.283	8.870E-01	8.231E-01	2.614E-01	8.723E-02	116
cand-siteA-id19-sh09	3sf4-assembly1_A	0.236	72	75	355	0.960	0.203	9.100E-01	8.661E-01	1.970E-01	1.530E-01	116
cand-siteA-id19-sh09	5a6c-assembly2_A	0.194	72	75	363	0.960	0.198	8.674E-01	8.273E-01	1.901E-01	1.222E-01	116
cand-siteA-id19-sh09	4wnf-assembly1_A	0.232	73	75	255	0.973	0.286	8.824E-01	8.514E-01	2.727E-01	1.367E-01	115
cand-siteA-id19-sh09	3sf4-assembly3_C	0.194	72	75	346	0.960	0.208	8.753E-01	8.345E-01	1.996E-01	1.367E-01	115
cand-siteA-id19-sh09	8gck-assembly1_B	0.257	70	75	128	0.933	0.500	9.119E-01	7.762E-01	4.683E-01	1.619E-01	112
cand-siteA-id19-sh09	5l0y-assembly3_C	0.172	81	75	150	0.987	0.540	8.556E-01	8.354E-01	4.429E-01	1.367E-01	112
cand-siteA-id19-sh09	3edt-assembly1_B	0.260	73	75	258	0.947	0.283	8.940E-01	8.405E-01	2.629E-01	1.155E-01	112
cand-siteA-id19-sh09	3ceq-assembly1_A	0.263	72	75	250	0.933	0.288	8.856E-01	8.219E-01	2.655E-01	1.092E-01	111
cand-siteA-id19-sh09	3edt-assembly2_D	0.263	72	75	255	0.933	0.282	8.887E-01	8.246E-01	2.606E-01	1.222E-01	111
cand-siteA-id19-sh09	7t7t-assembly1_A	0.200	70	75	466	0.933	0.150	8.562E-01	7.974E-01	1.447E-01	1.367E-01	111
cand-siteA-id19-sh09	1elw-assembly2_B	0.285	70	75	115	0.933	0.557	8.811E-01	7.532E-01	5.074E-01	1.447E-01	110
cand-siteA-id19-sh09	3esk-assembly1_A	0.287	73	75	128	0.973	0.523	8.224E-01	7.386E-01	4.608E-01	9.761E-02	110
cand-siteA-id19-sh09	5l0y-assembly1_A	0.205	78	75	155	0.947	0.503	8.790E-01	8.269E-01	4.235E-01	1.712E-01	110
cand-siteA-id19-sh09	4jhr-assembly1_B	0.219	73	75	289	0.973	0.253	9.144E-01	8.812E-01	2.444E-01	2.268E-01	110
cand-siteA-id19-sh09	3q15-assembly2_B-3	0.236	72	75	332	0.960	0.217	8.772E-01	8.363E-01	2.081E-01	1.530E-01	110
cand-siteA-id19-sh09	8rte-assembly1_A	0.253	67	75	350	0.893	0.191	8.260E-01	7.425E-01	1.813E-01	1.092E-01	110
cand-siteA-id19-sh09	1qqe-assembly1_A	0.180	72	75	281	0.960	0.256	9.435E-01	8.965E-01	2.505E-01	3.361E-01	109
cand-siteA-id19-sh09	5a7d-assembly2_E	0.197	71	75	352	0.947	0.202	9.291E-01	8.720E-01	1.971E-01	2.684E-01	109
cand-siteA-id19-sh09	4yvo-assembly1_A	0.205	73	75	119	0.973	0.613	8.322E-01	8.035E-01	5.345E-01	1.293E-01	108
cand-siteA-id19-sh09	6nsv-assembly1_A	0.257	70	75	128	0.933	0.500	9.007E-01	7.679E-01	4.649E-01	1.916E-01	108
cand-siteA-id19-sh09	8ehz-assembly1_A	0.257	70	75	129	0.933	0.496	8.932E-01	7.626E-01	4.596E-01	1.811E-01	108
cand-siteA-id19-sh09	7ai4-assembly2_B	0.260	73	75	235	0.947	0.311	8.799E-01	8.278E-01	2.856E-01	1.712E-01	108
cand-siteA-id19-sh09	3gw4-assembly1_A	0.197	71	75	192	0.947	0.370	8.515E-01	8.032E-01	3.428E-01	1.811E-01	107
cand-siteA-id19-sh09	7aie-assembly1_A	0.277	72	75	207	0.933	0.348	8.692E-01	8.082E-01	3.168E-01	1.619E-01	107
cand-siteA-id19-sh09	6swu-assembly1_A	0.263	72	75	294	0.933	0.245	8.899E-01	8.259E-01	2.279E-01	1.712E-01	107
cand-siteA-id19-sh09	3lca-assembly1_A	0.281	71	75	482	0.947	0.135	8.550E-01	7.445E-01	1.294E-01	1.447E-01	107
cand-siteA-id19-sh09	8gck-assembly2_A	0.257	70	75	126	0.933	0.508	9.046E-01	7.709E-01	4.733E-01	2.268E-01	106
cand-siteA-id19-sh09	7v1m-assembly2_G	0.175	74	75	195	0.960	0.379	8.942E-01	8.514E-01	3.487E-01	2.268E-01	106
cand-siteA-id19-sh09	7aie-assembly4_D	0.277	72	75	205	0.933	0.351	8.676E-01	8.069E-01	3.195E-01	1.712E-01	106
cand-siteA-id19-sh09	3ceq-assembly1_B	0.263	72	75	269	0.933	0.268	8.954E-01	8.307E-01	2.490E-01	1.712E-01	106
cand-siteA-id19-sh09	7ai4-assembly1_A	0.263	72	75	243	0.933	0.296	8.607E-01	8.008E-01	2.708E-01	1.619E-01	105
cand-siteA-id19-sh09	3q15-assembly1_A-2	0.236	72	75	365	0.960	0.197	8.791E-01	8.381E-01	1.899E-01	2.268E-01	104
cand-siteA-id19-sh09	6fv0-assembly1_A	0.263	72	75	270	0.933	0.267	8.328E-01	7.763E-01	2.418E-01	1.811E-01	103
cand-siteA-id19-sh09	3fp4-assembly1_A	0.285	70	75	483	0.933	0.133	8.735E-01	7.483E-01	1.279E-01	2.144E-01	103
cand-siteA-id19-sh09	8ei0-assembly1_A	0.257	70	75	132	0.933	0.485	8.820E-01	7.542E-01	4.464E-01	2.537E-01	102
cand-siteA-id19-sh09	5l0y-assembly2_B	0.175	80	75	149	0.947	0.523	8.669E-01	8.148E-01	4.305E-01	2.839E-01	102
cand-siteA-id19-sh09	5ojf-assembly3_C	0.277	72	75	262	0.933	0.275	8.852E-01	8.219E-01	2.541E-01	2.537E-01	102
cand-siteA-id19-sh09	6ejn-assembly1_B	0.263	72	75	267	0.933	0.270	8.741E-01	8.127E-01	2.492E-01	2.537E-01	101
cand-siteA-id19-sh09	6ip1-assembly1_E	0.236	72	75	292	0.960	0.243	9.501E-01	8.906E-01	2.385E-01	4.208E-01	101
cand-siteA-id19-sh09	6eou-assembly1_A	0.214	70	75	343	0.933	0.187	8.404E-01	7.249E-01	1.772E-01	2.144E-01	101
cand-siteA-id19-sh09	2gw1-assembly1_B	0.342	70	75	487	0.933	0.129	9.032E-01	7.610E-01	1.265E-01	3.177E-01	100
cand-siteA-id19-sh09	4cgv-assembly4_D	0.242	70	75	123	0.933	0.520	8.499E-01	7.286E-01	4.640E-01	2.268E-01	99
cand-siteA-id19-sh09	2dba-assembly1_A	0.285	70	75	148	0.933	0.453	8.518E-01	7.634E-01	4.131E-01	2.268E-01	99
cand-siteA-id19-sh09	8rte-assembly1_B	0.253	67	75	350	0.893	0.191	8.191E-01	7.377E-01	1.810E-01	2.268E-01	99
cand-siteA-id19-sh09	8gm5-assembly1_A	0.235	68	75	479	0.760	0.142	8.581E-01	6.527E-01	1.081E-01	1.811E-01	99
cand-siteA-id19-sh09	2wqh-assembly1_A-2	0.316	98	75	104	0.933	0.942	3.966E-01	3.656E-01	2.656E-01	1.289E-03	98
cand-siteA-id19-sh09	7v6q-assembly2_H	0.207	82	75	200	0.987	0.410	7.599E-01	7.428E-01	3.132E-01	1.619E-01	98
cand-siteA-id19-sh09	6f9i-assembly1_B	0.273	73	75	264	0.947	0.277	8.742E-01	8.228E-01	2.546E-01	3.003E-01	98
cand-siteA-id19-sh09	7v1m-assembly1_H	0.204	83	75	200	1.000	0.415	7.369E-01	7.287E-01	3.093E-01	1.367E-01	97
cand-siteA-id19-sh09	6fuz-assembly1_A	0.263	72	75	267	0.933	0.270	8.579E-01	7.985E-01	2.475E-01	3.003E-01	97
cand-siteA-id19-sh09	6ejn-assembly1_A	0.263	72	75	271	0.933	0.266	8.502E-01	7.917E-01	2.429E-01	2.839E-01	97
cand-siteA-id19-sh09	6swu-assembly2_D	0.263	72	75	287	0.933	0.251	8.924E-01	8.282E-01	2.337E-01	3.361E-01	97
cand-siteA-id19-sh09	6yxy-assembly1_BF	0.197	76	75	346	0.960	0.214	7.973E-01	7.613E-01	1.880E-01	2.144E-01	97
cand-siteA-id19-sh09	8gft-assembly1_E	0.287	73	75	459	0.973	0.146	8.488E-01	7.588E-01	1.384E-01	2.684E-01	97
cand-siteA-id19-sh09	5l0y-assembly5_E	0.217	78	75	151	0.947	0.517	8.489E-01	7.979E-01	4.181E-01	3.177E-01	96
cand-siteA-id19-sh09	6swu-assembly3_F	0.263	72	75	281	0.933	0.256	8.923E-01	8.280E-01	2.384E-01	3.760E-01	96
cand-siteA-id19-sh09	8w15-assembly1_B	0.193	88	75	279	0.960	0.315	9.260E-01	8.804E-01	2.504E-01	6.596E-01	95
cand-siteA-id19-sh09	3nf1-assembly1_A	0.263	72	75	283	0.933	0.254	8.632E-01	8.032E-01	2.347E-01	3.555E-01	95
cand-siteA-id19-sh09	8ch0-assembly1_A	0.316	98	75	136	0.933	0.721	3.958E-01	3.649E-01	2.056E-01	2.530E-03	93
cand-siteA-id19-sh09	5hgv-assembly1_A	0.185	70	75	695	0.933	0.092	7.896E-01	6.851E-01	8.782E-02	2.684E-01	93
cand-siteA-id19-sh09	1na0-assembly1_A	0.310	100	75	119	0.960	0.840	4.124E-01	3.910E-01	2.509E-01	3.966E-03	92
cand-siteA-id19-sh09	6f9i-assembly1_A	0.273	73	75	261	0.947	0.280	8.704E-01	8.196E-01	2.574E-01	4.451E-01	92
cand-siteA-id19-sh09	7ru9-assembly1_C	0.183	71	75	271	0.947	0.262	7.766E-01	7.337E-01	2.362E-01	2.839E-01	92
cand-siteA-id19-sh09	4i1a-assembly3_B	0.166	72	75	359	0.960	0.201	8.829E-01	8.414E-01	1.929E-01	5.573E-01	92
cand-siteA-id19-sh09	8cqp-assembly3_C	0.316	98	75	134	0.933	0.731	4.296E-01	3.956E-01	2.225E-01	6.957E-03	91
cand-siteA-id19-sh09	3kd7-assembly1_A	0.330	100	75	102	0.960	0.980	4.173E-01	3.953E-01	2.915E-01	6.957E-03	90
cand-siteA-id19-sh09	1na0-assembly2_B	0.310	100	75	119	0.960	0.840	4.107E-01	3.894E-01	2.511E-01	4.694E-03	90
cand-siteA-id19-sh09	7obi-assembly2_B	0.320	100	75	134	0.960	0.746	4.138E-01	3.922E-01	2.213E-01	6.217E-03	90
cand-siteA-id19-sh09	8cqq-assembly1_A	0.316	98	75	272	0.933	0.360	3.939E-01	3.650E-01	1.090E-01	3.544E-03	90
cand-siteA-id19-sh09	6swu-assembly1_B	0.246	69	75	288	0.893	0.240	8.246E-01	7.409E-01	2.172E-01	3.361E-01	90
cand-siteA-id19-sh09	7kdt-assembly1_A	0.277	72	75	467	0.933	0.148	8.351E-01	7.651E-01	1.363E-01	4.208E-01	90
cand-siteA-id19-sh09	7v6q-assembly1_D	0.207	82	75	212	0.987	0.387	7.603E-01	7.431E-01	2.967E-01	3.177E-01	89
cand-siteA-id19-sh09	8gm4-assembly1_A	0.220	68	75	462	0.760	0.147	8.958E-01	6.774E-01	1.147E-01	5.268E-01	89
cand-siteA-id19-sh09	8fny-assembly1_A	0.223	67	75	497	0.733	0.135	8.924E-01	6.528E-01	1.027E-01	4.708E-01	89
cand-siteA-id19-sh09	8gab-assembly2_C	0.236	76	75	103	0.973	0.738	7.232E-01	7.017E-01	5.479E-01	1.712E-01	88
cand-siteA-id19-sh09	6gxz-assembly1_A	0.238	67	75	149	0.893	0.409	8.811E-01	7.206E-01	3.795E-01	5.895E-01	88
cand-siteA-id19-sh09	7w5m-assembly1_A	0.227	88	75	227	0.973	0.388	6.394E-01	6.211E-01	2.480E-01	7.370E-02	88
cand-siteA-id19-sh09	6swu-assembly3_E	0.277	72	75	281	0.933	0.256	8.772E-01	8.151E-01	2.369E-01	5.573E-01	88
cand-siteA-id19-sh09	3qww-assembly1_A	0.178	73	75	430	0.947	0.170	8.235E-01	7.778E-01	1.567E-01	3.760E-01	88
cand-siteA-id19-sh09	3n71-assembly1_A	0.164	73	75	468	0.947	0.156	8.386E-01	7.914E-01	1.452E-01	5.573E-01	88
cand-siteA-id19-sh09	2vsy-assembly1_A	0.225	71	75	547	0.947	0.119	8.319E-01	7.250E-01	1.127E-01	4.980E-01	88
cand-siteA-id19-sh09	3kd7-assembly5_E	0.326	95	75	100	0.893	0.950	3.689E-01	3.257E-01	2.461E-01	3.168E-03	87
cand-siteA-id19-sh09	2n8i-assembly1_A	0.152	72	75	100	0.960	0.720	8.046E-01	7.678E-01	6.001E-01	5.895E-01	87
cand-siteA-id19-sh09	2xev-assembly1_A	0.128	70	75	121	0.933	0.554	8.628E-01	7.714E-01	5.001E-01	6.236E-01	87
cand-siteA-id19-sh09	3tg5-assembly1_A	0.191	73	75	425	0.947	0.172	8.231E-01	7.772E-01	1.583E-01	4.208E-01	87
cand-siteA-id19-sh09	8fo6-assembly1_A	0.227	66	75	483	0.720	0.137	8.907E-01	6.400E-01	1.036E-01	4.980E-01	87
cand-siteA-id19-sh09	4ymr-assembly1_A	0.183	71	75	134	0.907	0.530	8.202E-01	7.473E-01	4.493E-01	4.451E-01	86
cand-siteA-id19-sh09	5vie-assembly1_C	0.171	70	75	667	0.933	0.096	8.339E-01	7.181E-01	9.229E-02	5.573E-01	86
cand-siteA-id19-sh09	3kd7-assembly2_B	0.336	98	75	100	0.933	0.980	3.854E-01	3.556E-01	2.711E-01	5.253E-03	85
cand-siteA-id19-sh09	2hyz-assembly1_A-2	0.316	98	75	136	0.933	0.721	3.937E-01	3.649E-01	2.055E-01	6.957E-03	85
cand-siteA-id19-sh09	4i1a-assembly3_A	0.184	65	75	274	0.867	0.237	8.728E-01	7.595E-01	2.259E-01	6.977E-01	85
cand-siteA-id19-sh09	6i7k-assembly1_A	0.191	68	75	333	0.907	0.186	8.028E-01	6.737E-01	1.723E-01	4.208E-01	85
cand-siteA-id19-sh09	6vfh-assembly1_A	0.300	100	75	119	0.960	0.840	3.851E-01	3.654E-01	2.364E-01	6.217E-03	84
cand-siteA-id19-sh09	8cp8-assembly2_B	0.316	98	75	136	0.933	0.721	3.935E-01	3.647E-01	2.054E-01	7.359E-03	84
cand-siteA-id19-sh09	4ynw-assembly2_B	0.171	70	75	283	0.933	0.240	8.472E-01	7.686E-01	2.252E-01	6.977E-01	84
cand-siteA-id19-sh09	4zlh-assembly1_A	0.179	67	75	323	0.867	0.195	7.726E-01	6.581E-01	1.735E-01	4.451E-01	84
cand-siteA-id19-sh09	9e8q-assembly1_X	0.173	69	75	379	0.920	0.182	8.344E-01	7.687E-01	1.731E-01	5.895E-01	84
cand-siteA-id19-sh09	1w3b-assembly1_A	0.242	70	75	388	0.933	0.165	7.754E-01	6.753E-01	1.536E-01	4.708E-01	84
cand-siteA-id19-sh09	4wuy-assembly1_A	0.191	73	75	414	0.947	0.176	8.243E-01	7.783E-01	1.623E-01	5.573E-01	84
cand-siteA-id19-sh09	7x9r-assembly1_A	0.194	67	75	448	0.893	0.147	8.085E-01	7.171E-01	1.385E-01	4.451E-01	84
cand-siteA-id19-sh09	4y6c-assembly1_A-2	0.162	74	75	212	0.960	0.349	7.559E-01	7.233E-01	2.966E-01	3.978E-01	83
cand-siteA-id19-sh09	3j97-assembly1_H	0.178	84	75	286	0.867	0.294	7.457E-01	6.401E-01	1.873E-01	3.177E-01	83
cand-siteA-id19-sh09	4i9e-assembly1_B	0.236	72	75	383	0.960	0.188	8.929E-01	8.506E-01	1.820E-01	9.241E-01	83
cand-siteA-id19-sh09	8fny-assembly2_C	0.235	68	75	489	0.733	0.139	8.580E-01	6.291E-01	1.020E-01	5.573E-01	83
cand-siteA-id19-sh09	3vty-assembly4_D	0.240	100	75	171	0.960	0.585	4.474E-01	4.242E-01	1.923E-01	1.710E-02	82
cand-siteA-id19-sh09	4o6f-assembly1_A	0.178	73	75	430	0.947	0.170	8.193E-01	7.741E-01	1.566E-01	5.895E-01	82
cand-siteA-id19-sh09	6vl6-assembly1_B	0.252	95	75	98	0.893	0.969	4.080E-01	3.605E-01	2.783E-01	1.220E-02	81
cand-siteA-id19-sh09	4y6w-assembly1_A-2	0.154	71	75	211	0.920	0.336	7.644E-01	7.077E-01	2.889E-01	4.708E-01	81
cand-siteA-id19-sh09	8fwd-assembly1_3	0.285	98	75	139	0.933	0.705	4.314E-01	3.975E-01	2.182E-01	1.808E-02	80
cand-siteA-id19-sh09	5vie-assembly1_A	0.171	70	75	666	0.933	0.096	8.425E-01	7.242E-01	9.254E-02	8.736E-01	80
cand-siteA-id19-sh09	2cpt-assembly1_A	0.203	64	75	117	0.693	0.547	8.644E-01	6.098E-01	4.046E-01	7.381E-01	79
cand-siteA-id19-sh09	3rkv-assembly1_A	0.272	88	75	147	0.973	0.558	7.343E-01	7.087E-01	3.888E-01	4.451E-01	79
cand-siteA-id19-sh09	2vq2-assembly1_A-2	0.222	72	75	220	0.960	0.300	8.187E-01	7.250E-01	2.724E-01	8.259E-01	79
cand-siteA-id19-sh09	6x9o-assembly1_B	0.220	86	75	244	0.947	0.352	8.179E-01	7.719E-01	2.665E-01	9.241E-01	79
cand-siteA-id19-sh09	6mdm-assembly1_K	0.173	75	75	286	0.973	0.262	8.164E-01	7.882E-01	2.330E-01	8.259E-01	79
cand-siteA-id19-sh09	8rtc-assembly2_B	0.134	67	75	353	0.893	0.190	8.290E-01	7.456E-01	1.800E-01	9.775E-01	79
cand-siteA-id19-sh09	2xgm-assembly1_A	0.228	70	75	512	0.933	0.125	8.827E-01	7.565E-01	1.215E-01	1.295E+00	79
cand-siteA-id19-sh09	8ump-assembly1_A	0.280	100	75	120	0.960	0.833	3.888E-01	3.708E-01	2.355E-01	1.444E-02	78
cand-siteA-id19-sh09	9f8w-assembly2_B	0.171	70	75	319	0.933	0.201	9.527E-01	8.081E-01	1.973E-01	1.919E+00	78
cand-siteA-id19-sh09	4gyo-assembly3_B	0.320	75	75	359	0.947	0.206	8.666E-01	8.137E-01	1.847E-01	1.157E+00	78
cand-siteA-id19-sh09	8rsv-assembly2_B	0.175	74	75	365	0.960	0.203	8.693E-01	8.286E-01	1.886E-01	1.157E+00	78
cand-siteA-id19-sh09	6vfk-assembly1_A	0.303	99	75	120	0.947	0.825	3.931E-01	3.677E-01	2.350E-01	1.710E-02	77
cand-siteA-id19-sh09	8fwd-assembly1_7	0.295	98	75	139	0.933	0.705	4.330E-01	3.992E-01	2.201E-01	1.444E-02	77
cand-siteA-id19-sh09	7kal-assembly1_F	0.175	80	75	194	0.947	0.402	8.415E-01	7.924E-01	3.307E-01	1.094E+00	77
cand-siteA-id19-sh09	5waq-assembly1_A	0.228	70	75	212	0.933	0.316	7.871E-01	7.098E-01	2.834E-01	6.596E-01	77
cand-siteA-id19-sh09	6b85-assembly1_J	0.326	98	75	215	0.933	0.456	3.958E-01	3.649E-01	1.368E-01	2.024E-02	77
cand-siteA-id19-sh09	2wpv-assembly3_E	0.181	55	75	280	0.733	0.196	8.759E-01	6.529E-01	1.880E-01	9.241E-01	77
cand-siteA-id19-sh09	4gyo-assembly2_A	0.320	75	75	357	0.947	0.207	8.646E-01	8.117E-01	1.852E-01	1.224E+00	77
cand-siteA-id19-sh09	8fwd-assembly1_P	0.252	99	75	100	0.947	0.990	4.125E-01	3.855E-01	2.922E-01	2.680E-02	76
cand-siteA-id19-sh09	2vyi-assembly2_B	0.232	99	75	123	0.947	0.805	3.973E-01	3.710E-01	2.302E-01	2.680E-02	76
cand-siteA-id19-sh09	5l0y-assembly4_D	0.195	82	75	150	1.000	0.547	7.488E-01	7.401E-01	3.988E-01	6.596E-01	76
cand-siteA-id19-sh09	3vtx-assembly2_B	0.240	100	75	183	0.960	0.546	4.335E-01	4.114E-01	1.801E-01	3.550E-02	76
cand-siteA-id19-sh09	8fbn-assembly1_E	0.301	73	75	226	0.933	0.323	7.097E-01	6.670E-01	2.656E-01	7.381E-01	76
cand-siteA-id19-sh09	4pwx-assembly1_C	0.181	55	75	276	0.733	0.199	8.666E-01	6.470E-01	1.899E-01	9.775E-01	76
cand-siteA-id19-sh09	6au8-assembly1_A	0.189	74	75	280	0.987	0.250	6.748E-01	6.323E-01	2.085E-01	4.980E-01	76
cand-siteA-id19-sh09	8jau-assembly1_A	0.205	73	75	571	0.933	0.128	8.238E-01	7.681E-01	1.171E-01	1.157E+00	76
cand-siteA-id19-sh09	2kat-assembly1_A	0.202	79	75	115	0.867	0.687	6.327E-01	5.482E-01	3.699E-01	1.916E-01	75
cand-siteA-id19-sh09	2hr2-assembly2_B	0.166	78	75	157	0.960	0.497	8.239E-01	7.860E-01	4.056E-01	1.449E+00	75
cand-siteA-id19-sh09	5l0w-assembly1_B	0.232	86	75	209	0.907	0.411	7.050E-01	6.355E-01	2.467E-01	4.708E-01	75
cand-siteA-id19-sh09	3uq3-assembly1_A	0.245	106	75	258	0.960	0.411	4.764E-01	4.518E-01	1.488E-01	7.796E-02	75
cand-siteA-id19-sh09	6v8e-assembly1_A	0.300	100	75	119	0.960	0.840	3.862E-01	3.693E-01	2.366E-01	2.264E-02	74
cand-siteA-id19-sh09	6v8e-assembly2_F	0.300	100	75	119	0.960	0.840	3.882E-01	3.681E-01	2.371E-01	2.534E-02	74
cand-siteA-id19-sh09	3cvn-assembly1_A	0.171	70	75	300	0.933	0.213	9.147E-01	7.805E-01	2.073E-01	2.030E+00	74
cand-siteA-id19-sh09	5a5b-assembly1_Q	0.190	63	75	431	0.840	0.146	8.635E-01	7.322E-01	1.412E-01	1.094E+00	74
cand-siteA-id19-sh09	8fwd-assembly1_L	0.252	99	75	100	0.947	0.990	3.928E-01	3.677E-01	2.791E-01	2.835E-02	73
cand-siteA-id19-sh09	8fwd-assembly1_C	0.306	98	75	139	0.933	0.705	4.301E-01	3.964E-01	2.161E-01	4.201E-02	73
cand-siteA-id19-sh09	2ho1-assembly1_A	0.222	72	75	222	0.933	0.297	7.930E-01	7.022E-01	2.623E-01	1.224E+00	73
cand-siteA-id19-sh09	7tdz-assembly1_P	0.229	74	75	798	0.933	0.080	7.561E-01	6.467E-01	6.925E-02	7.807E-01	73
cand-siteA-id19-sh09	6vfj-assembly1_B	0.260	100	75	119	0.960	0.840	4.204E-01	3.985E-01	2.549E-01	4.444E-02	72
cand-siteA-id19-sh09	1qz2-assembly1_C	0.182	82	75	285	0.973	0.288	8.319E-01	8.017E-01	2.299E-01	1.449E+00	72
cand-siteA-id19-sh09	4kxk-assembly1_D	0.185	70	75	288	0.933	0.222	8.657E-01	7.411E-01	2.095E-01	1.715E+00	72
cand-siteA-id19-sh09	3ieg-assembly2_B	0.246	73	75	359	0.947	0.181	8.227E-01	7.181E-01	1.672E-01	1.370E+00	72
cand-siteA-id19-sh09	8jri-assembly1_X	0.173	69	75	380	0.920	0.182	8.394E-01	7.727E-01	1.727E-01	1.224E+00	72
cand-siteA-id19-sh09	8bda-assembly1_E	0.194	67	75	1325	0.893	0.046	8.382E-01	6.894E-01	4.473E-02	1.295E+00	72
cand-siteA-id19-sh09	2kcv-assembly1_A	0.226	84	75	99	0.893	0.848	4.940E-01	4.488E-01	3.578E-01	7.796E-02	71
cand-siteA-id19-sh09	8gac-assembly1_A	0.151	79	75	103	0.973	0.767	6.717E-01	6.526E-01	5.146E-01	3.978E-01	71
cand-siteA-id19-sh09	2n8w-assembly1_A	0.302	76	75	104	0.947	0.712	7.341E-01	6.934E-01	5.265E-01	7.381E-01	71
cand-siteA-id19-sh09	5fzq-assembly1_B	0.150	100	75	105	0.960	0.952	4.372E-01	4.145E-01	2.984E-01	6.967E-02	71
cand-siteA-id19-sh09	8cus-assembly1_A	0.295	98	75	135	0.933	0.726	4.295E-01	3.959E-01	2.222E-01	5.886E-02	71
cand-siteA-id19-sh09	2fbn-assembly1_B	0.175	80	75	151	0.933	0.530	7.529E-01	7.036E-01	3.875E-01	7.807E-01	71
cand-siteA-id19-sh09	2q7f-assembly2_B	0.223	67	75	194	0.893	0.314	8.016E-01	6.667E-01	2.850E-01	1.295E+00	71
cand-siteA-id19-sh09	3u3w-assembly1_B	0.157	76	75	280	0.973	0.264	7.595E-01	7.350E-01	2.296E-01	1.295E+00	71
cand-siteA-id19-sh09	2w2u-assembly1_A	0.164	67	75	75	0.747	0.893	8.771E-01	6.612E-01	6.612E-01	1.715E+00	70
cand-siteA-id19-sh09	6vfi-assembly1_B	0.300	100	75	118	0.960	0.847	3.838E-01	3.648E-01	2.377E-01	3.172E-02	70
cand-siteA-id19-sh09	5hrz-assembly1_A	0.275	98	75	122	0.933	0.803	3.976E-01	3.666E-01	2.333E-01	4.444E-02	70
cand-siteA-id19-sh09	3fwv-assembly2_B	0.235	106	75	128	0.947	0.828	4.641E-01	4.345E-01	2.588E-01	1.155E-01	70
cand-siteA-id19-sh09	8fiq-assembly1_A	0.276	76	75	172	0.973	0.442	6.053E-01	5.874E-01	3.085E-01	5.573E-01	70
cand-siteA-id19-sh09	8sah-assembly1_B	0.169	71	75	234	0.893	0.282	8.516E-01	7.475E-01	2.536E-01	1.715E+00	70
cand-siteA-id19-sh09	5bt1-assembly1_A	0.170	82	75	244	0.960	0.336	7.745E-01	7.397E-01	2.583E-01	1.224E+00	70
cand-siteA-id19-sh09	5bwk-assembly1_E	0.164	73	75	291	0.973	0.251	6.761E-01	6.555E-01	2.120E-01	8.736E-01	70
cand-siteA-id19-sh09	6t46-assembly2_G	0.169	71	75	365	0.933	0.195	8.087E-01	7.547E-01	1.798E-01	1.715E+00	70
cand-siteA-id19-sh09	8amz-assembly1_Q	0.138	72	75	421	0.960	0.171	8.702E-01	8.294E-01	1.645E-01	2.147E+00	70
cand-siteA-id19-sh09	7shq-assembly1_A	0.181	99	75	492	0.947	0.199	6.666E-01	6.257E-01	1.045E-01	4.980E-01	70
cand-siteA-id19-sh09	6e37-assembly1_A	0.141	99	75	692	0.947	0.143	4.665E-01	4.360E-01	6.934E-02	1.293E-01	70
cand-siteA-id19-sh09	8bbg-assembly1_A	0.209	81	75	1342	0.880	0.060	4.410E-01	3.847E-01	3.202E-02	6.967E-02	70
cand-siteA-id19-sh09	8fwd-assembly1_2	0.252	99	75	100	0.947	0.990	4.096E-01	3.826E-01	2.877E-01	6.967E-02	69
cand-siteA-id19-sh09	5fzr-assembly2_D	0.147	102	75	105	0.987	0.971	4.265E-01	4.154E-01	2.989E-01	8.723E-02	69
cand-siteA-id19-sh09	8far-assembly1_A	0.285	98	75	136	0.933	0.721	3.816E-01	3.519E-01	2.016E-01	3.550E-02	69
cand-siteA-id19-sh09	9f8w-assembly1_A	0.171	70	75	313	0.933	0.204	9.495E-01	8.050E-01	2.002E-01	3.182E+00	69
cand-siteA-id19-sh09	3lpz-assembly1_A	0.105	85	75	314	0.960	0.271	6.775E-01	6.462E-01	1.840E-01	6.596E-01	69
cand-siteA-id19-sh09	8a5y-assembly1_K	0.214	70	75	505	0.933	0.127	8.964E-01	7.671E-01	1.238E-01	2.541E+00	69
cand-siteA-id19-sh09	2w2u-assembly2_B	0.164	67	75	74	0.747	0.905	8.725E-01	6.586E-01	6.668E-01	1.919E+00	68
cand-siteA-id19-sh09	1elw-assembly1_A	0.188	101	75	117	0.973	0.863	4.371E-01	4.207E-01	2.733E-01	9.761E-02	68
cand-siteA-id19-sh09	6fdt-assembly1_A	0.207	77	75	120	0.933	0.567	7.220E-01	6.518E-01	4.237E-01	9.775E-01	68
cand-siteA-id19-sh09	5cwn-assembly1_A	0.243	82	75	207	0.960	0.396	5.689E-01	5.451E-01	2.451E-01	3.361E-01	68
cand-siteA-id19-sh09	7dxj-assembly1_B	0.164	67	75	268	0.893	0.246	8.862E-01	7.783E-01	2.346E-01	2.541E+00	68
cand-siteA-id19-sh09	3cvp-assembly1_A	0.171	70	75	279	0.933	0.229	9.184E-01	7.825E-01	2.220E-01	3.008E+00	68
cand-siteA-id19-sh09	2c0m-assembly4_F	0.194	67	75	302	0.893	0.202	8.869E-01	7.227E-01	1.916E-01	2.402E+00	68
cand-siteA-id19-sh09	8rst-assembly1_A-2	0.130	69	75	364	0.920	0.190	8.216E-01	7.580E-01	1.792E-01	2.147E+00	68
cand-siteA-id19-sh09	5jjt-assembly1_A	0.230	100	75	471	0.960	0.212	4.720E-01	4.479E-01	8.816E-02	9.228E-02	68
cand-siteA-id19-sh09	8rw5-assembly1_B	0.111	54	75	872	0.720	0.061	8.278E-01	6.048E-01	5.935E-02	1.449E+00	68
cand-siteA-id19-sh09	8fwd-assembly1_0	0.252	99	75	100	0.947	0.990	4.141E-01	3.871E-01	2.941E-01	5.886E-02	67
cand-siteA-id19-sh09	5l0y-assembly5_H	0.195	97	75	133	0.987	0.714	5.294E-01	5.180E-01	3.195E-01	2.684E-01	67
cand-siteA-id19-sh09	5an3-assembly1_C	0.257	70	75	135	0.933	0.519	6.429E-01	5.979E-01	3.597E-01	5.268E-01	67
cand-siteA-id19-sh09	3sz7-assembly1_A	0.237	101	75	151	0.973	0.669	4.020E-01	3.861E-01	1.972E-01	9.228E-02	67
cand-siteA-id19-sh09	1kt0-assembly1_A	0.226	84	75	357	0.960	0.227	8.145E-01	7.751E-01	1.792E-01	1.919E+00	67
cand-siteA-id19-sh09	8glv-assembly1_Lf	0.202	74	75	396	0.893	0.187	7.669E-01	6.814E-01	1.467E-01	1.224E+00	67
cand-siteA-id19-sh09	8ffv-assembly1_D	0.202	79	75	409	0.933	0.193	7.638E-01	7.122E-01	1.554E-01	1.224E+00	67
cand-siteA-id19-sh09	5gjq-assembly1_Q	0.173	69	75	421	0.920	0.164	8.404E-01	7.736E-01	1.565E-01	1.814E+00	67
cand-siteA-id19-sh09	4g1t-assembly1_A	0.171	76	75	426	0.960	0.176	7.481E-01	7.150E-01	1.515E-01	1.295E+00	67
cand-siteA-id19-sh09	2xpi-assembly1_A	0.205	68	75	520	0.893	0.131	8.514E-01	7.629E-01	1.243E-01	2.271E+00	67
cand-siteA-id19-sh09	6ibo-assembly1_A	0.140	100	75	695	0.960	0.144	4.733E-01	4.495E-01	6.917E-02	1.916E-01	67
cand-siteA-id19-sh09	8g4k-assembly1_A	0.294	78	75	101	0.960	0.772	6.320E-01	6.057E-01	4.782E-01	5.573E-01	66
cand-siteA-id19-sh09	5fzr-assembly1_B	0.156	102	75	105	0.987	0.971	3.944E-01	3.842E-01	2.787E-01	6.967E-02	66
cand-siteA-id19-sh09	6q3q-assembly1_B	0.304	82	75	121	0.947	0.678	4.584E-01	4.290E-01	2.738E-01	1.155E-01	66
cand-siteA-id19-sh09	4jl0-assembly2_B	0.244	98	75	124	0.933	0.790	3.786E-01	3.511E-01	2.182E-01	5.886E-02	66
cand-siteA-id19-sh09	5bt1-assembly1_B	0.192	78	75	249	0.960	0.313	8.327E-01	7.942E-01	2.663E-01	2.030E+00	66
cand-siteA-id19-sh09	2ond-assembly1_B	0.323	68	75	308	0.747	0.221	6.853E-01	5.179E-01	1.389E-01	4.208E-01	66
cand-siteA-id19-sh09	8j07-assembly1_d3	0.191	73	75	419	0.933	0.174	6.566E-01	6.184E-01	1.461E-01	6.977E-01	66
cand-siteA-id19-sh09	5a01-assembly3_C	0.183	98	75	681	0.933	0.144	4.312E-01	3.973E-01	6.250E-02	1.155E-01	66
cand-siteA-id19-sh09	4j8e-assembly1_A	0.151	99	75	119	0.947	0.832	3.963E-01	3.705E-01	2.373E-01	9.761E-02	65
cand-siteA-id19-sh09	4cgv-assembly3_C	0.173	98	75	126	0.933	0.778	3.986E-01	3.673E-01	2.217E-01	9.761E-02	65
cand-siteA-id19-sh09	2xcb-assembly1_A	0.247	97	75	133	0.920	0.729	3.903E-01	3.550E-01	2.075E-01	7.796E-02	65
cand-siteA-id19-sh09	2vgx-assembly1_A	0.212	99	75	134	0.947	0.739	3.715E-01	3.481E-01	2.018E-01	5.260E-02	65
cand-siteA-id19-sh09	5lyp-assembly1_A	0.244	98	75	137	0.933	0.715	4.038E-01	3.726E-01	2.101E-01	9.228E-02	65
cand-siteA-id19-sh09	3cvl-assembly1_A	0.171	70	75	294	0.933	0.218	9.175E-01	7.819E-01	2.109E-01	3.766E+00	65
cand-siteA-id19-sh09	5jjt-assembly2_B	0.260	92	75	479	0.987	0.192	4.661E-01	4.542E-01	9.138E-02	1.367E-01	65
cand-siteA-id19-sh09	3ma5-assembly3_C	0.206	87	75	89	0.933	0.978	4.652E-01	4.356E-01	3.793E-01	1.530E-01	64
cand-siteA-id19-sh09	8umr-assembly1_A	0.270	100	75	120	0.960	0.833	4.185E-01	3.964E-01	2.486E-01	1.155E-01	64
cand-siteA-id19-sh09	6vl6-assembly1_A	0.265	98	75	122	0.933	0.803	4.319E-01	3.979E-01	2.497E-01	1.367E-01	64
cand-siteA-id19-sh09	2xcc-assembly1_B	0.244	98	75	132	0.933	0.742	3.788E-01	3.510E-01	2.026E-01	7.370E-02	64
cand-siteA-id19-sh09	3cv0-assembly1_A	0.171	70	75	300	0.933	0.213	9.163E-01	7.809E-01	2.066E-01	3.984E+00	64
cand-siteA-id19-sh09	4gpk-assembly2_H	0.223	67	75	343	0.893	0.190	8.429E-01	7.353E-01	1.790E-01	2.541E+00	64
cand-siteA-id19-sh09	6mfv-assembly4_D	0.250	72	75	641	0.960	0.112	8.000E-01	7.648E-01	1.070E-01	2.541E+00	64
cand-siteA-id19-sh09	5ca3-assembly1_A	0.200	35	75	758	0.467	0.046	1.004E+00	4.621E-01	4.611E-02	2.541E+00	64
cand-siteA-id19-sh09	3ma5-assembly1_A	0.247	85	75	90	0.907	0.933	4.913E-01	4.494E-01	3.875E-01	1.811E-01	63
cand-siteA-id19-sh09	2kcl-assembly1_A	0.235	85	75	99	0.907	0.848	4.876E-01	4.448E-01	3.543E-01	1.712E-01	63
cand-siteA-id19-sh09	4cgw-assembly2_B	0.153	98	75	108	0.933	0.907	3.986E-01	3.679E-01	2.600E-01	1.367E-01	63
cand-siteA-id19-sh09	7zy4-assembly1_A	0.323	68	75	305	0.747	0.223	6.876E-01	5.197E-01	1.406E-01	5.573E-01	63
cand-siteA-id19-sh09	8h3a-assembly1_A	0.192	57	75	412	0.760	0.138	8.083E-01	6.279E-01	1.296E-01	1.715E+00	63
cand-siteA-id19-sh09	1lf9-assembly2_B	0.151	86	75	674	0.920	0.128	6.877E-01	6.347E-01	9.218E-02	1.370E+00	63
cand-siteA-id19-sh09	9hmf-assembly1_L	0.205	73	75	683	0.973	0.098	8.998E-01	8.010E-01	9.553E-02	3.984E+00	63
cand-siteA-id19-sh09	6tka-assembly1_AAA	0.141	99	75	694	0.947	0.143	4.666E-01	4.367E-01	6.835E-02	2.684E-01	63
cand-siteA-id19-sh09	7dkh-assembly2_E	0.149	67	75	913	0.893	0.073	8.063E-01	7.247E-01	7.074E-02	2.402E+00	63
cand-siteA-id19-sh09	8ye5-assembly1_B	0.197	96	75	119	0.907	0.807	4.091E-01	3.663E-01	2.324E-01	1.619E-01	62
cand-siteA-id19-sh09	1wm5-assembly1_A	0.204	98	75	205	0.973	0.478	4.381E-01	4.209E-01	1.605E-01	2.268E-01	62
cand-siteA-id19-sh09	3r9a-assembly1_B	0.206	63	75	289	0.840	0.197	8.535E-01	6.584E-01	1.854E-01	2.688E+00	62
cand-siteA-id19-sh09	2c0l-assembly1_A	0.194	67	75	292	0.893	0.209	8.544E-01	7.016E-01	1.964E-01	3.008E+00	62
cand-siteA-id19-sh09	3r9a-assembly1_D	0.206	63	75	292	0.840	0.195	8.460E-01	6.541E-01	1.832E-01	2.688E+00	62
cand-siteA-id19-sh09	5bnw-assembly1_A	0.141	99	75	694	0.947	0.143	4.680E-01	4.376E-01	6.825E-02	2.839E-01	62
cand-siteA-id19-sh09	8fe6-assembly4_G	0.181	99	75	696	0.947	0.142	4.252E-01	3.974E-01	5.987E-02	1.712E-01	62
cand-siteA-id19-sh09	3d3i-assembly1_A	0.200	35	75	758	0.467	0.046	9.844E-01	4.587E-01	4.606E-02	2.843E+00	62
cand-siteA-id19-sh09	8uos-assembly2_B	0.232	56	75	58	0.747	0.966	7.772E-01	5.971E-01	7.427E-01	2.030E+00	61
cand-siteA-id19-sh09	5an3-assembly1_A	0.257	70	75	130	0.933	0.523	6.404E-01	5.806E-01	3.604E-01	7.807E-01	61
cand-siteA-id19-sh09	2vgy-assembly1_A-2	0.222	99	75	132	0.947	0.750	3.744E-01	3.507E-01	2.059E-01	1.033E-01	61
cand-siteA-id19-sh09	4j8d-assembly2_B	0.197	86	75	159	0.960	0.522	4.675E-01	4.480E-01	2.443E-01	2.399E-01	61
cand-siteA-id19-sh09	4nrh-assembly2_B	0.210	95	75	170	0.893	0.559	3.697E-01	3.264E-01	1.534E-01	1.092E-01	61
cand-siteA-id19-sh09	3asf-assembly1_A	0.190	100	75	174	0.960	0.575	4.436E-01	4.205E-01	1.859E-01	1.916E-01	61
cand-siteA-id19-sh09	4nq0-assembly1_A	0.192	78	75	254	0.960	0.307	8.165E-01	7.783E-01	2.572E-01	3.008E+00	61
cand-siteA-id19-sh09	3cvq-assembly1_A	0.171	70	75	289	0.933	0.221	9.137E-01	7.791E-01	2.142E-01	4.715E+00	61
cand-siteA-id19-sh09	6i7h-assembly1_A-2	0.181	88	75	331	0.987	0.257	4.930E-01	4.821E-01	1.357E-01	3.555E-01	61
cand-siteA-id19-sh09	7b80-assembly1_A	0.186	86	75	340	0.960	0.244	4.258E-01	4.084E-01	1.169E-01	2.268E-01	61
cand-siteA-id19-sh09	1ya0-assembly2_B	0.210	57	75	464	0.760	0.110	8.220E-01	5.822E-01	1.054E-01	2.147E+00	61
cand-siteA-id19-sh09	4am9-assembly1_A	0.214	98	75	131	0.933	0.748	3.814E-01	3.516E-01	2.076E-01	1.222E-01	60
cand-siteA-id19-sh09	2yhc-assembly1_A	0.206	63	75	209	0.840	0.287	8.342E-01	6.790E-01	2.650E-01	2.843E+00	60
cand-siteA-id19-sh09	6zmd-assembly1_B	0.195	87	75	332	0.973	0.253	5.051E-01	4.885E-01	1.350E-01	4.451E-01	60
cand-siteA-id19-sh09	1kt1-assembly1_A	0.231	82	75	374	0.933	0.211	8.192E-01	7.597E-01	1.670E-01	3.182E+00	60
cand-siteA-id19-sh09	4ja7-assembly1_A	0.276	76	75	466	0.867	0.163	5.156E-01	4.427E-01	8.826E-02	3.361E-01	60
cand-siteA-id19-sh09	6q6g-assembly1_Z	0.187	64	75	486	0.853	0.132	8.457E-01	7.261E-01	1.253E-01	3.366E+00	60
cand-siteA-id19-sh09	5gw7-assembly1_A	0.200	35	75	758	0.467	0.046	9.985E-01	4.612E-01	4.609E-02	3.366E+00	60
cand-siteA-id19-sh09	6c95-assembly1_A	0.184	65	75	773	0.840	0.084	8.495E-01	7.212E-01	7.932E-02	2.688E+00	60
cand-siteA-id19-sh09	3asd-assembly1_A	0.200	100	75	137	0.960	0.730	3.576E-01	3.411E-01	1.967E-01	8.723E-02	59
cand-siteA-id19-sh09	2vgx-assembly1_B	0.214	98	75	145	0.933	0.676	3.640E-01	3.355E-01	1.807E-01	1.155E-01	59
cand-siteA-id19-sh09	7aoi-assembly1_BE	0.235	68	75	401	0.907	0.162	8.823E-01	7.648E-01	1.554E-01	4.458E+00	59
cand-siteA-id19-sh09	7t7t-assembly2_B	0.204	83	75	432	0.973	0.192	5.570E-01	5.369E-01	1.084E-01	8.259E-01	59
cand-siteA-id19-sh09	4gyw-assembly2_A	0.181	99	75	695	0.947	0.142	4.280E-01	3.999E-01	5.936E-02	2.537E-01	59
cand-siteA-id19-sh09	8qoy-assembly1_A	0.164	97	75	1036	0.893	0.094	4.120E-01	3.634E-01	3.955E-02	2.268E-01	59
cand-siteA-id19-sh09	4buj-assembly2_F	0.210	76	75	1351	0.973	0.054	5.632E-01	5.450E-01	4.421E-02	4.708E-01	59
cand-siteA-id19-sh09	2k3w-assembly1_A	0.238	63	75	73	0.773	0.863	6.263E-01	5.034E-01	5.155E-01	9.241E-01	58
cand-siteA-id19-sh09	8xyv-assembly2_B	0.236	76	75	98	0.973	0.714	4.816E-01	4.443E-01	3.443E-01	4.208E-01	58
cand-siteA-id19-sh09	7msn-assembly1_B	0.142	63	75	416	0.840	0.151	8.118E-01	6.940E-01	1.437E-01	3.366E+00	58
cand-siteA-id19-sh09	6uro-assembly1_F	0.308	68	75	527	0.747	0.129	7.079E-01	5.434E-01	9.062E-02	1.224E+00	58
cand-siteA-id19-sh09	8gl8-assembly1_I	0.223	67	75	624	0.893	0.104	8.074E-01	7.079E-01	9.944E-02	3.366E+00	58
cand-siteA-id19-sh09	6q4m-assembly1_A	0.142	98	75	698	0.933	0.140	4.300E-01	3.959E-01	6.050E-02	3.003E-01	58
cand-siteA-id19-sh09	7u06-assembly1_A	0.156	51	75	1106	0.680	0.046	8.827E-01	6.179E-01	4.559E-02	3.984E+00	58
cand-siteA-id19-sh09	7sqc-assembly1_R1	0.147	68	75	2080	0.907	0.033	8.603E-01	7.799E-01	3.187E-02	4.988E+00	58
cand-siteA-id19-sh09	5ks5-assembly1_A	0.232	56	75	103	0.680	0.544	9.468E-01	6.431E-01	4.745E-01	5.581E+00	57
cand-siteA-id19-sh09	3q4a-assembly1_B	0.150	100	75	132	0.960	0.758	4.197E-01	3.977E-01	2.278E-01	3.177E-01	57
cand-siteA-id19-sh09	4kyo-assembly1_D	0.206	63	75	285	0.840	0.200	8.419E-01	6.517E-01	1.873E-01	3.766E+00	57
cand-siteA-id19-sh09	4kyo-assembly1_B	0.206	63	75	286	0.840	0.199	8.462E-01	6.544E-01	1.870E-01	3.766E+00	57
cand-siteA-id19-sh09	4ywf-assembly1_A	0.203	54	75	333	0.693	0.147	8.223E-01	5.431E-01	1.311E-01	3.182E+00	57
cand-siteA-id19-sh09	1w3b-assembly1_B	0.214	98	75	368	0.933	0.266	3.961E-01	3.652E-01	8.218E-02	2.027E-01	57
cand-siteA-id19-sh09	3jck-assembly1_C	0.179	78	75	378	0.973	0.206	8.240E-01	7.947E-01	1.780E-01	3.766E+00	57
cand-siteA-id19-sh09	3rib-assembly2_B	0.178	73	75	418	0.947	0.175	8.196E-01	7.743E-01	1.608E-01	3.766E+00	57
cand-siteA-id19-sh09	5a31-assembly1_O	0.173	75	75	685	0.960	0.109	6.408E-01	6.132E-01	9.144E-02	1.370E+00	57
cand-siteA-id19-sh09	4ui9-assembly1_O	0.173	75	75	685	0.960	0.109	6.408E-01	6.132E-01	9.144E-02	1.370E+00	57
cand-siteA-id19-sh09	6tnt-assembly1_O	0.148	81	75	688	0.947	0.118	7.633E-01	7.214E-01	9.613E-02	3.008E+00	57
cand-siteA-id19-sh09	4n3c-assembly1_A	0.131	99	75	697	0.947	0.142	3.971E-01	3.708E-01	5.935E-02	2.684E-01	57
cand-siteA-id19-sh09	3pe3-assembly4_D	0.131	99	75	701	0.947	0.141	4.040E-01	3.778E-01	5.378E-02	2.268E-01	57
cand-siteA-id19-sh09	6m5a-assembly1_A	0.297	37	75	844	0.493	0.044	9.304E-01	4.725E-01	4.358E-02	3.366E+00	57
cand-siteA-id19-sh09	8a3y-assembly1_Q	0.238	67	75	890	0.893	0.070	7.595E-01	6.428E-01	6.618E-02	2.688E+00	57
cand-siteA-id19-sh09	8upa-assembly2_C	0.203	54	75	56	0.720	0.964	8.612E-01	6.362E-01	8.218E-01	3.984E+00	56
cand-siteA-id19-sh09	1yxr-assembly1_A	0.217	78	75	77	0.973	0.896	5.168E-01	4.701E-01	4.583E-01	5.268E-01	56
cand-siteA-id19-sh09	6hpg-assembly1_A	0.292	82	75	121	0.947	0.678	4.595E-01	4.299E-01	2.731E-01	3.361E-01	56
cand-siteA-id19-sh09	1a17-assembly1_A	0.265	83	75	159	0.960	0.522	4.669E-01	4.428E-01	2.229E-01	3.978E-01	56
cand-siteA-id19-sh09	6nx4-assembly1_A	0.169	112	75	167	0.947	0.665	5.013E-01	4.691E-01	2.169E-01	4.208E-01	56
cand-siteA-id19-sh09	4xi0-assembly1_E	0.214	98	75	177	0.933	0.554	4.322E-01	3.982E-01	1.705E-01	3.361E-01	56
cand-siteA-id19-sh09	7rj5-assembly1_D	0.171	70	75	224	0.933	0.299	8.333E-01	7.475E-01	2.759E-01	3.984E+00	56
cand-siteA-id19-sh09	6e9t-assembly1_B	0.247	89	75	227	0.960	0.392	5.210E-01	4.990E-01	2.034E-01	4.980E-01	56
cand-siteA-id19-sh09	6rnq-assembly1_B	0.191	73	75	245	0.947	0.298	4.545E-01	4.253E-01	1.419E-01	5.573E-01	56
cand-siteA-id19-sh09	4hou-assembly1_A	0.234	64	75	261	0.853	0.222	7.008E-01	5.677E-01	1.938E-01	2.271E+00	56
cand-siteA-id19-sh09	5mgx-assembly3_G	0.216	74	75	266	0.840	0.278	8.567E-01	7.182E-01	2.154E-01	4.988E+00	56
cand-siteA-id19-sh09	7c0q-assembly2_D	0.141	78	75	274	0.947	0.277	7.862E-01	7.407E-01	2.279E-01	3.766E+00	56
cand-siteA-id19-sh09	6i7i-assembly1_A-2	0.183	87	75	334	0.973	0.251	4.642E-01	4.488E-01	1.264E-01	4.451E-01	56
cand-siteA-id19-sh09	5l9u-assembly1_X	0.214	70	75	380	0.933	0.168	8.209E-01	7.089E-01	1.595E-01	4.458E+00	56
cand-siteA-id19-sh09	8bbf-assembly1_C	0.182	82	75	392	0.933	0.209	7.417E-01	6.928E-01	1.521E-01	2.030E+00	56
cand-siteA-id19-sh09	4rg6-assembly1_A	0.157	70	75	474	0.933	0.135	8.725E-01	7.473E-01	1.300E-01	5.276E+00	56
cand-siteA-id19-sh09	6tm5-assembly1_P	0.191	68	75	492	0.907	0.124	6.486E-01	5.568E-01	1.120E-01	1.814E+00	56
cand-siteA-id19-sh09	5hgv-assembly2_C	0.173	98	75	674	0.933	0.145	3.988E-01	3.682E-01	5.733E-02	2.399E-01	56
cand-siteA-id19-sh09	6q6h-assembly1_O	0.148	81	75	703	0.947	0.115	7.605E-01	7.187E-01	9.400E-02	3.182E+00	56
cand-siteA-id19-sh09	7tbl-assembly1_c1	0.228	70	75	742	0.933	0.086	7.850E-01	6.762E-01	8.124E-02	3.182E+00	56
cand-siteA-id19-sh09	7tbm-assembly1_c1	0.228	70	75	743	0.933	0.086	7.850E-01	6.762E-01	8.114E-02	3.182E+00	56
cand-siteA-id19-sh09	4a5x-assembly2_B	0.147	68	75	73	0.760	0.932	8.184E-01	6.331E-01	6.485E-01	3.560E+00	55
cand-siteA-id19-sh09	7bev-assembly1_A	0.268	82	75	126	0.960	0.651	4.419E-01	4.195E-01	2.628E-01	3.177E-01	55
cand-siteA-id19-sh09	2c2l-assembly4_D	0.234	81	75	281	0.947	0.267	5.962E-01	5.594E-01	1.703E-01	1.295E+00	55
cand-siteA-id19-sh09	9dze-assembly1_B	0.293	75	75	316	0.960	0.237	6.835E-01	6.573E-01	1.986E-01	3.008E+00	55
cand-siteA-id19-sh09	5nps-assembly1_A	0.161	99	75	693	0.947	0.143	4.050E-01	3.786E-01	5.558E-02	2.144E-01	55
cand-siteA-id19-sh09	9g8o-assembly1_B	0.238	63	75	934	0.840	0.067	8.987E-01	7.576E-01	6.648E-02	6.245E+00	55
cand-siteA-id19-sh09	4cgw-assembly1_A	0.153	98	75	115	0.933	0.852	3.989E-01	3.675E-01	2.428E-01	3.555E-01	54
cand-siteA-id19-sh09	5lfm-assembly6_F	0.214	98	75	178	0.933	0.551	4.318E-01	3.978E-01	1.695E-01	4.451E-01	54
cand-siteA-id19-sh09	3as5-assembly1_A	0.175	97	75	183	0.920	0.530	4.539E-01	4.133E-01	1.776E-01	5.268E-01	54
cand-siteA-id19-sh09	1hh8-assembly1_A	0.189	95	75	192	0.933	0.495	4.578E-01	4.216E-01	1.686E-01	6.596E-01	54
cand-siteA-id19-sh09	8fbo-assembly1_C	0.192	83	75	254	0.973	0.327	6.199E-01	6.026E-01	2.295E-01	2.402E+00	54
cand-siteA-id19-sh09	7wzb-assembly1_B	0.219	73	75	254	0.973	0.283	4.873E-01	4.629E-01	1.850E-01	1.034E+00	54
cand-siteA-id19-sh09	6j30-assembly1_Q	0.218	64	75	431	0.773	0.148	8.071E-01	6.398E-01	1.273E-01	3.008E+00	54
cand-siteA-id19-sh09	5a31-assembly1_C	0.193	98	75	524	0.933	0.187	4.341E-01	3.997E-01	7.306E-02	4.451E-01	54
cand-siteA-id19-sh09	4gyw-assembly1_C	0.163	98	75	674	0.933	0.145	3.767E-01	3.494E-01	5.921E-02	2.839E-01	54
cand-siteA-id19-sh09	9gaw-assembly1_O	0.162	74	75	699	0.987	0.106	7.866E-01	7.697E-01	1.008E-01	4.214E+00	54
cand-siteA-id19-sh09	8fe7-assembly4_G	0.130	100	75	705	0.960	0.142	4.124E-01	3.909E-01	5.427E-02	3.760E-01	54
cand-siteA-id19-sh09	7mnl-assembly1_A	0.228	70	75	746	0.933	0.086	7.850E-01	6.762E-01	8.082E-02	3.766E+00	54
cand-siteA-id19-sh09	3s4b-assembly1_B	0.257	35	75	822	0.467	0.043	9.458E-01	4.516E-01	4.238E-02	3.984E+00	54
cand-siteA-id19-sh09	2kc7-assembly1_A	0.237	80	75	99	0.960	0.768	5.054E-01	4.833E-01	3.856E-01	6.596E-01	53
cand-siteA-id19-sh09	8xyv-assembly1_A	0.236	76	75	99	0.973	0.707	4.842E-01	4.465E-01	3.422E-01	7.381E-01	53
cand-siteA-id19-sh09	7qij-assembly1_CC	0.200	100	75	108	0.973	0.926	4.370E-01	4.198E-01	2.962E-01	5.268E-01	53
cand-siteA-id19-sh09	6fd7-assembly1_A	0.173	98	75	127	0.933	0.772	3.996E-01	3.681E-01	2.197E-01	3.978E-01	53
cand-siteA-id19-sh09	3wxx-assembly2_C	0.193	98	75	150	0.933	0.653	3.742E-01	3.458E-01	1.793E-01	3.177E-01	53
cand-siteA-id19-sh09	3as5-assembly2_B	0.180	100	75	169	0.960	0.592	4.405E-01	4.176E-01	1.874E-01	5.573E-01	53
cand-siteA-id19-sh09	8os1-assembly1_B	0.157	70	75	306	0.933	0.209	9.326E-01	7.928E-01	2.037E-01	8.749E+00	53
cand-siteA-id19-sh09	4gpk-assembly1_D	0.183	71	75	342	0.933	0.208	7.687E-01	7.199E-01	1.881E-01	4.715E+00	53
cand-siteA-id19-sh09	6fnd-assembly1_B	0.155	77	75	418	0.853	0.182	7.682E-01	6.656E-01	1.387E-01	3.766E+00	53
cand-siteA-id19-sh09	3jco-assembly1_Q	0.185	70	75	431	0.933	0.160	8.060E-01	7.433E-01	1.506E-01	4.214E+00	53
cand-siteA-id19-sh09	7mnm-assembly1_A	0.228	70	75	746	0.933	0.086	7.818E-01	6.739E-01	8.078E-02	3.766E+00	53
cand-siteA-id19-sh09	8h6h-assembly1_A	0.200	35	75	986	0.467	0.035	9.491E-01	4.521E-01	3.536E-02	4.458E+00	53
cand-siteA-id19-sh09	5cwl-assembly2_B	0.280	75	75	175	0.920	0.429	6.624E-01	6.138E-01	3.070E-01	2.688E+00	52
cand-siteA-id19-sh09	5lfl-assembly6_F	0.214	98	75	178	0.933	0.551	4.316E-01	3.977E-01	1.695E-01	5.573E-01	52
cand-siteA-id19-sh09	7c0q-assembly1_C	0.144	76	75	272	0.947	0.279	7.197E-01	6.795E-01	2.228E-01	3.766E+00	52
cand-siteA-id19-sh09	6ley-assembly1_A	0.145	48	75	384	0.613	0.125	8.671E-01	5.523E-01	1.161E-01	4.715E+00	52
cand-siteA-id19-sh09	6le6-assembly1_A	0.145	48	75	392	0.613	0.122	8.650E-01	5.513E-01	1.137E-01	4.715E+00	52
cand-siteA-id19-sh09	8tau-assembly1_Z	0.214	70	75	488	0.933	0.131	7.752E-01	6.750E-01	1.233E-01	4.988E+00	52
cand-siteA-id19-sh09	8cm9-assembly4_D	0.163	98	75	704	0.933	0.139	3.776E-01	3.502E-01	5.835E-02	3.978E-01	52
cand-siteA-id19-sh09	5lwv-assembly1_A	0.132	98	75	711	0.933	0.138	4.013E-01	3.696E-01	5.752E-02	4.708E-01	52
cand-siteA-id19-sh09	2l6j-assembly1_A	0.188	90	75	111	0.987	0.757	4.569E-01	4.467E-01	3.280E-01	8.259E-01	51
cand-siteA-id19-sh09	7o04-assembly1_B	0.126	111	75	131	0.960	0.847	3.754E-01	3.556E-01	2.046E-01	2.537E-01	51
cand-siteA-id19-sh09	4ga0-assembly1_A	0.225	71	75	143	0.760	0.497	5.023E-01	3.803E-01	2.052E-01	8.736E-01	51
cand-siteA-id19-sh09	8f6q-assembly1_A	0.243	82	75	199	0.960	0.412	5.437E-01	5.198E-01	2.496E-01	1.370E+00	51
cand-siteA-id19-sh09	4eqf-assembly1_A	0.121	74	75	281	0.987	0.242	8.638E-01	7.828E-01	2.289E-01	7.819E+00	51
cand-siteA-id19-sh09	1fch-assembly1_A	0.206	63	75	302	0.840	0.189	8.346E-01	6.475E-01	1.768E-01	5.581E+00	51
cand-siteA-id19-sh09	7msk-assembly1_B	0.197	71	75	421	0.933	0.169	8.069E-01	7.542E-01	1.571E-01	4.988E+00	51
cand-siteA-id19-sh09	5l9u-assembly1_P	0.206	92	75	425	0.853	0.216	4.270E-01	3.605E-01	7.346E-02	5.268E-01	51
cand-siteA-id19-sh09	6r7n-assembly1_B	0.176	51	75	443	0.680	0.113	8.814E-01	6.045E-01	1.102E-01	5.904E+00	51
cand-siteA-id19-sh09	5khu-assembly1_J	0.134	104	75	504	0.893	0.206	4.380E-01	3.872E-01	7.350E-02	5.573E-01	51
cand-siteA-id19-sh09	4j8f-assembly1_A	0.188	85	75	551	0.947	0.149	4.608E-01	4.365E-01	8.051E-02	7.381E-01	51
cand-siteA-id19-sh09	5c6g-assembly2_C	0.142	56	75	588	0.747	0.095	8.959E-01	6.800E-01	9.360E-02	6.245E+00	51
cand-siteA-id19-sh09	5nz7-assembly1_B	0.200	35	75	978	0.467	0.036	9.481E-01	4.519E-01	3.564E-02	5.276E+00	51
cand-siteA-id19-sh09	5nz7-assembly1_A	0.200	35	75	984	0.467	0.036	9.512E-01	4.525E-01	3.543E-02	5.276E+00	51
cand-siteA-id19-sh09	8arc-assembly2_C	0.144	97	75	107	0.893	0.888	4.589E-01	4.162E-01	3.121E-01	8.736E-01	50
cand-siteA-id19-sh09	6i57-assembly1_A	0.265	83	75	125	0.960	0.664	4.235E-01	4.028E-01	2.521E-01	5.268E-01	50
cand-siteA-id19-sh09	7owv-assembly1_B	0.123	113	75	140	0.960	0.807	3.760E-01	3.562E-01	1.917E-01	2.839E-01	50
cand-siteA-id19-sh09	4gpk-assembly1_C	0.219	73	75	340	0.973	0.209	8.147E-01	7.689E-01	1.942E-01	6.606E+00	50
cand-siteA-id19-sh09	6lbg-assembly2_A	0.145	48	75	377	0.613	0.127	8.564E-01	5.486E-01	1.180E-01	5.276E+00	50
cand-siteA-id19-sh09	6ldp-assembly1_A	0.145	48	75	387	0.613	0.124	8.701E-01	5.546E-01	1.156E-01	5.581E+00	50
cand-siteA-id19-sh09	4d18-assembly2_J	0.177	79	75	403	0.960	0.194	6.494E-01	6.196E-01	1.448E-01	3.182E+00	50
cand-siteA-id19-sh09	4d10-assembly1_I	0.196	51	75	419	0.680	0.122	7.976E-01	5.718E-01	1.163E-01	4.458E+00	50
cand-siteA-id19-sh09	6tlj-assembly1_P	0.189	95	75	491	0.893	0.193	3.572E-01	3.182E-01	5.932E-02	3.555E-01	50
cand-siteA-id19-sh09	4ui9-assembly1_P	0.204	98	75	491	0.933	0.200	3.965E-01	3.656E-01	6.758E-02	3.555E-01	50
cand-siteA-id19-sh09	8pkp-assembly1_V	0.200	95	75	534	0.893	0.178	4.531E-01	3.994E-01	6.867E-02	7.807E-01	50
cand-siteA-id19-sh09	7kzv-assembly1_G	0.136	73	75	577	0.933	0.116	8.266E-01	7.372E-01	1.065E-01	6.988E+00	50
cand-siteA-id19-sh09	4uzy-assembly1_A	0.243	78	75	624	0.947	0.115	7.283E-01	6.851E-01	9.263E-02	4.988E+00	50
cand-siteA-id19-sh09	8dti-assembly1_B	0.244	98	75	629	0.933	0.156	3.896E-01	3.596E-01	4.995E-02	3.760E-01	50
cand-siteA-id19-sh09	8b0x-assembly1_T	0.187	80	75	86	0.987	0.930	5.784E-01	5.662E-01	5.074E-01	1.715E+00	49
cand-siteA-id19-sh09	2vkj-assembly1_A	0.182	93	75	106	0.960	0.877	5.844E-01	5.597E-01	4.220E-01	1.919E+00	49
cand-siteA-id19-sh09	7azv-assembly1_B	0.123	113	75	133	0.960	0.850	3.755E-01	3.558E-01	2.016E-01	3.361E-01	49
cand-siteA-id19-sh09	5l0y-assembly6_F	0.161	124	75	140	0.973	0.886	3.132E-01	3.011E-01	1.728E-01	2.144E-01	49
cand-siteA-id19-sh09	6gxz-assembly2_C	0.147	95	75	156	0.893	0.609	4.183E-01	3.706E-01	1.804E-01	8.259E-01	49
cand-siteA-id19-sh09	7cc7-assembly1_A	0.222	54	75	227	0.720	0.216	8.005E-01	5.476E-01	1.978E-01	4.715E+00	49
cand-siteA-id19-sh09	6rns-assembly1_B	0.212	66	75	244	0.853	0.270	5.013E-01	4.242E-01	1.412E-01	1.224E+00	49
cand-siteA-id19-sh09	4gpk-assembly2_F	0.223	67	75	341	0.893	0.191	8.367E-01	7.298E-01	1.794E-01	7.819E+00	49
cand-siteA-id19-sh09	6lf0-assembly2_B	0.145	48	75	381	0.613	0.126	8.548E-01	5.478E-01	1.168E-01	5.581E+00	49
cand-siteA-id19-sh09	5aem-assembly1_A	0.119	67	75	407	0.893	0.150	7.831E-01	6.529E-01	1.397E-01	5.581E+00	49
cand-siteA-id19-sh09	6c9m-assembly1_A	0.115	69	75	771	0.920	0.084	7.045E-01	6.232E-01	7.797E-02	4.214E+00	49
cand-siteA-id19-sh09	3ffl-assembly2_B	0.207	77	75	126	0.907	0.603	7.574E-01	6.869E-01	4.294E-01	5.581E+00	48
cand-siteA-id19-sh09	2a9u-assembly1_B	0.217	78	75	127	0.973	0.567	4.907E-01	4.657E-01	2.804E-01	9.775E-01	48
cand-siteA-id19-sh09	4ga2-assembly1_A	0.225	71	75	144	0.760	0.493	5.018E-01	3.800E-01	2.039E-01	1.094E+00	48
cand-siteA-id19-sh09	6yvg-assembly1_A	0.141	78	75	274	0.947	0.277	8.050E-01	7.584E-01	2.315E-01	7.392E+00	48
cand-siteA-id19-sh09	5ln3-assembly1_Q	0.179	67	75	422	0.893	0.159	7.887E-01	7.123E-01	1.494E-01	5.581E+00	48
cand-siteA-id19-sh09	7obq-assembly1_u	0.158	82	75	441	0.960	0.186	5.802E-01	5.544E-01	1.186E-01	2.030E+00	48
cand-siteA-id19-sh09	6q6h-assembly1_V	0.193	98	75	530	0.933	0.185	4.332E-01	3.990E-01	7.071E-02	8.736E-01	48
cand-siteA-id19-sh09	8fuf-assembly1_A	0.140	100	75	695	0.960	0.144	4.782E-01	4.538E-01	6.725E-02	1.532E+00	48
cand-siteA-id19-sh09	4zlf-assembly1_A	0.264	34	75	785	0.453	0.043	1.005E+00	4.495E-01	4.326E-02	8.271E+00	48
cand-siteA-id19-sh09	3mkq-assembly1_E	0.154	84	75	810	0.960	0.104	3.954E-01	3.752E-01	5.513E-02	6.596E-01	48
cand-siteA-id19-sh09	2jq9-assembly1_A	0.265	64	75	71	0.827	0.901	5.717E-01	4.704E-01	4.945E-01	1.715E+00	47
cand-siteA-id19-sh09	5xyu-assembly1_T	0.137	80	75	83	1.000	0.964	5.779E-01	5.720E-01	5.284E-01	2.541E+00	47
cand-siteA-id19-sh09	4u25-assembly2_CT	0.185	81	75	85	1.000	0.953	5.793E-01	5.733E-01	5.196E-01	2.147E+00	47
cand-siteA-id19-sh09	6gsj-assembly1_BI	0.164	73	75	97	0.853	0.753	6.516E-01	5.673E-01	4.614E-01	3.366E+00	47
cand-siteA-id19-sh09	4ga1-assembly1_A	0.180	83	75	143	0.907	0.580	4.383E-01	3.930E-01	2.130E-01	9.775E-01	47
cand-siteA-id19-sh09	6lyr-assembly1_D	0.200	70	75	208	0.933	0.322	8.110E-01	7.281E-01	2.910E-01	7.819E+00	47
cand-siteA-id19-sh09	5jj7-assembly1_B	0.173	52	75	330	0.693	0.148	7.308E-01	5.060E-01	1.351E-01	4.458E+00	47
cand-siteA-id19-sh09	2jbw-assembly2_C	0.236	55	75	351	0.693	0.157	6.594E-01	4.562E-01	1.114E-01	2.843E+00	47
cand-siteA-id19-sh09	5efr-assembly1_A	0.220	100	75	403	0.973	0.248	4.404E-01	4.237E-01	1.050E-01	9.241E-01	47
cand-siteA-id19-sh09	7msn-assembly1_A	0.164	67	75	417	0.853	0.161	7.404E-01	6.440E-01	1.414E-01	5.904E+00	47
cand-siteA-id19-sh09	6epf-assembly1_Q	0.178	73	75	422	0.973	0.164	7.783E-01	7.166E-01	1.499E-01	6.245E+00	47
cand-siteA-id19-sh09	9gaw-assembly1_Z	0.214	70	75	455	0.933	0.141	8.112E-01	7.028E-01	1.335E-01	8.749E+00	47
cand-siteA-id19-sh09	5hay-assembly2_B	0.144	111	75	517	0.973	0.215	3.979E-01	3.841E-01	7.886E-02	6.236E-01	47
cand-siteA-id19-sh09	4xif-assembly1_A	0.151	99	75	702	0.947	0.141	4.278E-01	4.000E-01	6.173E-02	6.596E-01	47
cand-siteA-id19-sh09	2xsg-assembly2_B	0.145	62	75	764	0.680	0.081	7.282E-01	5.105E-01	5.902E-02	3.560E+00	47
cand-siteA-id19-sh09	6af0-assembly1_A	0.202	79	75	905	0.960	0.084	8.010E-01	7.637E-01	7.331E-02	8.271E+00	47
cand-siteA-id19-sh09	8hnu-assembly1_B	0.200	35	75	985	0.467	0.036	9.492E-01	4.521E-01	3.539E-02	6.988E+00	47
cand-siteA-id19-sh09	7t8n-assembly1_BBB-2	0.192	57	75	124	0.760	0.419	7.201E-01	5.291E-01	3.451E-01	4.458E+00	46
cand-siteA-id19-sh09	5lbh-assembly1_A	0.250	52	75	143	0.680	0.364	7.711E-01	5.265E-01	2.842E-01	4.458E+00	46
cand-siteA-id19-sh09	4i17-assembly1_A	0.226	84	75	224	0.960	0.375	4.535E-01	4.303E-01	1.621E-01	1.224E+00	46
cand-siteA-id19-sh09	6fel-assembly2_C	0.227	88	75	225	0.960	0.391	4.727E-01	4.500E-01	1.613E-01	1.295E+00	46
cand-siteA-id19-sh09	3qky-assembly1_A	0.232	99	75	251	0.960	0.394	4.466E-01	4.241E-01	1.471E-01	8.736E-01	46
cand-siteA-id19-sh09	4lct-assembly2_D	0.166	84	75	348	0.893	0.241	5.468E-01	4.901E-01	1.236E-01	2.271E+00	46
cand-siteA-id19-sh09	5mk2-assembly1_A	0.219	73	75	355	0.800	0.206	7.333E-01	5.876E-01	1.366E-01	4.988E+00	46
cand-siteA-id19-sh09	6len-assembly1_A	0.152	46	75	384	0.587	0.120	8.661E-01	5.299E-01	1.112E-01	6.988E+00	46
cand-siteA-id19-sh09	8qdb-assembly1_A	0.268	67	75	410	0.760	0.151	5.618E-01	4.230E-01	9.958E-02	2.030E+00	46
cand-siteA-id19-sh09	6fvu-assembly1_Q	0.179	67	75	434	0.893	0.154	8.101E-01	7.298E-01	1.465E-01	7.392E+00	46
cand-siteA-id19-sh09	8pkp-assembly1_Y	0.208	72	75	499	0.960	0.126	7.410E-01	6.356E-01	1.170E-01	5.904E+00	46
cand-siteA-id19-sh09	5y7q-assembly1_A	0.135	81	75	546	0.960	0.148	4.712E-01	4.513E-01	8.516E-02	1.715E+00	46
cand-siteA-id19-sh09	4rib-assembly1_A	0.141	92	75	615	0.973	0.145	7.071E-01	6.851E-01	1.048E-01	5.276E+00	46
cand-siteA-id19-sh09	4rhh-assembly1_B	0.235	34	75	694	0.453	0.049	9.681E-01	4.433E-01	4.882E-02	8.749E+00	46
cand-siteA-id19-sh09	8tau-assembly1_O	0.162	74	75	707	0.987	0.105	7.861E-01	7.693E-01	9.973E-02	7.819E+00	46
cand-siteA-id19-sh09	8dth-assembly1_A	0.224	98	75	736	0.933	0.133	3.933E-01	3.627E-01	4.844E-02	6.596E-01	46
cand-siteA-id19-sh09	2ww2-assembly1_C	0.250	32	75	737	0.427	0.043	9.696E-01	4.171E-01	4.326E-02	7.392E+00	46
cand-siteA-id19-sh09	2cqt-assembly1_B	0.285	35	75	822	0.467	0.043	9.528E-01	4.528E-01	4.240E-02	7.392E+00	46
cand-siteA-id19-sh09	7yea-assembly1_B	0.204	98	75	1017	0.933	0.096	4.309E-01	3.975E-01	4.337E-02	7.807E-01	46
cand-siteA-id19-sh09	7sfr-assembly1_t	0.177	79	75	82	0.987	0.963	5.643E-01	5.528E-01	5.160E-01	2.541E+00	45
cand-siteA-id19-sh09	4u7y-assembly1_A	0.202	79	75	83	0.960	0.771	4.310E-01	3.638E-01	3.308E-01	9.241E-01	45
cand-siteA-id19-sh09	4gco-assembly1_A	0.153	98	75	120	0.933	0.817	3.932E-01	3.626E-01	2.298E-01	9.775E-01	45
cand-siteA-id19-sh09	2a9u-assembly1_A	0.217	78	75	134	0.973	0.537	4.639E-01	4.407E-01	2.571E-01	9.775E-01	45
cand-siteA-id19-sh09	7t8n-assembly1_AAA-2	0.192	57	75	136	0.760	0.382	6.773E-01	4.942E-01	2.998E-01	3.984E+00	45
cand-siteA-id19-sh09	5l0y-assembly7_G	0.165	121	75	144	0.973	0.840	3.133E-01	3.012E-01	1.688E-01	3.555E-01	45
cand-siteA-id19-sh09	3jaj-assembly1_6	0.155	90	75	179	0.973	0.503	5.494E-01	5.302E-01	2.777E-01	2.843E+00	45
cand-siteA-id19-sh09	6sn7-assembly1_D	0.206	63	75	218	0.840	0.275	8.477E-01	6.861E-01	2.543E-01	9.790E+00	45
cand-siteA-id19-sh09	4ryk-assembly1_A-2	0.186	75	75	295	0.960	0.254	6.571E-01	6.288E-01	1.997E-01	6.245E+00	45
cand-siteA-id19-sh09	5cqs-assembly1_A	0.261	88	75	325	0.973	0.268	4.599E-01	4.447E-01	1.262E-01	1.224E+00	45
cand-siteA-id19-sh09	5no5-assembly1_B	0.234	47	75	349	0.573	0.135	6.613E-01	3.860E-01	9.827E-02	2.843E+00	45
cand-siteA-id19-sh09	7w3i-assembly1_X	0.176	68	75	380	0.907	0.179	8.217E-01	7.471E-01	1.690E-01	8.271E+00	45
cand-siteA-id19-sh09	5khu-assembly1_X	0.239	71	75	396	0.933	0.162	7.329E-01	6.398E-01	1.456E-01	6.606E+00	45
cand-siteA-id19-sh09	4rg9-assembly1_B	0.233	77	75	472	0.933	0.148	6.278E-01	5.874E-01	1.142E-01	4.458E+00	45
cand-siteA-id19-sh09	5nnp-assembly1_A	0.181	88	75	665	0.800	0.132	4.031E-01	3.178E-01	4.237E-02	8.736E-01	45
cand-siteA-id19-sh09	6c9m-assembly2_C	0.184	65	75	773	0.840	0.084	8.315E-01	7.079E-01	7.904E-02	7.819E+00	45
cand-siteA-id19-sh09	9hmf-assembly1_K	0.222	63	75	773	0.840	0.078	6.548E-01	5.523E-01	7.201E-02	4.214E+00	45
cand-siteA-id19-sh09	7y4i-assembly1_A	0.244	98	75	822	0.933	0.119	4.051E-01	3.739E-01	4.701E-02	6.977E-01	45
cand-siteA-id19-sh09	3u8v-assembly1_A	0.178	73	75	83	0.973	0.880	5.790E-01	5.588E-01	5.142E-01	5.904E+00	44
cand-siteA-id19-sh09	4zey-assembly1_A	0.223	76	75	84	0.973	0.905	4.790E-01	4.607E-01	4.132E-01	1.532E+00	44
cand-siteA-id19-sh09	4u26-assembly2_CT	0.185	81	75	85	1.000	0.953	5.717E-01	5.658E-01	5.135E-01	2.688E+00	44
cand-siteA-id19-sh09	2dl1-assembly1_A	0.157	70	75	116	0.773	0.603	6.716E-01	5.141E-01	3.350E-01	3.984E+00	44
cand-siteA-id19-sh09	8uc6-assembly1_C	0.222	63	75	147	0.787	0.429	5.205E-01	4.397E-01	2.581E-01	2.030E+00	44
cand-siteA-id19-sh09	8uc6-assembly2_B	0.222	63	75	148	0.787	0.426	5.236E-01	4.458E-01	2.574E-01	2.030E+00	44
cand-siteA-id19-sh09	8gji-assembly1_A	0.232	73	75	167	0.960	0.401	5.258E-01	4.663E-01	2.155E-01	2.030E+00	44
cand-siteA-id19-sh09	4p3f-assembly1_A	0.166	78	75	193	0.960	0.404	5.792E-01	5.532E-01	2.489E-01	3.366E+00	44
cand-siteA-id19-sh09	7nfx-assembly1_u	0.158	82	75	196	0.960	0.418	5.793E-01	5.535E-01	2.452E-01	3.182E+00	44
cand-siteA-id19-sh09	4p29-assembly2_B	0.140	71	75	215	0.947	0.316	7.280E-01	6.679E-01	2.722E-01	7.819E+00	44
cand-siteA-id19-sh09	6t80-assembly2_C	0.226	84	75	220	0.960	0.382	4.545E-01	4.312E-01	1.631E-01	1.157E+00	44
cand-siteA-id19-sh09	6yos-assembly1_A	0.193	88	75	224	0.973	0.375	4.362E-01	4.203E-01	1.680E-01	1.094E+00	44
cand-siteA-id19-sh09	9gaw-assembly1_P	0.183	98	75	491	0.933	0.200	4.305E-01	3.964E-01	7.691E-02	1.449E+00	44
cand-siteA-id19-sh09	4rea-assembly1_A	0.139	93	75	590	0.973	0.151	6.846E-01	6.635E-01	1.079E-01	5.581E+00	44
cand-siteA-id19-sh09	5khr-assembly1_O	0.148	81	75	603	0.947	0.134	7.454E-01	7.049E-01	1.084E-01	7.392E+00	44
cand-siteA-id19-sh09	4c1p-assembly1_A	0.294	34	75	703	0.453	0.048	9.780E-01	4.448E-01	4.822E-02	8.749E+00	44
cand-siteA-id19-sh09	4kvm-assembly1_A	0.157	70	75	718	0.733	0.097	5.556E-01	4.085E-01	4.937E-02	2.541E+00	44
cand-siteA-id19-sh09	3mkq-assembly1_A	0.200	80	75	811	0.947	0.090	4.124E-01	3.884E-01	5.017E-02	1.449E+00	44
cand-siteA-id19-sh09	5xmk-assembly1_I	0.227	44	75	54	0.587	0.796	8.157E-01	4.736E-01	6.470E-01	7.819E+00	43
cand-siteA-id19-sh09	4a1g-assembly1_A	0.098	61	75	146	0.747	0.384	6.026E-01	4.768E-01	2.755E-01	3.766E+00	43
cand-siteA-id19-sh09	6gkf-assembly4_H	0.195	87	75	220	0.960	0.386	4.199E-01	3.988E-01	1.595E-01	9.775E-01	43
cand-siteA-id19-sh09	3u4t-assembly2_B	0.153	98	75	258	0.933	0.380	3.902E-01	3.624E-01	1.171E-01	9.241E-01	43
cand-siteA-id19-sh09	3msv-assembly3_B	0.129	93	75	348	0.973	0.267	6.129E-01	5.930E-01	1.678E-01	4.458E+00	43
cand-siteA-id19-sh09	5crv-assembly2_B	0.219	73	75	361	0.800	0.202	7.360E-01	5.896E-01	1.331E-01	6.988E+00	43
cand-siteA-id19-sh09	1ihg-assembly1_A	0.140	114	75	364	0.933	0.313	3.992E-01	3.678E-01	8.658E-02	1.295E+00	43
cand-siteA-id19-sh09	1hz4-assembly1_A	0.223	76	75	366	0.973	0.197	6.372E-01	6.123E-01	1.619E-01	5.904E+00	43
cand-siteA-id19-sh09	7qo6-assembly1_R	0.274	62	75	405	0.827	0.153	6.340E-01	5.347E-01	1.226E-01	4.458E+00	43
cand-siteA-id19-sh09	8h38-assembly1_B	0.189	95	75	420	0.973	0.226	5.229E-01	5.050E-01	1.111E-01	2.541E+00	43
cand-siteA-id19-sh09	5g05-assembly1_F	0.233	77	75	460	0.933	0.152	6.245E-01	5.844E-01	1.168E-01	5.276E+00	43
cand-siteA-id19-sh09	2xgs-assembly2_B	0.125	64	75	479	0.853	0.121	7.594E-01	6.083E-01	1.127E-01	8.271E+00	43
cand-siteA-id19-sh09	5a31-assembly1_J	0.134	104	75	504	0.893	0.206	4.462E-01	3.935E-01	7.334E-02	1.919E+00	43
cand-siteA-id19-sh09	4ui9-assembly1_J	0.134	104	75	504	0.893	0.206	4.462E-01	3.935E-01	7.334E-02	1.919E+00	43
cand-siteA-id19-sh09	8bbe-assembly1_D	0.202	99	75	648	0.933	0.153	3.616E-01	3.333E-01	5.077E-02	9.775E-01	43
cand-siteA-id19-sh09	7y4i-assembly1_B	0.244	98	75	815	0.933	0.120	4.042E-01	3.732E-01	4.723E-02	9.775E-01	43
cand-siteA-id19-sh09	5nbt-assembly1_B	0.166	54	75	65	0.693	0.831	6.460E-01	4.802E-01	5.387E-01	4.988E+00	42
cand-siteA-id19-sh09	5fvl-assembly2_B	0.214	70	75	78	0.880	0.897	5.326E-01	4.652E-01	4.488E-01	3.182E+00	42
cand-siteA-id19-sh09	3ffl-assembly2_D	0.194	77	75	123	0.907	0.610	7.404E-01	6.715E-01	4.296E-01	8.271E+00	42
cand-siteA-id19-sh09	1n1q-assembly1_A	0.207	53	75	149	0.707	0.315	7.589E-01	4.792E-01	2.480E-01	5.904E+00	42
cand-siteA-id19-sh09	1qja-assembly1_A	0.219	82	75	217	0.933	0.359	4.327E-01	4.051E-01	1.655E-01	1.094E+00	42
cand-siteA-id19-sh09	4wrq-assembly1_A	0.204	83	75	220	0.960	0.359	4.245E-01	4.047E-01	1.658E-01	1.224E+00	42
cand-siteA-id19-sh09	6a5q-assembly2_C-2	0.186	86	75	226	0.960	0.367	4.166E-01	3.984E-01	1.573E-01	1.157E+00	42
cand-siteA-id19-sh09	6gkg-assembly2_F	0.186	91	75	226	0.960	0.394	4.203E-01	3.992E-01	1.556E-01	1.094E+00	42
cand-siteA-id19-sh09	4zdr-assembly1_A	0.188	85	75	243	0.933	0.337	4.336E-01	4.028E-01	1.495E-01	1.224E+00	42
cand-siteA-id19-sh09	4u0u-assembly1_A	0.168	83	75	334	0.920	0.240	5.275E-01	4.878E-01	1.349E-01	3.008E+00	42
cand-siteA-id19-sh09	6j2n-assembly1_R	0.227	66	75	400	0.880	0.147	6.484E-01	5.127E-01	1.165E-01	4.214E+00	42
cand-siteA-id19-sh09	5a42-assembly1_A	0.205	73	75	1597	0.933	0.042	6.041E-01	5.478E-01	3.726E-02	4.458E+00	42
cand-siteA-id19-sh09	5nbt-assembly2_D	0.172	58	75	69	0.693	0.841	6.529E-01	4.846E-01	5.182E-01	5.581E+00	41
cand-siteA-id19-sh09	5fvk-assembly2_B	0.228	70	75	82	0.880	0.854	5.507E-01	4.809E-01	4.417E-01	3.766E+00	41
cand-siteA-id19-sh09	7qij-assembly1_EC	0.193	88	75	98	0.973	0.888	4.297E-01	4.139E-01	3.230E-01	1.449E+00	41
cand-siteA-id19-sh09	4v5q-assembly1_AT	0.180	83	75	99	0.987	0.838	5.560E-01	5.433E-01	4.312E-01	3.182E+00	41
cand-siteA-id19-sh09	8sxh-assembly1_C	0.168	95	75	108	0.907	0.880	3.757E-01	3.368E-01	2.366E-01	1.034E+00	41
cand-siteA-id19-sh09	4apo-assembly1_A	0.120	116	75	142	0.933	0.817	4.683E-01	4.316E-01	2.359E-01	2.688E+00	41
cand-siteA-id19-sh09	3fvb-assembly1_A	0.254	51	75	161	0.680	0.298	7.008E-01	4.572E-01	2.234E-01	4.988E+00	41
cand-siteA-id19-sh09	3urz-assembly1_A	0.166	114	75	202	0.933	0.564	3.800E-01	3.505E-01	1.504E-01	1.224E+00	41
cand-siteA-id19-sh09	3urz-assembly2_B	0.166	114	75	206	0.933	0.553	3.795E-01	3.500E-01	1.502E-01	1.370E+00	41
cand-siteA-id19-sh09	6w2r-assembly4_D	0.253	75	75	211	0.960	0.336	5.690E-01	5.371E-01	2.375E-01	4.988E+00	41
cand-siteA-id19-sh09	4fr3-assembly1_A-2	0.222	90	75	228	0.973	0.377	4.143E-01	3.989E-01	1.508E-01	1.157E+00	41
cand-siteA-id19-sh09	5om0-assembly2_A-2	0.186	86	75	228	0.960	0.364	4.353E-01	4.129E-01	1.575E-01	1.449E+00	41
cand-siteA-id19-sh09	6t80-assembly1_A	0.244	45	75	233	0.533	0.193	7.501E-01	4.009E-01	1.315E-01	4.988E+00	41
cand-siteA-id19-sh09	4r7s-assembly1_A	0.183	98	75	256	0.893	0.383	4.063E-01	3.583E-01	1.105E-01	1.621E+00	41
cand-siteA-id19-sh09	7c0q-assembly2_B	0.142	77	75	274	0.960	0.281	7.181E-01	6.857E-01	2.241E-01	9.790E+00	41
cand-siteA-id19-sh09	7msp-assembly2_B	0.164	67	75	333	0.853	0.201	7.363E-01	6.410E-01	1.744E-01	9.255E+00	41
cand-siteA-id19-sh09	6r7n-assembly1_A	0.196	56	75	419	0.747	0.134	7.674E-01	5.942E-01	1.250E-01	8.271E+00	41
cand-siteA-id19-sh09	5w5i-assembly1_C	0.166	90	75	436	0.947	0.206	4.341E-01	4.057E-01	8.695E-02	2.147E+00	41
cand-siteA-id19-sh09	8pkp-assembly1_J	0.233	77	75	476	0.933	0.147	6.223E-01	5.830E-01	1.124E-01	5.904E+00	41
cand-siteA-id19-sh09	9bax-assembly1_F	0.178	95	75	592	0.893	0.160	4.478E-01	3.953E-01	5.758E-02	1.715E+00	41
cand-siteA-id19-sh09	3mkq-assembly1_C	0.154	84	75	811	0.960	0.104	3.966E-01	3.760E-01	5.473E-02	1.621E+00	41
cand-siteA-id19-sh09	6yj6-assembly1_A	0.097	92	75	819	0.853	0.112	4.119E-01	3.475E-01	3.992E-02	1.449E+00	41
cand-siteA-id19-sh09	9f1d-assembly1_DB	0.115	69	75	837	0.920	0.078	6.984E-01	6.187E-01	7.193E-02	7.819E+00	41
cand-siteA-id19-sh09	8y9a-assembly1_A	0.214	84	75	127	0.973	0.567	4.413E-01	4.211E-01	2.568E-01	1.715E+00	40
cand-siteA-id19-sh09	5zmr-assembly1_A	0.117	68	75	136	0.800	0.500	5.771E-01	4.875E-01	3.059E-01	3.766E+00	40
cand-siteA-id19-sh09	3ks2-assembly1_A	0.120	91	75	137	0.840	0.664	4.268E-01	3.541E-01	1.970E-01	1.715E+00	40
cand-siteA-id19-sh09	3ta8-assembly1_A	0.192	57	75	144	0.760	0.326	5.949E-01	3.745E-01	2.054E-01	3.182E+00	40
cand-siteA-id19-sh09	4apo-assembly2_B	0.120	116	75	154	0.933	0.753	4.669E-01	4.304E-01	2.192E-01	3.008E+00	40
cand-siteA-id19-sh09	6lk8-assembly1_U	0.204	93	75	173	0.933	0.538	3.871E-01	3.572E-01	1.598E-01	1.157E+00	40
cand-siteA-id19-sh09	7obr-assembly1_u	0.155	90	75	194	0.973	0.464	5.308E-01	5.176E-01	2.624E-01	5.276E+00	40
cand-siteA-id19-sh09	5m73-assembly1_C	0.157	89	75	197	0.960	0.452	5.637E-01	5.377E-01	2.530E-01	4.988E+00	40
cand-siteA-id19-sh09	3rjv-assembly1_A	0.297	47	75	208	0.627	0.188	8.413E-01	4.546E-01	1.729E-01	9.255E+00	40
cand-siteA-id19-sh09	1yz5-assembly1_A	0.211	85	75	223	0.973	0.381	4.372E-01	4.205E-01	1.572E-01	1.814E+00	40
cand-siteA-id19-sh09	5om0-assembly2_B	0.238	84	75	229	0.933	0.367	4.398E-01	4.084E-01	1.514E-01	1.621E+00	40
cand-siteA-id19-sh09	6twz-assembly1_A	0.206	87	75	233	0.947	0.373	4.459E-01	4.174E-01	1.495E-01	2.147E+00	40
cand-siteA-id19-sh09	4hou-assembly2_B	0.180	72	75	242	0.680	0.298	4.824E-01	3.284E-01	1.107E-01	1.814E+00	40
cand-siteA-id19-sh09	7rsq-assembly1_B	0.148	74	75	246	0.973	0.301	7.188E-01	6.965E-01	2.536E-01	8.749E+00	40
cand-siteA-id19-sh09	5jj6-assembly3_B	0.173	52	75	333	0.693	0.147	7.274E-01	5.046E-01	1.339E-01	7.819E+00	40
cand-siteA-id19-sh09	5l9t-assembly1_Y	0.141	99	75	416	0.933	0.238	3.985E-01	3.672E-01	7.628E-02	1.814E+00	40
cand-siteA-id19-sh09	2y4u-assembly1_A	0.172	122	75	424	0.973	0.288	3.404E-01	3.270E-01	7.236E-02	8.736E-01	40
cand-siteA-id19-sh09	6j2x-assembly1_Q	0.229	61	75	431	0.733	0.142	7.847E-01	6.000E-01	1.203E-01	8.749E+00	40
cand-siteA-id19-sh09	6voa-assembly1_F	0.218	96	75	475	0.907	0.202	4.096E-01	3.700E-01	7.138E-02	1.621E+00	40
cand-siteA-id19-sh09	6q6h-assembly1_P	0.233	77	75	484	0.933	0.145	6.188E-01	5.811E-01	1.104E-01	6.245E+00	40
cand-siteA-id19-sh09	2v6y-assembly1_A	0.171	76	75	75	0.960	0.840	4.122E-01	3.436E-01	3.436E-01	1.621E+00	39
cand-siteA-id19-sh09	2pmr-assembly1_A-2	0.230	65	75	76	0.693	0.855	7.096E-01	4.876E-01	4.813E-01	8.749E+00	39
cand-siteA-id19-sh09	4niq-assembly2_B	0.214	70	75	78	0.880	0.897	5.303E-01	4.650E-01	4.480E-01	4.214E+00	39
cand-siteA-id19-sh09	7mt3-assembly1_t	0.184	76	75	85	0.987	0.894	4.749E-01	4.665E-01	4.224E-01	2.541E+00	39
cand-siteA-id19-sh09	7ywy-assembly1_a	0.164	73	75	88	0.973	0.716	6.134E-01	5.350E-01	4.755E-01	6.606E+00	39
cand-siteA-id19-sh09	7qij-assembly1_FC	0.210	95	75	106	0.920	0.896	4.353E-01	3.952E-01	2.806E-01	2.402E+00	39
cand-siteA-id19-sh09	2kj8-assembly1_A	0.187	32	75	118	0.427	0.271	7.105E-01	3.417E-01	2.285E-01	5.904E+00	39
cand-siteA-id19-sh09	2lah-assembly1_A	0.200	55	75	160	0.733	0.300	6.550E-01	4.544E-01	2.383E-01	5.581E+00	39
cand-siteA-id19-sh09	8e12-assembly1_A	0.179	89	75	164	0.960	0.543	4.905E-01	4.718E-01	2.646E-01	3.008E+00	39
cand-siteA-id19-sh09	6lkp-assembly1_C	0.166	42	75	172	0.560	0.244	8.654E-01	4.981E-01	2.236E-01	9.255E+00	39
cand-siteA-id19-sh09	3o8i-assembly1_A-2	0.202	84	75	218	0.987	0.367	4.060E-01	3.959E-01	1.655E-01	1.370E+00	39
cand-siteA-id19-sh09	4dat-assembly1_A-2	0.207	82	75	221	0.960	0.353	4.200E-01	4.016E-01	1.633E-01	1.449E+00	39
cand-siteA-id19-sh09	6dcj-assembly1_A	0.125	72	75	221	0.947	0.308	6.852E-01	6.281E-01	2.522E-01	9.790E+00	39
cand-siteA-id19-sh09	5cwm-assembly1_A	0.234	94	75	226	0.973	0.416	4.987E-01	4.835E-01	2.154E-01	2.843E+00	39
cand-siteA-id19-sh09	6a5s-assembly2_G	0.193	88	75	228	0.960	0.377	4.208E-01	4.018E-01	1.562E-01	1.715E+00	39
cand-siteA-id19-sh09	5btv-assembly1_A-2	0.218	87	75	228	0.933	0.364	4.119E-01	3.832E-01	1.468E-01	1.370E+00	39
cand-siteA-id19-sh09	1qjb-assembly1_A	0.193	88	75	228	0.947	0.368	4.217E-01	4.000E-01	1.597E-01	1.715E+00	39
cand-siteA-id19-sh09	1o9e-assembly1_A	0.193	98	75	231	0.987	0.411	4.239E-01	4.129E-01	1.536E-01	1.919E+00	39
cand-siteA-id19-sh09	5okf-assembly1_A	0.207	82	75	231	0.960	0.355	4.533E-01	4.302E-01	1.626E-01	2.147E+00	39
cand-siteA-id19-sh09	3e6y-assembly3_B	0.157	95	75	232	0.987	0.397	4.394E-01	4.287E-01	1.557E-01	2.271E+00	39
cand-siteA-id19-sh09	7q16-assembly1_A-2	0.204	88	75	240	0.933	0.350	4.310E-01	4.015E-01	1.528E-01	1.814E+00	39
cand-siteA-id19-sh09	7zub-assembly1_C	0.112	116	75	304	0.933	0.382	3.956E-01	3.647E-01	9.478E-02	1.370E+00	39
cand-siteA-id19-sh09	5cqs-assembly2_C	0.284	88	75	313	0.973	0.278	4.572E-01	4.422E-01	1.277E-01	2.402E+00	39
cand-siteA-id19-sh09	5g05-assembly1_H	0.183	98	75	488	0.933	0.201	4.235E-01	3.905E-01	7.799E-02	2.402E+00	39
cand-siteA-id19-sh09	5y7g-assembly3_C	0.135	81	75	540	0.960	0.150	4.555E-01	4.361E-01	8.462E-02	3.008E+00	39
cand-siteA-id19-sh09	6f90-assembly2_C	0.136	73	75	692	0.693	0.105	7.051E-01	5.041E-01	6.778E-02	7.392E+00	39
cand-siteA-id19-sh09	7ntf-assembly1_B	0.193	98	75	822	0.933	0.119	4.211E-01	3.892E-01	4.999E-02	1.532E+00	39
cand-siteA-id19-sh09	4niq-assembly1_A	0.181	77	75	82	0.973	0.780	4.452E-01	3.758E-01	3.445E-01	2.688E+00	38
cand-siteA-id19-sh09	3jcd-assembly1_t	0.146	82	75	85	0.960	0.965	5.672E-01	5.435E-01	4.919E-01	4.988E+00	38
cand-siteA-id19-sh09	7azo-assembly2_S20B	0.175	80	75	99	0.947	0.788	6.184E-01	5.840E-01	4.646E-01	6.988E+00	38
cand-siteA-id19-sh09	1hxi-assembly1_A	0.139	86	75	112	0.907	0.768	4.318E-01	3.864E-01	2.611E-01	2.541E+00	38
cand-siteA-id19-sh09	3t9j-assembly1_A-2	0.192	57	75	144	0.760	0.326	5.960E-01	3.749E-01	2.040E-01	3.984E+00	38
cand-siteA-id19-sh09	3t9j-assembly1_A-3	0.192	57	75	144	0.760	0.326	5.960E-01	3.749E-01	2.040E-01	3.984E+00	38
cand-siteA-id19-sh09	3t9j-assembly1_A-4	0.192	57	75	144	0.760	0.326	5.960E-01	3.749E-01	2.040E-01	3.984E+00	38
cand-siteA-id19-sh09	3t9j-assembly1_A-5	0.192	57	75	144	0.760	0.326	5.961E-01	3.749E-01	2.040E-01	3.984E+00	38
cand-siteA-id19-sh09	3t9j-assembly1_A-6	0.192	57	75	144	0.760	0.326	5.961E-01	3.749E-01	2.040E-01	3.984E+00	38
cand-siteA-id19-sh09	3t9j-assembly1_A-7	0.192	57	75	144	0.760	0.326	5.961E-01	3.749E-01	2.040E-01	3.984E+00	38
cand-siteA-id19-sh09	3t9j-assembly1_A-9	0.192	57	75	144	0.760	0.326	5.961E-01	3.749E-01	2.040E-01	3.984E+00	38
cand-siteA-id19-sh09	3t9j-assembly1_A-10	0.192	57	75	144	0.760	0.326	5.961E-01	3.749E-01	2.040E-01	3.984E+00	38
cand-siteA-id19-sh09	3t9j-assembly1_A-11	0.192	57	75	144	0.760	0.326	5.961E-01	3.749E-01	2.040E-01	3.984E+00	38
cand-siteA-id19-sh09	8sqr-assembly1_A	0.254	51	75	158	0.680	0.304	7.013E-01	4.566E-01	2.277E-01	6.606E+00	38
cand-siteA-id19-sh09	6e9x-assembly1_C	0.172	58	75	168	0.733	0.327	6.367E-01	4.817E-01	2.366E-01	6.245E+00	38
cand-siteA-id19-sh09	1moj-assembly1_A	0.178	56	75	180	0.747	0.239	7.159E-01	4.155E-01	1.786E-01	6.606E+00	38
cand-siteA-id19-sh09	5m35-assembly1_B	0.200	90	75	223	0.960	0.390	4.146E-01	3.956E-01	1.546E-01	1.919E+00	38
cand-siteA-id19-sh09	6qzr-assembly4_G-5	0.195	82	75	226	0.960	0.363	4.426E-01	4.221E-01	1.647E-01	2.030E+00	38
cand-siteA-id19-sh09	6t80-assembly2_D	0.200	80	75	226	0.947	0.354	4.477E-01	4.190E-01	1.571E-01	2.271E+00	38
cand-siteA-id19-sh09	3kae-assembly2_D	0.202	79	75	227	0.813	0.348	3.503E-01	2.810E-01	9.758E-02	1.295E+00	38
cand-siteA-id19-sh09	6gkf-assembly2_C	0.227	88	75	228	0.960	0.377	4.134E-01	3.927E-01	1.498E-01	1.621E+00	38
cand-siteA-id19-sh09	7oq8-assembly1_C	0.218	87	75	228	0.933	0.364	4.122E-01	3.828E-01	1.468E-01	1.532E+00	38
cand-siteA-id19-sh09	3uzd-assembly1_A	0.220	86	75	229	0.960	0.367	4.186E-01	3.978E-01	1.500E-01	1.715E+00	38
cand-siteA-id19-sh09	3kae-assembly2_B	0.200	80	75	231	0.800	0.346	3.561E-01	2.810E-01	9.597E-02	1.449E+00	38
cand-siteA-id19-sh09	6y6b-assembly1_B	0.222	90	75	233	0.960	0.378	4.233E-01	4.033E-01	1.543E-01	1.814E+00	38
cand-siteA-id19-sh09	5ok9-assembly1_A	0.227	88	75	238	0.947	0.353	4.158E-01	3.893E-01	1.420E-01	1.715E+00	38
cand-siteA-id19-sh09	5jhe-assembly1_A-2	0.141	120	75	388	0.933	0.309	4.036E-01	3.719E-01	8.326E-02	2.030E+00	38
cand-siteA-id19-sh09	4cr3-assembly1_R	0.218	64	75	400	0.813	0.160	7.318E-01	6.082E-01	1.321E-01	9.255E+00	38
cand-siteA-id19-sh09	6o9o-assembly1_A	0.097	92	75	426	0.867	0.216	5.811E-01	5.108E-01	1.083E-01	5.904E+00	38
cand-siteA-id19-sh09	8jbc-assembly1_A	0.246	73	75	468	0.973	0.150	5.818E-01	5.534E-01	1.290E-01	7.392E+00	38
cand-siteA-id19-sh09	5a31-assembly1_F	0.183	98	75	498	0.933	0.197	4.307E-01	3.965E-01	7.697E-02	3.008E+00	38
cand-siteA-id19-sh09	7n61-assembly1_1F	0.196	61	75	614	0.627	0.099	5.773E-01	3.618E-01	5.121E-02	4.988E+00	38
cand-siteA-id19-sh09	8bbg-assembly1_D	0.202	99	75	1316	0.933	0.075	3.615E-01	3.333E-01	3.130E-02	1.715E+00	38
cand-siteA-id19-sh09	4ziq-assembly1_A-2	0.214	70	75	1450	0.893	0.044	5.840E-01	5.103E-01	3.864E-02	5.904E+00	38
cand-siteA-id19-sh09	5ow5-assembly2_D	0.159	69	75	72	0.920	0.917	4.993E-01	4.354E-01	4.528E-01	3.984E+00	37
cand-siteA-id19-sh09	8sxe-assembly1_C	0.168	95	75	140	0.907	0.679	3.738E-01	3.353E-01	1.854E-01	1.814E+00	37
cand-siteA-id19-sh09	6yos-assembly1_B	0.213	89	75	219	0.973	0.393	4.201E-01	4.062E-01	1.579E-01	2.030E+00	37
cand-siteA-id19-sh09	6fi4-assembly1_A-2	0.205	78	75	221	0.933	0.353	4.380E-01	4.065E-01	1.626E-01	2.271E+00	37
cand-siteA-id19-sh09	7nm9-assembly1_A-2	0.216	83	75	222	0.960	0.356	4.223E-01	4.040E-01	1.630E-01	1.814E+00	37
cand-siteA-id19-sh09	1ywt-assembly1_B	0.227	79	75	222	0.960	0.356	4.442E-01	4.215E-01	1.684E-01	2.541E+00	37
cand-siteA-id19-sh09	7nxt-assembly1_A	0.216	83	75	225	0.960	0.351	4.223E-01	4.061E-01	1.611E-01	1.919E+00	37
cand-siteA-id19-sh09	3smk-assembly1_A-2	0.223	85	75	225	0.960	0.378	4.419E-01	4.216E-01	1.581E-01	2.402E+00	37
cand-siteA-id19-sh09	7o6j-assembly1_A-2	0.214	84	75	226	0.960	0.354	4.225E-01	4.021E-01	1.604E-01	1.919E+00	37
cand-siteA-id19-sh09	6fna-assembly1_B	0.186	86	75	227	0.933	0.361	4.364E-01	4.077E-01	1.619E-01	2.402E+00	37
cand-siteA-id19-sh09	4ihl-assembly1_B	0.197	91	75	227	0.973	0.388	4.327E-01	4.164E-01	1.605E-01	2.402E+00	37
cand-siteA-id19-sh09	4y3b-assembly1_A	0.187	80	75	229	0.933	0.349	4.390E-01	4.053E-01	1.571E-01	2.271E+00	37
cand-siteA-id19-sh09	5okf-assembly2_D	0.227	88	75	230	0.947	0.365	4.182E-01	3.940E-01	1.469E-01	2.030E+00	37
cand-siteA-id19-sh09	5cwq-assembly1_A	0.262	80	75	233	0.960	0.335	4.416E-01	4.191E-01	1.536E-01	2.688E+00	37
cand-siteA-id19-sh09	6g7c-assembly1_E	0.181	66	75	237	0.827	0.270	4.652E-01	3.900E-01	1.531E-01	2.688E+00	37
cand-siteA-id19-sh09	2npm-assembly1_A	0.137	87	75	237	0.933	0.367	4.374E-01	4.048E-01	1.440E-01	2.688E+00	37
cand-siteA-id19-sh09	4u1c-assembly1_A	0.133	75	75	271	0.693	0.277	6.037E-01	4.182E-01	1.220E-01	5.581E+00	37
cand-siteA-id19-sh09	9gck-assembly1_B	0.082	73	75	294	0.920	0.248	5.599E-01	5.155E-01	1.708E-01	5.276E+00	37
cand-siteA-id19-sh09	5cqs-assembly1_D	0.261	88	75	324	0.973	0.269	4.649E-01	4.492E-01	1.279E-01	3.560E+00	37
cand-siteA-id19-sh09	4cr3-assembly1_S	0.200	55	75	353	0.680	0.156	6.555E-01	4.868E-01	1.276E-01	8.271E+00	37
cand-siteA-id19-sh09	8qd2-assembly1_A	0.192	78	75	398	0.933	0.163	3.906E-01	3.360E-01	7.657E-02	1.621E+00	37
cand-siteA-id19-sh09	8ffw-assembly1_D	0.141	113	75	409	0.933	0.276	3.982E-01	3.669E-01	8.072E-02	2.541E+00	37
cand-siteA-id19-sh09	6c6k-assembly1_A	0.205	78	75	456	0.893	0.158	4.003E-01	3.538E-01	9.426E-02	2.147E+00	37
cand-siteA-id19-sh09	4rg7-assembly1_B	0.226	75	75	467	0.907	0.146	6.259E-01	5.718E-01	1.115E-01	8.749E+00	37
cand-siteA-id19-sh09	8fgw-assembly1_E	0.209	81	75	603	0.840	0.134	4.581E-01	3.828E-01	5.531E-02	3.366E+00	37
cand-siteA-id19-sh09	4ziu-assembly1_A	0.183	49	75	639	0.627	0.067	6.439E-01	3.869E-01	5.801E-02	6.245E+00	37
cand-siteA-id19-sh09	6f8z-assembly2_C	0.148	74	75	700	0.707	0.106	6.959E-01	5.085E-01	6.828E-02	8.749E+00	37
cand-siteA-id19-sh09	7vop-assembly1_W	0.222	63	75	756	0.653	0.083	5.917E-01	3.836E-01	4.384E-02	5.581E+00	37
cand-siteA-id19-sh09	6f92-assembly1_D	0.140	71	75	760	0.680	0.093	7.120E-01	5.070E-01	6.126E-02	8.271E+00	37
cand-siteA-id19-sh09	4v9p-assembly4_HT	0.189	79	75	85	0.973	0.929	5.662E-01	5.485E-01	4.987E-01	5.581E+00	36
cand-siteA-id19-sh09	4u7i-assembly1_A	0.160	81	75	93	0.960	0.806	4.050E-01	3.843E-01	3.147E-01	2.147E+00	36
cand-siteA-id19-sh09	2crb-assembly1_A	0.222	81	75	97	0.960	0.773	4.828E-01	4.596E-01	3.640E-01	3.182E+00	36
cand-siteA-id19-sh09	3l8r-assembly2_D	0.162	86	75	102	0.973	0.784	4.110E-01	3.950E-01	2.943E-01	2.843E+00	36
cand-siteA-id19-sh09	2lsu-assembly1_A	0.149	87	75	110	0.933	0.791	4.195E-01	3.897E-01	2.792E-01	2.147E+00	36
cand-siteA-id19-sh09	8sqq-assembly1_A	0.254	51	75	160	0.680	0.300	7.041E-01	4.582E-01	2.251E-01	7.819E+00	36
cand-siteA-id19-sh09	6e9r-assembly1_B	0.223	76	75	171	0.933	0.444	5.243E-01	4.942E-01	2.731E-01	5.276E+00	36
cand-siteA-id19-sh09	6eww-assembly2_D	0.205	78	75	219	0.933	0.342	4.305E-01	4.017E-01	1.586E-01	2.402E+00	36
cand-siteA-id19-sh09	4fj3-assembly1_B	0.200	85	75	222	0.933	0.369	4.250E-01	3.927E-01	1.566E-01	2.541E+00	36
cand-siteA-id19-sh09	2c1n-assembly2_B	0.193	88	75	225	0.933	0.373	4.282E-01	3.995E-01	1.619E-01	2.402E+00	36
cand-siteA-id19-sh09	7d8p-assembly1_A	0.183	87	75	225	0.960	0.369	4.416E-01	4.201E-01	1.684E-01	3.008E+00	36
cand-siteA-id19-sh09	6ejl-assembly1_A	0.186	91	75	225	0.960	0.387	4.260E-01	4.060E-01	1.618E-01	2.688E+00	36
cand-siteA-id19-sh09	3kae-assembly1_A	0.220	77	75	225	0.813	0.342	3.503E-01	2.810E-01	9.843E-02	1.814E+00	36
cand-siteA-id19-sh09	5ltw-assembly2_E	0.202	84	75	227	0.960	0.370	4.538E-01	4.306E-01	1.572E-01	3.008E+00	36
cand-siteA-id19-sh09	5m37-assembly1_B	0.186	91	75	227	0.960	0.383	4.167E-01	4.003E-01	1.587E-01	2.541E+00	36
cand-siteA-id19-sh09	7oqg-assembly1_A	0.218	87	75	227	0.933	0.366	4.114E-01	3.808E-01	1.469E-01	2.147E+00	36
cand-siteA-id19-sh09	7pwt-assembly1_A-2	0.214	84	75	227	0.947	0.370	4.328E-01	4.072E-01	1.506E-01	2.688E+00	36
cand-siteA-id19-sh09	6s39-assembly1_A-2	0.206	87	75	227	0.947	0.370	4.159E-01	3.908E-01	1.515E-01	2.030E+00	36
cand-siteA-id19-sh09	6t5f-assembly2_D	0.224	89	75	227	0.960	0.379	4.444E-01	4.235E-01	1.616E-01	2.843E+00	36
cand-siteA-id19-sh09	4y5i-assembly1_A	0.189	79	75	227	0.933	0.348	4.382E-01	4.046E-01	1.477E-01	2.402E+00	36
cand-siteA-id19-sh09	5oeg-assembly1_A-2	0.189	79	75	228	0.933	0.346	4.390E-01	4.056E-01	1.603E-01	2.843E+00	36
cand-siteA-id19-sh09	1o9d-assembly1_A-2	0.180	100	75	230	0.987	0.413	4.126E-01	4.020E-01	1.466E-01	2.271E+00	36
cand-siteA-id19-sh09	7zit-assembly1_B	0.193	88	75	230	0.933	0.365	4.286E-01	4.014E-01	1.583E-01	2.541E+00	36
cand-siteA-id19-sh09	6t5f-assembly1_B	0.192	83	75	231	0.947	0.359	4.453E-01	4.169E-01	1.608E-01	3.182E+00	36
cand-siteA-id19-sh09	5xy9-assembly1_A	0.188	90	75	232	0.960	0.371	4.488E-01	4.294E-01	1.651E-01	3.008E+00	36
cand-siteA-id19-sh09	6gn0-assembly1_B	0.206	87	75	233	0.960	0.361	4.104E-01	3.898E-01	1.430E-01	2.271E+00	36
cand-siteA-id19-sh09	6zfg-assembly1_A	0.195	92	75	240	0.960	0.371	4.129E-01	3.920E-01	1.459E-01	2.271E+00	36
cand-siteA-id19-sh09	9e8g-assembly1_d	0.095	94	75	269	0.973	0.349	6.084E-01	5.884E-01	1.880E-01	8.271E+00	36
cand-siteA-id19-sh09	8ptx-assembly1_D	0.192	52	75	298	0.613	0.174	5.578E-01	3.443E-01	9.398E-02	4.988E+00	36
cand-siteA-id19-sh09	7fik-assembly1_W	0.161	62	75	324	0.787	0.191	5.937E-01	4.800E-01	1.412E-01	6.245E+00	36
cand-siteA-id19-sh09	3j8c-assembly1_E	0.134	89	75	384	0.960	0.227	5.103E-01	4.872E-01	1.164E-01	4.214E+00	36
cand-siteA-id19-sh09	5vhh-assembly1_X	0.150	93	75	385	0.973	0.242	5.079E-01	4.896E-01	1.089E-01	4.458E+00	36
cand-siteA-id19-sh09	5fsh-assembly1_A	0.246	73	75	459	0.973	0.153	5.810E-01	5.527E-01	1.312E-01	8.749E+00	36
cand-siteA-id19-sh09	8tau-assembly1_S	0.189	79	75	506	0.907	0.156	4.243E-01	3.798E-01	7.464E-02	2.541E+00	36
cand-siteA-id19-sh09	8a61-assembly1_J	0.168	89	75	509	0.840	0.175	4.075E-01	3.408E-01	6.428E-02	2.688E+00	36
cand-siteA-id19-sh09	5hay-assembly1_A	0.155	103	75	559	0.960	0.184	3.886E-01	3.735E-01	7.740E-02	2.030E+00	36
cand-siteA-id19-sh09	4xpd-assembly1_A	0.154	97	75	774	0.920	0.125	3.507E-01	3.185E-01	4.239E-02	2.147E+00	36
cand-siteA-id19-sh09	7rdh-assembly1_H	0.210	57	75	57	0.760	0.930	6.742E-01	4.982E-01	6.276E-01	9.255E+00	35
cand-siteA-id19-sh09	5ow5-assembly1_B	0.097	72	75	77	0.960	0.857	5.106E-01	4.446E-01	4.334E-01	5.276E+00	35
cand-siteA-id19-sh09	8dz8-assembly6_F	0.180	72	75	95	0.960	0.716	5.126E-01	4.636E-01	3.751E-01	5.276E+00	35
cand-siteA-id19-sh09	4v5j-assembly2_CT	0.168	83	75	99	0.987	0.838	5.694E-01	5.564E-01	4.390E-01	6.245E+00	35
cand-siteA-id19-sh09	4v6g-assembly1_AW	0.191	73	75	99	0.853	0.737	6.249E-01	5.401E-01	4.279E-01	7.392E+00	35
cand-siteA-id19-sh09	7tt6-assembly1_D	0.146	82	75	141	0.960	0.582	4.112E-01	3.914E-01	2.241E-01	1.919E+00	35
cand-siteA-id19-sh09	6gkf-assembly3_F	0.220	86	75	213	0.960	0.394	4.149E-01	3.941E-01	1.528E-01	2.271E+00	35
cand-siteA-id19-sh09	6ghp-assembly1_A-2	0.192	83	75	224	0.933	0.371	4.376E-01	4.042E-01	1.510E-01	3.182E+00	35
cand-siteA-id19-sh09	6f09-assembly4_R-5	0.186	91	75	225	0.960	0.391	4.141E-01	3.933E-01	1.572E-01	2.688E+00	35
cand-siteA-id19-sh09	8c2g-assembly1_A-2	0.195	82	75	226	0.933	0.345	4.148E-01	3.867E-01	1.582E-01	2.688E+00	35
cand-siteA-id19-sh09	6y6b-assembly1_A	0.204	88	75	226	0.960	0.376	4.274E-01	4.073E-01	1.565E-01	3.008E+00	35
cand-siteA-id19-sh09	6fbw-assembly1_C-2	0.218	87	75	227	0.933	0.366	4.129E-01	3.834E-01	1.475E-01	2.402E+00	35
cand-siteA-id19-sh09	6fnb-assembly1_A	0.184	92	75	228	0.960	0.386	4.156E-01	3.948E-01	1.585E-01	2.688E+00	35
cand-siteA-id19-sh09	5okf-assembly1_B	0.224	89	75	228	0.947	0.373	4.182E-01	3.940E-01	1.482E-01	2.688E+00	35
cand-siteA-id19-sh09	8we2-assembly1_A	0.195	87	75	228	0.933	0.364	4.295E-01	4.003E-01	1.595E-01	3.008E+00	35
cand-siteA-id19-sh09	4y5i-assembly1_B-2	0.215	88	75	228	0.947	0.368	4.070E-01	3.855E-01	1.554E-01	2.402E+00	35
cand-siteA-id19-sh09	6yr5-assembly1_B	0.216	83	75	228	0.933	0.364	4.377E-01	4.084E-01	1.577E-01	3.182E+00	35
cand-siteA-id19-sh09	6qzr-assembly3_E-4	0.189	79	75	229	0.933	0.345	4.386E-01	4.071E-01	1.480E-01	2.541E+00	35
cand-siteA-id19-sh09	6rm5-assembly1_A-2	0.215	88	75	229	0.933	0.367	4.122E-01	3.829E-01	1.464E-01	2.271E+00	35
cand-siteA-id19-sh09	1o9c-assembly1_A-2	0.180	100	75	231	0.987	0.411	4.127E-01	4.021E-01	1.540E-01	2.843E+00	35
cand-siteA-id19-sh09	8c2d-assembly1_AAA-2	0.197	86	75	232	0.933	0.353	4.096E-01	3.812E-01	1.442E-01	2.030E+00	35
cand-siteA-id19-sh09	6kzg-assembly1_B	0.182	93	75	232	0.973	0.388	4.148E-01	4.014E-01	1.554E-01	2.843E+00	35
cand-siteA-id19-sh09	5ltw-assembly3_I	0.206	87	75	232	0.947	0.375	4.476E-01	4.189E-01	1.596E-01	3.366E+00	35
cand-siteA-id19-sh09	8c43-assembly1_A-2	0.183	87	75	233	0.933	0.356	4.127E-01	3.847E-01	1.524E-01	2.402E+00	35
cand-siteA-id19-sh09	2npm-assembly1_B	0.163	92	75	235	0.947	0.391	4.300E-01	4.036E-01	1.543E-01	2.843E+00	35
cand-siteA-id19-sh09	3p1q-assembly1_A	0.177	90	75	236	0.933	0.364	4.149E-01	3.847E-01	1.507E-01	2.271E+00	35
cand-siteA-id19-sh09	8oek-assembly1_A-2	0.132	83	75	344	0.920	0.227	5.211E-01	4.822E-01	1.401E-01	5.904E+00	35
cand-siteA-id19-sh09	8qai-assembly1_A	0.333	78	75	369	0.920	0.211	4.656E-01	4.237E-01	1.130E-01	4.214E+00	35
cand-siteA-id19-sh09	7rdr-assembly1_A	0.108	92	75	456	0.960	0.202	4.687E-01	4.523E-01	1.182E-01	3.984E+00	35
cand-siteA-id19-sh09	7eaw-assembly1_A	0.179	39	75	560	0.480	0.070	7.420E-01	3.902E-01	6.109E-02	8.749E+00	35
cand-siteA-id19-sh09	8ro2-assembly1_J	0.138	94	75	561	0.893	0.168	3.740E-01	3.334E-01	5.408E-02	2.402E+00	35
cand-siteA-id19-sh09	6gmh-assembly1_Q	0.237	97	75	884	0.960	0.110	3.791E-01	3.596E-01	4.552E-02	2.402E+00	35
cand-siteA-id19-sh09	8fh3-assembly1_C	0.207	82	75	996	0.853	0.082	4.175E-01	3.544E-01	3.683E-02	3.766E+00	35
cand-siteA-id19-sh09	8ruy-assembly1_C	0.149	87	75	1210	0.907	0.072	3.857E-01	3.477E-01	3.418E-02	2.402E+00	35
cand-siteA-id19-sh09	8bbg-assembly1_B	0.219	91	75	1426	0.920	0.064	4.503E-01	4.094E-01	3.156E-02	4.214E+00	35
cand-siteA-id19-sh09	6gzc-assembly1_D	0.148	74	75	76	0.933	0.934	4.743E-01	4.380E-01	4.325E-01	5.276E+00	34
cand-siteA-id19-sh09	5lb7-assembly1_B	0.097	72	75	78	0.960	0.846	5.118E-01	4.455E-01	4.288E-01	5.904E+00	34
cand-siteA-id19-sh09	4v9o-assembly3_FT	0.195	82	75	85	0.960	0.965	5.643E-01	5.405E-01	4.887E-01	6.245E+00	34
cand-siteA-id19-sh09	1wfd-assembly1_A	0.118	76	75	93	0.960	0.677	4.246E-01	3.557E-01	2.950E-01	3.560E+00	34
cand-siteA-id19-sh09	3l8r-assembly2_F	0.162	86	75	102	0.973	0.784	4.099E-01	3.940E-01	2.955E-01	3.560E+00	34
cand-siteA-id19-sh09	8gad-assembly1_B	0.223	76	75	104	0.933	0.702	4.896E-01	4.675E-01	3.797E-01	4.214E+00	34
cand-siteA-id19-sh09	1x8z-assembly2_C	0.093	96	75	150	0.947	0.640	5.677E-01	5.338E-01	2.870E-01	6.988E+00	34
cand-siteA-id19-sh09	9bts-assembly1_A	0.259	54	75	154	0.720	0.286	6.321E-01	3.735E-01	1.892E-01	6.606E+00	34
cand-siteA-id19-sh09	8e0m-assembly2_F	0.218	87	75	162	0.960	0.537	5.383E-01	5.166E-01	2.891E-01	6.245E+00	34
cand-siteA-id19-sh09	6xr2-assembly1_C	0.228	70	75	170	0.747	0.412	5.632E-01	4.460E-01	2.391E-01	5.581E+00	34
cand-siteA-id19-sh09	3q5m-assembly1_A	0.177	62	75	210	0.693	0.295	4.811E-01	3.375E-01	1.343E-01	3.766E+00	34
cand-siteA-id19-sh09	5ulo-assembly1_A	0.188	90	75	225	0.960	0.382	4.168E-01	3.961E-01	1.609E-01	3.008E+00	34
cand-siteA-id19-sh09	7qip-assembly1_A	0.192	83	75	226	0.960	0.367	4.464E-01	4.239E-01	1.570E-01	3.560E+00	34
cand-siteA-id19-sh09	7a6r-assembly1_A	0.172	81	75	227	0.853	0.357	5.882E-01	5.036E-01	1.972E-01	7.392E+00	34
cand-siteA-id19-sh09	6fbw-assembly1_A	0.214	84	75	227	0.933	0.370	4.390E-01	4.053E-01	1.508E-01	3.366E+00	34
cand-siteA-id19-sh09	8eqh-assembly1_A	0.172	93	75	229	0.960	0.389	4.238E-01	4.040E-01	1.585E-01	3.182E+00	34
cand-siteA-id19-sh09	7nn2-assembly1_A-2	0.215	88	75	229	0.933	0.367	4.110E-01	3.806E-01	1.462E-01	2.541E+00	34
cand-siteA-id19-sh09	8eqh-assembly1_B	0.184	92	75	230	0.960	0.387	4.104E-01	3.918E-01	1.500E-01	3.008E+00	34
cand-siteA-id19-sh09	6fna-assembly1_A	0.182	93	75	230	0.960	0.387	4.208E-01	4.000E-01	1.578E-01	3.366E+00	34
cand-siteA-id19-sh09	8btq-assembly1_A-2	0.188	85	75	231	0.933	0.351	4.145E-01	3.864E-01	1.554E-01	2.843E+00	34
cand-siteA-id19-sh09	5okf-assembly2_C	0.188	85	75	231	0.947	0.355	4.047E-01	3.812E-01	1.403E-01	2.402E+00	34
cand-siteA-id19-sh09	7bg3-assembly1_A-2	0.195	87	75	232	0.933	0.358	4.119E-01	3.825E-01	1.445E-01	2.541E+00	34
cand-siteA-id19-sh09	6fbb-assembly1_A	0.179	89	75	232	0.933	0.366	4.153E-01	3.871E-01	1.534E-01	2.688E+00	34
cand-siteA-id19-sh09	7bmc-assembly1_A-2	0.181	88	75	234	0.933	0.359	4.085E-01	3.799E-01	1.507E-01	2.541E+00	34
cand-siteA-id19-sh09	2o98-assembly1_A	0.161	93	75	234	0.960	0.385	4.473E-01	4.248E-01	1.514E-01	4.458E+00	34
cand-siteA-id19-sh09	8b2i-assembly1_A	0.177	90	75	236	0.933	0.364	4.151E-01	3.869E-01	1.513E-01	2.541E+00	34
cand-siteA-id19-sh09	8ah2-assembly2_C-3	0.195	92	75	239	0.960	0.368	4.224E-01	4.027E-01	1.528E-01	3.182E+00	34
cand-siteA-id19-sh09	4zdr-assembly1_B	0.200	85	75	241	0.933	0.340	4.168E-01	3.851E-01	1.329E-01	2.688E+00	34
cand-siteA-id19-sh09	8v2d-assembly1_y	0.191	89	75	307	0.960	0.290	4.744E-01	4.571E-01	1.623E-01	4.988E+00	34
cand-siteA-id19-sh09	8h77-assembly1_F	0.150	60	75	310	0.693	0.194	6.942E-01	5.031E-01	1.429E-01	9.255E+00	34
cand-siteA-id19-sh09	5cqs-assembly2_B	0.219	91	75	323	0.933	0.282	3.365E-01	3.116E-01	8.745E-02	1.919E+00	34
cand-siteA-id19-sh09	4abn-assembly1_A	0.166	66	75	422	0.720	0.149	4.404E-01	3.596E-01	9.598E-02	2.271E+00	34
cand-siteA-id19-sh09	6q6h-assembly1_J	0.153	98	75	496	0.933	0.198	3.963E-01	3.653E-01	6.471E-02	3.766E+00	34
cand-siteA-id19-sh09	2wb7-assembly2_B	0.263	91	75	525	0.947	0.170	4.921E-01	4.601E-01	7.550E-02	5.276E+00	34
cand-siteA-id19-sh09	4hnx-assembly1_A	0.154	97	75	713	0.920	0.136	3.569E-01	3.245E-01	4.576E-02	3.008E+00	34
cand-siteA-id19-sh09	7mno-assembly1_A	0.188	85	75	746	0.947	0.111	4.254E-01	4.000E-01	5.141E-02	3.560E+00	34
cand-siteA-id19-sh09	5jte-assembly1_AT	0.185	81	75	85	0.987	0.953	5.517E-01	5.400E-01	4.884E-01	7.819E+00	33
cand-siteA-id19-sh09	7dgu-assembly1_A	0.141	85	75	97	0.973	0.876	4.813E-01	4.684E-01	3.910E-01	6.606E+00	33
cand-siteA-id19-sh09	2qqy-assembly1_A	0.092	54	75	139	0.720	0.324	6.889E-01	4.221E-01	2.349E-01	9.790E+00	33
cand-siteA-id19-sh09	8e0l-assembly1_C	0.191	89	75	162	0.960	0.549	4.531E-01	4.358E-01	2.506E-01	5.581E+00	33
cand-siteA-id19-sh09	6e8g-assembly1_T	0.146	75	75	174	0.973	0.431	5.361E-01	5.157E-01	2.319E-01	7.392E+00	33
cand-siteA-id19-sh09	5xi8-assembly1_A	0.141	99	75	175	0.960	0.566	4.070E-01	3.873E-01	1.770E-01	4.458E+00	33
cand-siteA-id19-sh09	6e9v-assembly1_Q	0.265	83	75	211	0.973	0.393	2.980E-01	2.895E-01	1.485E-01	1.094E+00	33
cand-siteA-id19-sh09	8qfv-assembly1_0	0.162	74	75	215	0.960	0.344	5.239E-01	4.980E-01	1.859E-01	6.606E+00	33
cand-siteA-id19-sh09	6eww-assembly1_B	0.204	83	75	222	0.933	0.360	4.281E-01	3.960E-01	1.563E-01	3.366E+00	33
cand-siteA-id19-sh09	2wh0-assembly2_D	0.202	84	75	222	0.960	0.365	4.255E-01	4.071E-01	1.574E-01	3.560E+00	33
cand-siteA-id19-sh09	5mxo-assembly1_A-2	0.189	79	75	223	0.933	0.354	4.374E-01	4.039E-01	1.490E-01	3.560E+00	33
cand-siteA-id19-sh09	4n7y-assembly1_B	0.195	87	75	223	0.960	0.377	4.121E-01	3.913E-01	1.557E-01	3.182E+00	33
cand-siteA-id19-sh09	6xag-assembly1_B	0.195	92	75	223	0.960	0.399	4.095E-01	3.889E-01	1.527E-01	3.182E+00	33
cand-siteA-id19-sh09	6ejl-assembly1_B	0.202	89	75	225	0.960	0.378	4.132E-01	3.950E-01	1.556E-01	3.560E+00	33
cand-siteA-id19-sh09	6f09-assembly4_Q	0.164	85	75	225	0.933	0.360	4.376E-01	4.070E-01	1.633E-01	3.766E+00	33
cand-siteA-id19-sh09	5yqg-assembly1_A	0.208	91	75	225	0.973	0.396	4.330E-01	4.168E-01	1.638E-01	4.458E+00	33
cand-siteA-id19-sh09	7pwz-assembly1_A-2	0.189	79	75	226	0.933	0.350	4.395E-01	4.058E-01	1.481E-01	3.766E+00	33
cand-siteA-id19-sh09	6rlz-assembly1_B	0.183	87	75	226	0.920	0.367	4.322E-01	3.965E-01	1.584E-01	3.560E+00	33
cand-siteA-id19-sh09	6f09-assembly3_P	0.197	86	75	227	0.933	0.366	4.255E-01	3.952E-01	1.538E-01	3.766E+00	33
cand-siteA-id19-sh09	6rwh-assembly1_A-2	0.209	86	75	227	0.933	0.366	4.227E-01	3.922E-01	1.520E-01	3.182E+00	33
cand-siteA-id19-sh09	6rwi-assembly1_A	0.192	83	75	227	0.933	0.348	4.084E-01	3.783E-01	1.403E-01	2.688E+00	33
cand-siteA-id19-sh09	6f09-assembly3_S-4	0.202	89	75	228	0.960	0.390	4.031E-01	3.826E-01	1.503E-01	3.984E+00	33
cand-siteA-id19-sh09	6fi5-assembly1_A	0.215	88	75	228	0.933	0.368	4.110E-01	3.824E-01	1.466E-01	3.008E+00	33
cand-siteA-id19-sh09	6fn9-assembly1_A	0.182	93	75	228	0.960	0.390	4.211E-01	4.003E-01	1.591E-01	3.984E+00	33
cand-siteA-id19-sh09	6siq-assembly1_A-2	0.207	82	75	228	0.933	0.342	4.135E-01	3.847E-01	1.555E-01	2.843E+00	33
cand-siteA-id19-sh09	8we2-assembly1_B	0.193	88	75	229	0.933	0.367	4.324E-01	4.040E-01	1.589E-01	3.984E+00	33
cand-siteA-id19-sh09	6yr5-assembly2_D-2	0.214	84	75	229	0.933	0.367	4.376E-01	4.062E-01	1.494E-01	3.984E+00	33
cand-siteA-id19-sh09	1yz5-assembly1_B	0.178	84	75	229	0.933	0.367	4.377E-01	4.063E-01	1.591E-01	4.214E+00	33
cand-siteA-id19-sh09	7or8-assembly1_A	0.190	84	75	230	0.933	0.348	4.112E-01	3.806E-01	1.452E-01	2.688E+00	33
cand-siteA-id19-sh09	8eq8-assembly1_B	0.159	88	75	231	0.933	0.364	4.371E-01	4.065E-01	1.597E-01	3.766E+00	33
cand-siteA-id19-sh09	5hf3-assembly1_A-2	0.197	86	75	231	0.933	0.355	4.109E-01	3.823E-01	1.449E-01	2.688E+00	33
cand-siteA-id19-sh09	7nix-assembly1_A-2	0.204	83	75	231	0.947	0.359	4.466E-01	4.180E-01	1.503E-01	3.984E+00	33
cand-siteA-id19-sh09	7nmw-assembly1_A	0.206	87	75	231	0.933	0.359	4.150E-01	3.869E-01	1.539E-01	3.008E+00	33
cand-siteA-id19-sh09	7nnd-assembly1_A-2	0.183	87	75	231	0.933	0.359	4.147E-01	3.866E-01	1.540E-01	3.008E+00	33
cand-siteA-id19-sh09	6y7t-assembly3_K	0.185	81	75	231	0.933	0.351	4.383E-01	4.047E-01	1.482E-01	3.766E+00	33
cand-siteA-id19-sh09	6yr6-assembly1_A	0.182	82	75	232	0.933	0.353	4.388E-01	4.072E-01	1.477E-01	3.766E+00	33
cand-siteA-id19-sh09	8arr-assembly1_A	0.206	87	75	233	0.933	0.356	4.152E-01	3.871E-01	1.529E-01	3.008E+00	33
cand-siteA-id19-sh09	7ors-assembly1_A-2	0.183	87	75	233	0.933	0.356	4.111E-01	3.824E-01	1.437E-01	2.843E+00	33
cand-siteA-id19-sh09	6rk8-assembly1_A-2	0.188	90	75	235	0.933	0.366	4.135E-01	3.847E-01	1.514E-01	3.008E+00	33
cand-siteA-id19-sh09	8anc-assembly1_A	0.177	90	75	236	0.933	0.364	4.142E-01	3.862E-01	1.511E-01	2.843E+00	33
cand-siteA-id19-sh09	6gn0-assembly2_D	0.191	89	75	237	0.960	0.363	4.133E-01	3.926E-01	1.462E-01	3.366E+00	33
cand-siteA-id19-sh09	5vhs-assembly1_X	0.166	96	75	280	0.933	0.343	5.857E-01	5.461E-01	1.677E-01	6.606E+00	33
cand-siteA-id19-sh09	2pm7-assembly1_C	0.144	76	75	347	0.760	0.219	5.739E-01	4.316E-01	9.839E-02	6.988E+00	33
cand-siteA-id19-sh09	3c3r-assembly1_A	0.172	93	75	357	0.960	0.261	5.190E-01	4.920E-01	1.351E-01	7.819E+00	33
cand-siteA-id19-sh09	5ogs-assembly1_A	0.157	70	75	403	0.827	0.174	4.896E-01	4.043E-01	8.633E-02	6.245E+00	33
cand-siteA-id19-sh09	8v3b-assembly1_a	0.191	89	75	416	0.960	0.214	4.720E-01	4.546E-01	1.277E-01	5.276E+00	33
cand-siteA-id19-sh09	5g04-assembly1_F	0.191	99	75	498	0.933	0.197	4.289E-01	3.950E-01	7.728E-02	4.715E+00	33
cand-siteA-id19-sh09	5haz-assembly1_A	0.171	99	75	551	0.960	0.180	3.723E-01	3.582E-01	7.554E-02	2.541E+00	33
cand-siteA-id19-sh09	4xnh-assembly1_A	0.157	95	75	786	0.893	0.121	3.616E-01	3.189E-01	4.153E-02	3.182E+00	33
cand-siteA-id19-sh09	8hme-assembly1_D	0.212	80	75	1084	0.880	0.074	3.555E-01	3.139E-01	3.741E-02	2.688E+00	33
cand-siteA-id19-sh09	6lys-assembly1_D	0.151	66	75	208	0.747	0.317	4.985E-01	3.751E-01	1.509E-01	4.988E+00	32
cand-siteA-id19-sh09	8d9x-assembly1_G	0.202	99	75	210	0.960	0.471	3.800E-01	3.605E-01	1.377E-01	3.560E+00	32
cand-siteA-id19-sh09	8bwc-assembly1_D	0.181	66	75	218	0.653	0.303	5.039E-01	3.379E-01	1.260E-01	5.276E+00	32
cand-siteA-id19-sh09	8fit-assembly2_C	0.240	75	75	219	0.960	0.342	3.968E-01	3.818E-01	1.635E-01	3.182E+00	32
cand-siteA-id19-sh09	6eww-assembly2_C	0.193	88	75	221	0.960	0.380	4.219E-01	4.014E-01	1.656E-01	4.458E+00	32
cand-siteA-id19-sh09	6hep-assembly2_D	0.183	87	75	221	0.960	0.376	4.190E-01	4.002E-01	1.635E-01	3.984E+00	32
cand-siteA-id19-sh09	6sio-assembly1_A-2	0.192	83	75	225	0.933	0.351	4.097E-01	3.786E-01	1.414E-01	3.182E+00	32
cand-siteA-id19-sh09	5ltw-assembly1_B	0.182	82	75	226	0.933	0.363	4.402E-01	4.063E-01	1.515E-01	4.214E+00	32
cand-siteA-id19-sh09	5yqg-assembly1_D	0.200	90	75	227	0.987	0.388	4.273E-01	4.166E-01	1.560E-01	4.458E+00	32
cand-siteA-id19-sh09	5jm4-assembly1_A	0.197	91	75	228	0.960	0.386	4.131E-01	3.922E-01	1.513E-01	3.984E+00	32
cand-siteA-id19-sh09	6kzg-assembly1_A	0.193	93	75	228	0.973	0.395	4.118E-01	3.983E-01	1.544E-01	3.984E+00	32
cand-siteA-id19-sh09	6t80-assembly1_B	0.182	82	75	228	0.933	0.360	4.396E-01	4.078E-01	1.502E-01	3.984E+00	32
cand-siteA-id19-sh09	6tl3-assembly1_A-2	0.197	81	75	228	0.933	0.355	4.394E-01	4.057E-01	1.575E-01	4.214E+00	32
cand-siteA-id19-sh09	7d8p-assembly1_B	0.193	88	75	229	0.933	0.367	4.357E-01	4.051E-01	1.592E-01	4.458E+00	32
cand-siteA-id19-sh09	6rl4-assembly1_A-2	0.190	84	75	230	0.933	0.348	4.114E-01	3.827E-01	1.456E-01	3.366E+00	32
cand-siteA-id19-sh09	6sip-assembly1_A	0.188	85	75	231	0.933	0.351	4.152E-01	3.870E-01	1.541E-01	3.182E+00	32
cand-siteA-id19-sh09	8c28-assembly1_AAA	0.195	82	75	232	0.933	0.353	4.382E-01	4.067E-01	1.477E-01	3.984E+00	32
cand-siteA-id19-sh09	8c2e-assembly1_A	0.206	87	75	232	0.933	0.358	4.131E-01	3.844E-01	1.530E-01	3.366E+00	32
cand-siteA-id19-sh09	5oma-assembly1_A	0.215	93	75	232	0.973	0.388	4.396E-01	4.268E-01	1.581E-01	4.715E+00	32
cand-siteA-id19-sh09	7qi1-assembly1_B	0.172	93	75	232	0.960	0.384	4.275E-01	4.067E-01	1.580E-01	4.715E+00	32
cand-siteA-id19-sh09	6twz-assembly2_D	0.208	91	75	233	0.960	0.391	4.401E-01	4.176E-01	1.500E-01	4.214E+00	32
cand-siteA-id19-sh09	6y40-assembly1_A-2	0.181	88	75	233	0.933	0.361	4.150E-01	3.869E-01	1.529E-01	3.366E+00	32
cand-siteA-id19-sh09	6t5h-assembly1_A	0.187	80	75	234	0.933	0.342	4.387E-01	4.093E-01	1.456E-01	4.214E+00	32
cand-siteA-id19-sh09	7obk-assembly1_A-2	0.177	90	75	235	0.933	0.366	4.148E-01	3.867E-01	1.516E-01	3.560E+00	32
cand-siteA-id19-sh09	4y32-assembly1_B-2	0.177	90	75	235	0.933	0.366	4.122E-01	3.853E-01	1.515E-01	3.366E+00	32
cand-siteA-id19-sh09	7b9m-assembly1_A-2	0.177	90	75	236	0.933	0.364	4.158E-01	3.870E-01	1.511E-01	3.560E+00	32
cand-siteA-id19-sh09	6hn2-assembly1_A-2	0.188	90	75	236	0.933	0.364	4.155E-01	3.872E-01	1.512E-01	3.366E+00	32
cand-siteA-id19-sh09	6gn0-assembly1_A	0.184	92	75	239	0.960	0.372	4.128E-01	3.921E-01	1.451E-01	3.984E+00	32
cand-siteA-id19-sh09	1sqg-assembly1_A	0.111	54	75	424	0.720	0.125	4.804E-01	3.807E-01	9.960E-02	6.245E+00	32
cand-siteA-id19-sh09	8qah-assembly1_A	0.329	82	75	425	0.960	0.193	4.190E-01	3.991E-01	1.034E-01	4.214E+00	32
cand-siteA-id19-sh09	7xgr-assembly1_A	0.232	86	75	546	0.920	0.158	4.175E-01	3.820E-01	6.303E-02	3.984E+00	32
cand-siteA-id19-sh09	7a09-assembly1_C	0.175	91	75	633	0.960	0.144	5.531E-01	5.325E-01	9.615E-02	9.790E+00	32
cand-siteA-id19-sh09	8k0f-assembly1_A	0.164	67	75	639	0.693	0.105	5.910E-01	4.089E-01	5.339E-02	7.392E+00	32
cand-siteA-id19-sh09	8rbk-assembly1_A	0.160	81	75	738	0.893	0.106	3.831E-01	3.516E-01	5.447E-02	3.766E+00	32
cand-siteA-id19-sh09	7qdz-assembly1_B	0.192	57	75	1145	0.747	0.050	5.820E-01	4.447E-01	4.294E-02	9.255E+00	32
cand-siteA-id19-sh09	7tbj-assembly1_A2	0.155	103	75	1269	0.960	0.081	3.885E-01	3.734E-01	3.876E-02	3.366E+00	32
cand-siteA-id19-sh09	4u4j-assembly1_A	0.208	67	75	1538	0.853	0.040	5.546E-01	4.678E-01	3.454E-02	8.271E+00	32
cand-siteA-id19-sh09	3ax2-assembly3_E	0.153	65	75	65	0.787	0.954	5.609E-01	4.634E-01	5.162E-01	7.819E+00	31
cand-siteA-id19-sh09	2v1s-assembly5_E	0.149	67	75	71	0.813	0.901	5.541E-01	4.729E-01	4.930E-01	8.271E+00	31
cand-siteA-id19-sh09	4a5x-assembly1_A	0.118	76	75	73	0.960	0.863	4.371E-01	3.639E-01	3.735E-01	5.581E+00	31
cand-siteA-id19-sh09	8gad-assembly1_A	0.189	95	75	105	0.973	0.905	4.606E-01	4.470E-01	3.461E-01	5.276E+00	31
cand-siteA-id19-sh09	2chp-assembly1_A	0.246	65	75	148	0.840	0.372	4.897E-01	3.614E-01	1.889E-01	4.715E+00	31
cand-siteA-id19-sh09	6jx6-assembly1_D	0.150	53	75	148	0.693	0.358	6.159E-01	4.388E-01	2.324E-01	8.749E+00	31
cand-siteA-id19-sh09	3kwo-assembly1_A	0.157	121	75	149	0.960	0.812	4.915E-01	4.669E-01	2.423E-01	7.819E+00	31
cand-siteA-id19-sh09	3ghq-assembly1_A	0.166	54	75	158	0.720	0.323	5.912E-01	4.131E-01	2.095E-01	8.271E+00	31
cand-siteA-id19-sh09	8gjg-assembly1_A	0.186	107	75	162	0.947	0.660	3.631E-01	3.471E-01	2.153E-01	2.271E+00	31
cand-siteA-id19-sh09	5h78-assembly1_B	0.202	74	75	192	0.947	0.354	5.060E-01	4.668E-01	2.365E-01	7.819E+00	31
cand-siteA-id19-sh09	8qhv-assembly1_0	0.162	74	75	215	0.960	0.344	5.193E-01	4.935E-01	1.845E-01	8.271E+00	31
cand-siteA-id19-sh09	8wf6-assembly1_A	0.202	89	75	221	0.960	0.389	4.111E-01	3.925E-01	1.558E-01	4.458E+00	31
cand-siteA-id19-sh09	8wf6-assembly2_C	0.200	90	75	226	0.960	0.385	4.115E-01	3.908E-01	1.520E-01	4.715E+00	31
cand-siteA-id19-sh09	6gkf-assembly1_B	0.217	92	75	227	0.987	0.396	4.222E-01	4.115E-01	1.502E-01	4.988E+00	31
cand-siteA-id19-sh09	5ltw-assembly1_A	0.207	82	75	227	0.947	0.361	4.473E-01	4.187E-01	1.628E-01	5.581E+00	31
cand-siteA-id19-sh09	5lu1-assembly2_E	0.187	80	75	227	0.933	0.352	4.397E-01	4.102E-01	1.510E-01	4.715E+00	31
cand-siteA-id19-sh09	6twz-assembly1_B	0.202	84	75	228	0.960	0.368	4.539E-01	4.307E-01	1.574E-01	5.276E+00	31
cand-siteA-id19-sh09	8wf6-assembly1_B	0.202	89	75	228	0.960	0.377	4.131E-01	3.924E-01	1.513E-01	4.214E+00	31
cand-siteA-id19-sh09	5ftp-assembly1_A	0.115	69	75	230	0.920	0.278	5.176E-01	4.486E-01	1.874E-01	9.255E+00	31
cand-siteA-id19-sh09	7biw-assembly1_A	0.209	86	75	232	0.933	0.353	4.157E-01	3.912E-01	1.538E-01	3.766E+00	31
cand-siteA-id19-sh09	6g7c-assembly1_A	0.164	67	75	234	0.827	0.274	5.244E-01	4.469E-01	1.750E-01	7.819E+00	31
cand-siteA-id19-sh09	5n75-assembly1_A	0.181	88	75	234	0.933	0.359	4.151E-01	3.869E-01	1.524E-01	3.984E+00	31
cand-siteA-id19-sh09	3axy-assembly1_D	0.208	96	75	235	0.960	0.396	4.207E-01	4.057E-01	1.489E-01	4.715E+00	31
cand-siteA-id19-sh09	6y3s-assembly1_A-2	0.177	90	75	235	0.933	0.366	4.149E-01	3.868E-01	1.517E-01	3.984E+00	31
cand-siteA-id19-sh09	8b2k-assembly1_A-2	0.177	90	75	236	0.933	0.364	4.152E-01	3.870E-01	1.512E-01	3.766E+00	31
cand-siteA-id19-sh09	7b9t-assembly1_A-2	0.177	90	75	236	0.933	0.364	4.153E-01	3.871E-01	1.514E-01	3.766E+00	31
cand-siteA-id19-sh09	7baa-assembly1_A-2	0.177	90	75	236	0.933	0.364	4.152E-01	3.870E-01	1.512E-01	3.766E+00	31
cand-siteA-id19-sh09	8bzc-assembly1_A-2	0.177	90	75	236	0.933	0.364	4.158E-01	3.871E-01	1.514E-01	3.766E+00	31
cand-siteA-id19-sh09	6hmu-assembly1_A-2	0.177	90	75	236	0.933	0.364	4.160E-01	3.872E-01	1.514E-01	3.766E+00	31
cand-siteA-id19-sh09	3p1s-assembly1_A	0.177	90	75	236	0.933	0.364	4.115E-01	3.810E-01	1.420E-01	3.560E+00	31
cand-siteA-id19-sh09	5nwk-assembly2_B	0.180	100	75	245	0.987	0.388	4.080E-01	3.976E-01	1.450E-01	4.214E+00	31
cand-siteA-id19-sh09	8hvr-assembly1_J	0.187	96	75	254	0.947	0.378	6.002E-01	5.660E-01	1.886E-01	9.790E+00	31
cand-siteA-id19-sh09	3qtn-assembly1_B	0.129	85	75	341	0.907	0.249	5.274E-01	4.846E-01	1.469E-01	7.819E+00	31
cand-siteA-id19-sh09	9e8j-assembly1_Y	0.122	90	75	380	0.973	0.237	5.368E-01	5.192E-01	1.265E-01	9.790E+00	31
cand-siteA-id19-sh09	2v3p-assembly1_A	0.115	52	75	405	0.693	0.123	5.178E-01	3.801E-01	1.011E-01	7.392E+00	31
cand-siteA-id19-sh09	8qah-assembly2_B	0.329	82	75	426	0.960	0.192	4.208E-01	4.009E-01	1.035E-01	4.458E+00	31
cand-siteA-id19-sh09	5a31-assembly1_Y	0.171	99	75	496	0.947	0.200	3.832E-01	3.593E-01	7.767E-02	4.715E+00	31
cand-siteA-id19-sh09	7xdt-assembly1_A	0.191	73	75	531	0.893	0.130	4.219E-01	3.741E-01	7.310E-02	5.904E+00	31
cand-siteA-id19-sh09	6zu9-assembly1_q	0.063	79	75	636	0.987	0.121	5.061E-01	4.951E-01	9.356E-02	7.392E+00	31
cand-siteA-id19-sh09	2xs1-assembly1_A	0.172	93	75	697	0.960	0.133	5.196E-01	4.925E-01	7.922E-02	9.790E+00	31
cand-siteA-id19-sh09	5hb1-assembly1_A	0.099	111	75	742	0.973	0.150	4.045E-01	3.961E-01	6.582E-02	4.458E+00	31
cand-siteA-id19-sh09	6dg6-assembly4_D	0.202	74	75	100	0.947	0.690	5.152E-01	4.692E-01	3.612E-01	8.749E+00	30
cand-siteA-id19-sh09	6dg6-assembly5_E	0.197	76	75	100	0.947	0.710	4.996E-01	4.677E-01	3.579E-01	8.271E+00	30
cand-siteA-id19-sh09	2ib0-assembly1_A	0.196	51	75	142	0.680	0.296	4.386E-01	3.013E-01	1.834E-01	3.984E+00	30
cand-siteA-id19-sh09	3e2c-assembly1_B	0.178	56	75	158	0.747	0.316	5.986E-01	4.101E-01	2.079E-01	8.749E+00	30
cand-siteA-id19-sh09	8e0o-assembly1_C	0.239	96	75	160	0.960	0.600	4.972E-01	4.797E-01	2.809E-01	9.255E+00	30
cand-siteA-id19-sh09	1sq3-assembly1_E-2	0.161	68	75	162	0.720	0.420	6.024E-01	4.448E-01	2.204E-01	7.392E+00	30
cand-siteA-id19-sh09	8e0m-assembly4_L	0.180	83	75	166	0.960	0.500	4.131E-01	3.962E-01	2.066E-01	4.458E+00	30
cand-siteA-id19-sh09	6xr2-assembly1_B	0.191	120	75	167	0.960	0.719	4.866E-01	4.664E-01	2.572E-01	6.606E+00	30
cand-siteA-id19-sh09	1a4o-assembly2_D	0.202	84	75	197	0.960	0.416	4.223E-01	4.007E-01	1.797E-01	5.276E+00	30
cand-siteA-id19-sh09	5ulo-assembly1_B	0.193	88	75	228	0.933	0.368	4.264E-01	3.996E-01	1.596E-01	5.276E+00	30
cand-siteA-id19-sh09	5ltw-assembly3_J	0.214	84	75	229	0.947	0.367	4.472E-01	4.186E-01	1.538E-01	5.581E+00	30
cand-siteA-id19-sh09	8qdv-assembly1_A	0.186	91	75	229	0.947	0.380	4.203E-01	3.990E-01	1.590E-01	5.581E+00	30
cand-siteA-id19-sh09	7axn-assembly1_A	0.181	88	75	234	0.933	0.359	4.152E-01	3.870E-01	1.523E-01	4.214E+00	30
cand-siteA-id19-sh09	3lw1-assembly1_A-2	0.177	90	75	235	0.933	0.366	4.122E-01	3.828E-01	1.430E-01	4.214E+00	30
cand-siteA-id19-sh09	5mhc-assembly1_A	0.179	89	75	235	0.933	0.362	4.153E-01	3.871E-01	1.518E-01	4.214E+00	30
cand-siteA-id19-sh09	7obt-assembly1_A-2	0.179	89	75	235	0.933	0.362	4.101E-01	3.816E-01	1.507E-01	4.458E+00	30
cand-siteA-id19-sh09	6y3w-assembly1_A-2	0.177	90	75	235	0.933	0.366	4.151E-01	3.869E-01	1.518E-01	4.214E+00	30
cand-siteA-id19-sh09	7b9r-assembly1_A-2	0.177	90	75	236	0.933	0.364	4.160E-01	3.872E-01	1.515E-01	4.715E+00	30
cand-siteA-id19-sh09	8qt5-assembly3_F	0.138	94	75	245	0.960	0.384	4.284E-01	4.092E-01	1.448E-01	6.606E+00	30
cand-siteA-id19-sh09	6y4l-assembly1_A	0.186	91	75	271	0.840	0.336	4.130E-01	3.424E-01	9.659E-02	4.988E+00	30
cand-siteA-id19-sh09	5k7v-assembly1_B	0.223	94	75	279	0.907	0.337	4.755E-01	4.375E-01	1.604E-01	6.245E+00	30
cand-siteA-id19-sh09	6yxx-assembly1_BE	0.200	90	75	357	0.960	0.252	4.516E-01	4.285E-01	1.073E-01	7.392E+00	30
cand-siteA-id19-sh09	6yxy-assembly1_BE	0.188	90	75	407	0.960	0.221	4.251E-01	4.031E-01	9.327E-02	6.606E+00	30
cand-siteA-id19-sh09	6r7f-assembly1_B	0.191	94	75	414	0.960	0.227	4.957E-01	4.746E-01	1.088E-01	7.819E+00	30
cand-siteA-id19-sh09	3jco-assembly1_P	0.166	54	75	431	0.720	0.118	6.019E-01	4.527E-01	1.022E-01	9.790E+00	30
cand-siteA-id19-sh09	6i60-assembly2_B	0.156	96	75	886	0.867	0.099	4.495E-01	4.077E-01	5.604E-02	6.606E+00	30
cand-siteA-id19-sh09	8bda-assembly1_C	0.168	83	75	1074	0.893	0.077	3.526E-01	3.136E-01	3.980E-02	4.715E+00	30
cand-siteA-id19-sh09	8f5o-assembly1_B	0.159	69	75	1134	0.707	0.061	5.149E-01	3.593E-01	2.913E-02	7.392E+00	30
cand-siteA-id19-sh09	8fgw-assembly1_D	0.202	99	75	1315	0.933	0.075	3.670E-01	3.384E-01	3.240E-02	5.581E+00	30
cand-siteA-id19-sh09	9e7f-assembly1_Bb	0.126	63	75	60	0.840	0.983	4.885E-01	4.073E-01	4.769E-01	8.749E+00	29
cand-siteA-id19-sh09	6jx6-assembly1_C	0.150	53	75	149	0.693	0.356	5.859E-01	4.167E-01	2.207E-01	9.790E+00	29
cand-siteA-id19-sh09	8e0n-assembly1_A	0.185	70	75	171	0.747	0.409	5.707E-01	4.558E-01	2.419E-01	9.790E+00	29
cand-siteA-id19-sh09	9eom-assembly1_A-2	0.157	76	75	215	0.987	0.353	4.944E-01	4.817E-01	1.731E-01	9.790E+00	29
cand-siteA-id19-sh09	9eom-assembly1_A-3	0.157	76	75	215	0.987	0.353	4.944E-01	4.817E-01	1.731E-01	9.790E+00	29
cand-siteA-id19-sh09	9eom-assembly1_A-4	0.157	76	75	215	0.987	0.353	4.944E-01	4.817E-01	1.731E-01	9.790E+00	29
cand-siteA-id19-sh09	9eom-assembly1_A-5	0.157	76	75	215	0.987	0.353	4.944E-01	4.817E-01	1.731E-01	9.790E+00	29
cand-siteA-id19-sh09	9eom-assembly1_A-6	0.157	76	75	215	0.987	0.353	4.944E-01	4.817E-01	1.731E-01	9.790E+00	29
cand-siteA-id19-sh09	9eom-assembly1_A-7	0.157	76	75	215	0.987	0.353	4.944E-01	4.817E-01	1.731E-01	9.790E+00	29
cand-siteA-id19-sh09	9eom-assembly1_A-8	0.157	76	75	215	0.987	0.353	4.944E-01	4.817E-01	1.731E-01	9.790E+00	29
cand-siteA-id19-sh09	9eom-assembly1_A-9	0.157	76	75	215	0.987	0.353	4.944E-01	4.817E-01	1.731E-01	9.790E+00	29
cand-siteA-id19-sh09	9eom-assembly1_A-10	0.157	76	75	215	0.987	0.353	4.944E-01	4.817E-01	1.731E-01	9.790E+00	29
cand-siteA-id19-sh09	9eom-assembly1_A-11	0.157	76	75	215	0.987	0.353	4.944E-01	4.817E-01	1.731E-01	9.790E+00	29
cand-siteA-id19-sh09	9eom-assembly1_A-12	0.157	76	75	215	0.987	0.353	4.944E-01	4.817E-01	1.731E-01	9.790E+00	29
cand-siteA-id19-sh09	9eom-assembly1_A-13	0.157	76	75	215	0.987	0.353	4.944E-01	4.817E-01	1.731E-01	9.790E+00	29
cand-siteA-id19-sh09	9eom-assembly1_A-14	0.157	76	75	215	0.987	0.353	4.944E-01	4.817E-01	1.731E-01	9.790E+00	29
cand-siteA-id19-sh09	9eom-assembly1_A-15	0.157	76	75	215	0.987	0.353	4.944E-01	4.817E-01	1.731E-01	9.790E+00	29
cand-siteA-id19-sh09	9eom-assembly1_A-16	0.157	76	75	215	0.987	0.353	4.944E-01	4.817E-01	1.731E-01	9.790E+00	29
cand-siteA-id19-sh09	9eom-assembly1_A-17	0.157	76	75	215	0.987	0.353	4.944E-01	4.817E-01	1.731E-01	9.790E+00	29
cand-siteA-id19-sh09	9eom-assembly1_A-18	0.157	76	75	215	0.987	0.353	4.944E-01	4.817E-01	1.731E-01	9.790E+00	29
cand-siteA-id19-sh09	9eom-assembly1_A-19	0.157	76	75	215	0.987	0.353	4.944E-01	4.817E-01	1.731E-01	9.790E+00	29
cand-siteA-id19-sh09	9eom-assembly1_A-20	0.157	76	75	215	0.987	0.353	4.944E-01	4.817E-01	1.731E-01	9.790E+00	29
cand-siteA-id19-sh09	9eom-assembly1_A-21	0.157	76	75	215	0.987	0.353	4.944E-01	4.817E-01	1.731E-01	9.790E+00	29
cand-siteA-id19-sh09	9eom-assembly1_A-22	0.157	76	75	215	0.987	0.353	4.944E-01	4.817E-01	1.731E-01	9.790E+00	29
cand-siteA-id19-sh09	9eom-assembly1_A-23	0.157	76	75	215	0.987	0.353	4.944E-01	4.817E-01	1.731E-01	9.790E+00	29
cand-siteA-id19-sh09	9eom-assembly1_A-24	0.157	76	75	215	0.987	0.353	4.944E-01	4.817E-01	1.731E-01	9.790E+00	29
cand-siteA-id19-sh09	9eom-assembly1_A-25	0.157	76	75	215	0.987	0.353	4.944E-01	4.817E-01	1.731E-01	9.790E+00	29
cand-siteA-id19-sh09	9eom-assembly1_A-26	0.157	76	75	215	0.987	0.353	4.944E-01	4.817E-01	1.731E-01	9.790E+00	29
cand-siteA-id19-sh09	9eom-assembly1_A-27	0.157	76	75	215	0.987	0.353	4.944E-01	4.817E-01	1.731E-01	9.790E+00	29
cand-siteA-id19-sh09	9eom-assembly1_A-28	0.157	76	75	215	0.987	0.353	4.944E-01	4.817E-01	1.731E-01	9.790E+00	29
cand-siteA-id19-sh09	9eom-assembly1_A-29	0.157	76	75	215	0.987	0.353	4.944E-01	4.817E-01	1.731E-01	9.790E+00	29
cand-siteA-id19-sh09	9eom-assembly1_A-30	0.157	76	75	215	0.987	0.353	4.944E-01	4.817E-01	1.731E-01	9.790E+00	29
cand-siteA-id19-sh09	9eom-assembly1_A-31	0.157	76	75	215	0.987	0.353	4.944E-01	4.817E-01	1.731E-01	9.790E+00	29
cand-siteA-id19-sh09	9eom-assembly1_A-32	0.157	76	75	215	0.987	0.353	4.944E-01	4.817E-01	1.731E-01	9.790E+00	29
cand-siteA-id19-sh09	9eom-assembly1_A-33	0.157	76	75	215	0.987	0.353	4.944E-01	4.817E-01	1.731E-01	9.790E+00	29
cand-siteA-id19-sh09	9eom-assembly1_A-34	0.157	76	75	215	0.987	0.353	4.944E-01	4.817E-01	1.731E-01	9.790E+00	29
cand-siteA-id19-sh09	9eom-assembly1_A-35	0.157	76	75	215	0.987	0.353	4.944E-01	4.817E-01	1.731E-01	9.790E+00	29
cand-siteA-id19-sh09	9eom-assembly1_A-36	0.157	76	75	215	0.987	0.353	4.944E-01	4.817E-01	1.731E-01	9.790E+00	29
cand-siteA-id19-sh09	9eom-assembly1_A-37	0.157	76	75	215	0.987	0.353	4.944E-01	4.817E-01	1.731E-01	9.790E+00	29
cand-siteA-id19-sh09	9eom-assembly1_A-38	0.157	76	75	215	0.987	0.353	4.944E-01	4.817E-01	1.731E-01	9.790E+00	29
cand-siteA-id19-sh09	9eom-assembly1_A-39	0.157	76	75	215	0.987	0.353	4.944E-01	4.817E-01	1.731E-01	9.790E+00	29
cand-siteA-id19-sh09	9eom-assembly1_A-40	0.157	76	75	215	0.987	0.353	4.944E-01	4.817E-01	1.731E-01	9.790E+00	29
cand-siteA-id19-sh09	9eom-assembly1_A-41	0.157	76	75	215	0.987	0.353	4.944E-01	4.817E-01	1.731E-01	9.790E+00	29
cand-siteA-id19-sh09	9eom-assembly1_A-42	0.157	76	75	215	0.987	0.353	4.944E-01	4.817E-01	1.731E-01	9.790E+00	29
cand-siteA-id19-sh09	9eom-assembly1_A-43	0.157	76	75	215	0.987	0.353	4.944E-01	4.817E-01	1.731E-01	9.790E+00	29
cand-siteA-id19-sh09	9eom-assembly1_A-44	0.157	76	75	215	0.987	0.353	4.944E-01	4.817E-01	1.731E-01	9.790E+00	29
cand-siteA-id19-sh09	9eom-assembly1_A-45	0.157	76	75	215	0.987	0.353	4.944E-01	4.817E-01	1.731E-01	9.790E+00	29
cand-siteA-id19-sh09	9eom-assembly1_A-46	0.157	76	75	215	0.987	0.353	4.944E-01	4.817E-01	1.731E-01	9.790E+00	29
cand-siteA-id19-sh09	9eom-assembly1_A-47	0.157	76	75	215	0.987	0.353	4.944E-01	4.817E-01	1.731E-01	9.790E+00	29
cand-siteA-id19-sh09	9eom-assembly1_A-48	0.157	76	75	215	0.987	0.353	4.944E-01	4.817E-01	1.731E-01	9.790E+00	29
cand-siteA-id19-sh09	9eom-assembly1_A-49	0.157	76	75	215	0.987	0.353	4.944E-01	4.817E-01	1.731E-01	9.790E+00	29
cand-siteA-id19-sh09	9eom-assembly1_A-50	0.157	76	75	215	0.987	0.353	4.944E-01	4.817E-01	1.731E-01	9.790E+00	29
cand-siteA-id19-sh09	9eom-assembly1_A-51	0.157	76	75	215	0.987	0.353	4.944E-01	4.817E-01	1.731E-01	9.790E+00	29
cand-siteA-id19-sh09	9eom-assembly1_A-52	0.157	76	75	215	0.987	0.353	4.944E-01	4.817E-01	1.731E-01	9.790E+00	29
cand-siteA-id19-sh09	9eom-assembly1_A-53	0.157	76	75	215	0.987	0.353	4.944E-01	4.817E-01	1.731E-01	9.790E+00	29
cand-siteA-id19-sh09	9eom-assembly1_A-54	0.157	76	75	215	0.987	0.353	4.944E-01	4.817E-01	1.731E-01	9.790E+00	29
cand-siteA-id19-sh09	9eom-assembly1_A-55	0.157	76	75	215	0.987	0.353	4.944E-01	4.817E-01	1.731E-01	9.790E+00	29
cand-siteA-id19-sh09	9eom-assembly1_A-56	0.157	76	75	215	0.987	0.353	4.944E-01	4.817E-01	1.731E-01	9.790E+00	29
cand-siteA-id19-sh09	9eom-assembly1_A-57	0.157	76	75	215	0.987	0.353	4.944E-01	4.817E-01	1.731E-01	9.790E+00	29
cand-siteA-id19-sh09	9eom-assembly1_A-58	0.157	76	75	215	0.987	0.353	4.944E-01	4.817E-01	1.731E-01	9.790E+00	29
cand-siteA-id19-sh09	9eom-assembly1_A-59	0.157	76	75	215	0.987	0.353	4.944E-01	4.817E-01	1.731E-01	9.790E+00	29
cand-siteA-id19-sh09	9eom-assembly1_A-60	0.157	76	75	215	0.987	0.353	4.944E-01	4.817E-01	1.731E-01	9.790E+00	29
cand-siteA-id19-sh09	4fj3-assembly1_A	0.186	86	75	220	0.960	0.377	4.142E-01	3.932E-01	1.607E-01	6.245E+00	29
cand-siteA-id19-sh09	5lu1-assembly1_B	0.200	80	75	227	0.947	0.352	4.473E-01	4.187E-01	1.532E-01	6.245E+00	29
cand-siteA-id19-sh09	5ltw-assembly2_F	0.215	88	75	229	0.947	0.384	4.472E-01	4.186E-01	1.538E-01	6.606E+00	29
cand-siteA-id19-sh09	4n7g-assembly1_A-2	0.195	92	75	229	0.960	0.389	4.136E-01	3.948E-01	1.510E-01	5.904E+00	29
cand-siteA-id19-sh09	5nwk-assembly1_G	0.161	93	75	234	0.960	0.385	4.428E-01	4.213E-01	1.577E-01	7.392E+00	29
cand-siteA-id19-sh09	6rm7-assembly1_A-2	0.206	92	75	234	0.933	0.376	4.111E-01	3.806E-01	1.432E-01	5.276E+00	29
cand-siteA-id19-sh09	3spr-assembly1_A-2	0.179	89	75	236	0.933	0.364	4.241E-01	3.935E-01	1.468E-01	5.581E+00	29
cand-siteA-id19-sh09	5ok9-assembly1_E	0.185	81	75	240	0.933	0.338	4.385E-01	4.070E-01	1.415E-01	6.245E+00	29
cand-siteA-id19-sh09	8xup-assembly1_B	0.186	91	75	260	0.840	0.350	4.342E-01	3.622E-01	1.102E-01	6.606E+00	29
cand-siteA-id19-sh09	8asw-assembly1_D	0.281	71	75	343	0.747	0.207	4.978E-01	3.737E-01	8.955E-02	6.988E+00	29
cand-siteA-id19-sh09	4gpk-assembly1_A	0.180	105	75	343	0.933	0.306	4.436E-01	4.089E-01	1.018E-01	5.904E+00	29
cand-siteA-id19-sh09	5khu-assembly1_F	0.175	91	75	473	0.840	0.192	4.181E-01	3.481E-01	7.170E-02	5.904E+00	29
cand-siteA-id19-sh09	8dz8-assembly8_H	0.157	76	75	94	0.973	0.713	4.987E-01	4.426E-01	3.595E-01	9.790E+00	28
cand-siteA-id19-sh09	5wft-assembly1_A	0.166	66	75	118	0.680	0.559	4.286E-01	3.161E-01	2.171E-01	5.581E+00	28
cand-siteA-id19-sh09	8jh6-assembly1_B	0.154	97	75	126	0.947	0.770	4.220E-01	3.951E-01	2.432E-01	7.819E+00	28
cand-siteA-id19-sh09	6x8n-assembly2_B	0.163	98	75	126	0.960	0.778	4.342E-01	4.119E-01	2.486E-01	8.271E+00	28
cand-siteA-id19-sh09	8e12-assembly1_B	0.183	87	75	163	0.960	0.534	3.961E-01	3.834E-01	2.376E-01	5.904E+00	28
cand-siteA-id19-sh09	7abk-assembly1_A	0.178	73	75	196	0.973	0.311	5.084E-01	4.122E-01	1.657E-01	9.790E+00	28
cand-siteA-id19-sh09	9co0-assembly1_D	0.166	66	75	205	0.747	0.322	5.160E-01	3.901E-01	1.568E-01	8.749E+00	28
cand-siteA-id19-sh09	5lu1-assembly1_A	0.209	81	75	225	0.933	0.360	4.395E-01	4.058E-01	1.595E-01	6.988E+00	28
cand-siteA-id19-sh09	5lu1-assembly2_F	0.216	83	75	230	0.947	0.361	4.467E-01	4.181E-01	1.614E-01	7.819E+00	28
cand-siteA-id19-sh09	6rkk-assembly1_A-2	0.177	90	75	235	0.933	0.366	4.107E-01	3.821E-01	1.429E-01	5.276E+00	28
cand-siteA-id19-sh09	6t5f-assembly1_A	0.178	84	75	235	0.907	0.357	4.228E-01	3.795E-01	1.455E-01	6.606E+00	28
cand-siteA-id19-sh09	8a62-assembly1_A	0.177	90	75	236	0.933	0.364	4.150E-01	3.869E-01	1.512E-01	5.581E+00	28
cand-siteA-id19-sh09	3p1r-assembly1_A-2	0.177	90	75	236	0.933	0.364	4.123E-01	3.829E-01	1.426E-01	5.581E+00	28
cand-siteA-id19-sh09	5ok9-assembly1_F	0.185	81	75	239	0.933	0.339	4.369E-01	4.035E-01	1.530E-01	7.392E+00	28
cand-siteA-id19-sh09	4u1d-assembly1_C	0.123	73	75	444	0.907	0.160	4.550E-01	4.180E-01	9.576E-02	7.819E+00	28
cand-siteA-id19-sh09	3zgq-assembly1_A	0.123	113	75	475	0.853	0.238	3.179E-01	2.687E-01	5.962E-02	3.366E+00	28
cand-siteA-id19-sh09	4hoq-assembly1_A	0.217	78	75	477	0.893	0.151	3.983E-01	3.524E-01	9.230E-02	6.988E+00	28
cand-siteA-id19-sh09	5hb0-assembly1_B	0.166	84	75	520	0.827	0.162	4.002E-01	3.477E-01	7.507E-02	5.276E+00	28
cand-siteA-id19-sh09	9dtr-assembly1_S	0.175	80	75	604	0.920	0.132	4.570E-01	4.212E-01	7.999E-02	7.819E+00	28
cand-siteA-id19-sh09	6o77-assembly1_A	0.149	67	75	872	0.893	0.070	3.995E-01	3.417E-01	5.356E-02	6.606E+00	28
cand-siteA-id19-sh09	6iuh-assembly2_B	0.134	97	75	118	0.960	0.822	4.175E-01	4.034E-01	2.869E-01	7.392E+00	27
cand-siteA-id19-sh09	8wr0-assembly1_D	0.123	81	75	164	0.867	0.476	4.699E-01	4.120E-01	2.063E-01	5.904E+00	27
cand-siteA-id19-sh09	6xr2-assembly2_F	0.231	82	75	165	0.960	0.497	3.902E-01	3.786E-01	2.246E-01	6.606E+00	27
cand-siteA-id19-sh09	5d2d-assembly1_B	0.188	90	75	226	0.960	0.381	4.232E-01	4.045E-01	1.609E-01	8.271E+00	27
cand-siteA-id19-sh09	2v7d-assembly2_D	0.200	85	75	227	0.933	0.361	4.287E-01	3.997E-01	1.542E-01	7.819E+00	27
cand-siteA-id19-sh09	4ihl-assembly1_A	0.202	89	75	230	0.960	0.374	4.382E-01	4.161E-01	1.584E-01	8.271E+00	27
cand-siteA-id19-sh09	7fik-assembly1_p	0.194	77	75	456	0.920	0.169	3.922E-01	3.694E-01	9.436E-02	7.392E+00	27
cand-siteA-id19-sh09	5udj-assembly1_A	0.185	113	75	460	0.853	0.246	3.776E-01	3.191E-01	6.009E-02	5.276E+00	27
cand-siteA-id19-sh09	6w2t-assembly1_1	0.105	95	75	534	0.987	0.174	3.967E-01	3.881E-01	7.910E-02	7.819E+00	27
cand-siteA-id19-sh09	8z9m-assembly1_B	0.171	76	75	1062	0.867	0.068	3.900E-01	3.500E-01	4.508E-02	6.245E+00	27
cand-siteA-id19-sh09	6lk8-assembly1_S	0.174	109	75	169	0.960	0.621	3.476E-01	3.299E-01	1.553E-01	5.276E+00	26
cand-siteA-id19-sh09	4qli-assembly1_A-2	0.177	90	75	236	0.933	0.364	4.110E-01	3.823E-01	1.423E-01	6.988E+00	26
cand-siteA-id19-sh09	1j5w-assembly1_B	0.139	79	75	278	0.960	0.234	4.063E-01	3.491E-01	1.029E-01	8.271E+00	26
cand-siteA-id19-sh09	5y24-assembly1_A	0.166	78	75	348	0.907	0.224	3.948E-01	3.538E-01	9.953E-02	8.271E+00	26
cand-siteA-id19-sh09	3vvp-assembly2_B	0.194	67	75	412	0.893	0.146	4.490E-01	3.662E-01	7.456E-02	7.819E+00	26
cand-siteA-id19-sh09	4c93-assembly1_A	0.152	72	75	424	0.800	0.170	4.513E-01	3.615E-01	7.807E-02	9.255E+00	26
cand-siteA-id19-sh09	6o6a-assembly1_A	0.171	70	75	828	0.893	0.074	4.020E-01	3.335E-01	5.230E-02	8.271E+00	26
cand-siteA-id19-sh09	6o72-assembly1_A	0.171	70	75	858	0.893	0.071	4.041E-01	3.344E-01	5.036E-02	8.749E+00	26
cand-siteA-id19-sh09	8z9m-assembly1_D	0.129	77	75	1064	0.880	0.069	3.658E-01	3.355E-01	4.453E-02	5.904E+00	26
cand-siteA-id19-sh09	7wb4-assembly1_E	0.151	86	75	1363	0.840	0.063	4.344E-01	3.626E-01	2.822E-02	8.749E+00	26
cand-siteA-id19-sh09	8wqv-assembly1_O	0.128	78	75	163	0.867	0.479	3.709E-01	3.351E-01	1.891E-01	5.276E+00	25
cand-siteA-id19-sh09	8wqy-assembly1_H	0.135	81	75	165	0.867	0.473	4.681E-01	4.096E-01	2.048E-01	8.749E+00	25
cand-siteA-id19-sh09	8wr0-assembly1_H	0.139	79	75	165	0.840	0.461	4.811E-01	4.122E-01	2.048E-01	8.749E+00	25
cand-siteA-id19-sh09	5j31-assembly1_B	0.195	92	75	229	0.960	0.389	4.097E-01	3.931E-01	1.505E-01	9.255E+00	25
cand-siteA-id19-sh09	9fff-assembly1_A	0.169	71	75	1119	0.827	0.063	4.186E-01	3.637E-01	3.621E-02	5.581E+00	25
cand-siteA-id19-sh09	8wr0-assembly1_E	0.133	75	75	163	0.800	0.436	4.315E-01	3.571E-01	1.864E-01	7.392E+00	24
cand-siteA-id19-sh09	8e0m-assembly1_C	0.231	82	75	164	0.960	0.500	3.726E-01	3.573E-01	1.821E-01	8.749E+00	24
cand-siteA-id19-sh09	3ddh-assembly1_A	0.148	81	75	229	0.960	0.332	3.601E-01	3.456E-01	1.466E-01	8.749E+00	24
cand-siteA-id19-sh09	5ek3-assembly1_A	0.142	56	75	374	0.747	0.115	4.654E-01	2.798E-01	6.626E-02	9.790E+00	24
cand-siteA-id19-sh09	4av7-assembly3_E	0.188	85	75	634	0.893	0.129	4.000E-01	3.568E-01	5.821E-02	8.271E+00	24
cand-siteA-id19-sh09	9fpz-assembly1_B	0.225	80	75	834	0.827	0.096	3.714E-01	3.030E-01	4.032E-02	6.988E+00	24
cand-siteA-id19-sh09	9ffb-assembly1_A	0.164	67	75	1118	0.813	0.060	4.172E-01	3.589E-01	3.664E-02	6.988E+00	24
cand-siteA-id19-sh09	2cf7-assembly1_I	0.132	53	75	152	0.667	0.309	4.261E-01	3.083E-01	1.748E-01	9.255E+00	23
cand-siteA-id19-sh09	7tt5-assembly1_D	0.178	84	75	153	0.867	0.549	3.831E-01	3.320E-01	1.734E-01	8.749E+00	23
cand-siteA-id19-sh09	8wqx-assembly1_A	0.131	76	75	164	0.840	0.463	4.073E-01	3.560E-01	1.919E-01	7.819E+00	23
cand-siteA-id19-sh09	7woo-assembly1_C	0.097	103	75	1325	0.947	0.078	3.658E-01	3.495E-01	3.587E-02	9.255E+00	23
cand-siteA-id19-sh09	8xwx-assembly1_B	0.144	111	75	119	0.973	0.933	2.936E-01	2.844E-01	2.007E-01	6.245E+00	22
cand-siteA-id19-sh09	2fup-assembly1_A	0.127	110	75	128	0.933	0.859	3.156E-01	3.016E-01	2.159E-01	6.988E+00	22
cand-siteA-id19-sh09	8wqv-assembly1_C	0.128	78	75	163	0.867	0.479	3.709E-01	3.351E-01	1.891E-01	8.271E+00	22
cand-siteA-id19-sh09	8wqv-assembly1_A	0.128	78	75	164	0.867	0.476	3.709E-01	3.350E-01	1.881E-01	7.819E+00	22
cand-siteA-id19-sh09	8wqy-assembly1_E	0.137	80	75	164	0.867	0.470	4.119E-01	3.624E-01	1.905E-01	9.255E+00	22
cand-siteA-id19-sh09	6ait-assembly1_F	0.132	113	75	406	0.920	0.278	3.151E-01	2.946E-01	8.343E-02	8.749E+00	22
cand-siteA-id19-sh09	3ky9-assembly1_A	0.091	98	75	530	0.960	0.179	3.746E-01	3.590E-01	6.299E-02	8.749E+00	22
cand-siteA-id19-sh09	8xyc-assembly1_A	0.118	93	75	749	0.960	0.124	3.510E-01	3.386E-01	6.910E-02	9.255E+00	22
cand-siteA-id19-sh09	8wr0-assembly1_M	0.104	86	75	164	0.973	0.451	3.467E-01	3.352E-01	1.753E-01	8.271E+00	21
cand-siteA-id19-sh09	1nzn-assembly1_A	0.144	111	75	122	0.973	0.910	2.975E-01	2.888E-01	2.007E-01	9.255E+00	20
