egfr-bridge-id1104	2hyz-assembly1_A-2	0.553	112	145	136	0.772	0.824	9.515E-01	7.370E-01	7.837E-01	3.816E-09	454
egfr-bridge-id1104	7obi-assembly2_B	0.525	118	145	134	0.814	0.881	9.667E-01	7.850E-01	8.478E-01	8.006E-09	448
egfr-bridge-id1104	8cp8-assembly2_B	0.553	112	145	136	0.772	0.824	9.236E-01	7.192E-01	7.639E-01	5.665E-09	432
egfr-bridge-id1104	8ch0-assembly1_A	0.529	119	145	136	0.821	0.875	9.083E-01	7.493E-01	7.957E-01	6.570E-09	427
egfr-bridge-id1104	8cqp-assembly3_C	0.529	119	145	134	0.821	0.888	9.485E-01	7.795E-01	8.410E-01	2.259E-08	423
egfr-bridge-id1104	1na0-assembly2_B	0.525	118	145	119	0.814	0.958	8.436E-01	6.735E-01	8.046E-01	2.216E-09	418
egfr-bridge-id1104	2wqh-assembly1_A-2	0.580	100	145	104	0.690	0.962	9.659E-01	6.677E-01	9.212E-01	2.373E-08	416
egfr-bridge-id1104	8cqq-assembly1_A	0.422	154	145	272	0.966	0.562	8.035E-01	7.729E-01	4.206E-01	3.816E-09	403
egfr-bridge-id1104	1na0-assembly1_A	0.525	118	145	119	0.814	0.958	8.312E-01	6.650E-01	7.931E-01	4.885E-09	402
egfr-bridge-id1104	6v8e-assembly1_A	0.474	118	145	119	0.814	0.958	8.711E-01	6.914E-01	8.306E-01	1.378E-08	397
egfr-bridge-id1104	5hgv-assembly2_C	0.303	112	145	674	0.772	0.166	9.739E-01	7.511E-01	1.648E-01	1.097E-07	396
egfr-bridge-id1104	3pe3-assembly4_D	0.294	119	145	701	0.821	0.170	9.366E-01	7.695E-01	1.658E-01	9.006E-08	396
egfr-bridge-id1104	8fe7-assembly4_G	0.294	119	145	705	0.821	0.169	9.392E-01	7.713E-01	1.650E-01	9.462E-08	396
egfr-bridge-id1104	4gyw-assembly2_A	0.294	119	145	695	0.821	0.171	9.641E-01	7.889E-01	1.687E-01	1.889E-07	390
egfr-bridge-id1104	6v8e-assembly2_F	0.474	118	145	119	0.814	0.958	8.412E-01	6.703E-01	8.027E-01	1.249E-08	389
egfr-bridge-id1104	5a01-assembly3_C	0.301	116	145	681	0.800	0.170	9.751E-01	7.781E-01	1.689E-01	2.302E-07	389
egfr-bridge-id1104	5hgv-assembly1_A	0.294	119	145	695	0.821	0.171	9.633E-01	7.883E-01	1.687E-01	3.253E-07	380
egfr-bridge-id1104	6b85-assembly1_J	0.396	121	145	215	0.834	0.563	8.971E-01	7.512E-01	5.188E-01	1.153E-07	379
egfr-bridge-id1104	6e37-assembly1_A	0.301	116	145	692	0.800	0.168	9.423E-01	7.564E-01	1.648E-01	2.947E-07	378
egfr-bridge-id1104	6eou-assembly1_A	0.325	135	145	343	0.931	0.382	8.805E-01	7.955E-01	3.532E-01	7.392E-08	377
egfr-bridge-id1104	6q4m-assembly1_A	0.299	117	145	698	0.807	0.168	9.308E-01	7.547E-01	1.643E-01	2.805E-07	377
egfr-bridge-id1104	3vty-assembly4_D	0.393	117	145	171	0.807	0.684	9.231E-01	7.486E-01	6.403E-01	1.889E-07	376
egfr-bridge-id1104	4gyw-assembly1_C	0.303	112	145	674	0.772	0.166	9.741E-01	7.512E-01	1.648E-01	3.591E-07	375
egfr-bridge-id1104	8fe6-assembly4_G	0.294	119	145	696	0.821	0.171	9.443E-01	7.748E-01	1.674E-01	3.096E-07	375
egfr-bridge-id1104	8cm9-assembly4_D	0.299	117	145	704	0.807	0.166	9.496E-01	7.673E-01	1.637E-01	3.591E-07	374
egfr-bridge-id1104	4xif-assembly1_A	0.303	112	145	702	0.772	0.160	9.586E-01	7.415E-01	1.576E-01	3.096E-07	373
egfr-bridge-id1104	6vfh-assembly1_A	0.453	119	145	119	0.821	0.966	8.139E-01	6.576E-01	7.817E-01	2.752E-08	370
egfr-bridge-id1104	6ibo-assembly1_A	0.299	117	145	695	0.807	0.168	9.219E-01	7.486E-01	1.645E-01	3.591E-07	370
egfr-bridge-id1104	8cm9-assembly2_B	0.301	116	145	699	0.800	0.166	9.553E-01	7.649E-01	1.637E-01	4.830E-07	370
egfr-bridge-id1104	8ump-assembly1_A	0.467	122	145	120	0.841	0.983	8.161E-01	6.751E-01	7.981E-01	2.752E-08	369
egfr-bridge-id1104	5bnw-assembly1_A	0.301	116	145	694	0.800	0.167	9.241E-01	7.440E-01	1.635E-01	3.773E-07	368
egfr-bridge-id1104	5vie-assembly1_C	0.307	114	145	667	0.786	0.171	9.392E-01	7.418E-01	1.678E-01	4.375E-07	367
egfr-bridge-id1104	4n3c-assembly1_A	0.301	116	145	697	0.800	0.166	9.128E-01	7.359E-01	1.621E-01	3.591E-07	367
egfr-bridge-id1104	1w3b-assembly1_B	0.330	130	145	368	0.897	0.342	8.929E-01	7.767E-01	3.205E-01	1.889E-07	364
egfr-bridge-id1104	6vfk-assembly1_A	0.453	119	145	120	0.821	0.958	8.210E-01	6.620E-01	7.847E-01	4.510E-08	363
egfr-bridge-id1104	5nps-assembly1_A	0.299	117	145	693	0.807	0.169	9.192E-01	7.468E-01	1.649E-01	5.601E-07	361
egfr-bridge-id1104	5lwv-assembly1_A	0.299	117	145	711	0.807	0.165	9.070E-01	7.377E-01	1.601E-01	5.331E-07	359
egfr-bridge-id1104	8far-assembly1_A	0.363	121	145	136	0.834	0.890	8.929E-01	7.482E-01	7.945E-01	3.964E-07	358
egfr-bridge-id1104	6tka-assembly1_AAA	0.299	117	145	694	0.807	0.169	8.943E-01	7.288E-01	1.632E-01	5.074E-07	357
egfr-bridge-id1104	6vfj-assembly1_B	0.470	117	145	119	0.807	0.950	8.552E-01	6.761E-01	8.097E-01	1.097E-07	354
egfr-bridge-id1104	3kd7-assembly5_E	0.500	96	145	100	0.662	0.960	9.627E-01	6.400E-01	9.165E-01	5.885E-07	352
egfr-bridge-id1104	5lvv-assembly1_A	0.294	119	145	720	0.821	0.165	8.947E-01	7.396E-01	1.594E-01	6.825E-07	351
egfr-bridge-id1104	8fwd-assembly1_7	0.375	112	145	139	0.772	0.806	8.882E-01	6.961E-01	7.237E-01	4.597E-07	346
egfr-bridge-id1104	5hrz-assembly1_A	0.453	119	145	122	0.821	0.943	8.424E-01	6.784E-01	7.928E-01	2.419E-07	343
egfr-bridge-id1104	3kd7-assembly2_B	0.505	99	145	100	0.683	0.990	9.688E-01	6.624E-01	9.501E-01	1.065E-06	342
egfr-bridge-id1104	6vl6-assembly1_A	0.446	121	145	122	0.834	0.959	8.394E-01	6.859E-01	8.022E-01	1.985E-07	341
egfr-bridge-id1104	8fwd-assembly1_3	0.355	121	145	139	0.834	0.871	8.699E-01	7.312E-01	7.602E-01	5.885E-07	341
egfr-bridge-id1104	8dtg-assembly1_A	0.323	139	145	802	0.959	0.168	8.480E-01	7.904E-01	1.578E-01	5.074E-07	341
egfr-bridge-id1104	3kd7-assembly1_A	0.505	99	145	102	0.683	0.971	9.199E-01	6.377E-01	8.865E-01	9.179E-07	335
egfr-bridge-id1104	1w3b-assembly1_A	0.360	147	145	388	0.917	0.376	7.862E-01	7.193E-01	2.815E-01	1.712E-07	335
egfr-bridge-id1104	5vie-assembly1_A	0.280	125	145	666	0.862	0.182	8.934E-01	7.488E-01	1.738E-01	8.737E-07	334
egfr-bridge-id1104	6vfi-assembly1_B	0.470	119	145	118	0.821	0.975	8.357E-01	6.708E-01	8.095E-01	2.947E-07	331
egfr-bridge-id1104	8fuf-assembly1_A	0.303	112	145	695	0.772	0.161	9.364E-01	7.273E-01	1.582E-01	2.126E-06	331
egfr-bridge-id1104	8fwd-assembly1_C	0.355	121	145	139	0.834	0.871	8.708E-01	7.319E-01	7.609E-01	1.175E-06	330
egfr-bridge-id1104	7y4i-assembly1_B	0.295	132	145	815	0.910	0.157	8.879E-01	7.847E-01	1.506E-01	2.590E-06	318
egfr-bridge-id1104	6vl6-assembly1_B	0.500	96	145	98	0.662	0.980	9.172E-01	6.177E-01	8.913E-01	2.590E-06	317
egfr-bridge-id1104	8fwd-assembly1_P	0.484	97	145	100	0.669	0.970	9.258E-01	6.283E-01	8.914E-01	3.660E-06	313
egfr-bridge-id1104	8fwd-assembly1_L	0.484	97	145	100	0.669	0.970	9.214E-01	6.260E-01	8.872E-01	3.660E-06	311
egfr-bridge-id1104	3cv0-assembly1_A	0.237	139	145	300	0.959	0.463	8.759E-01	8.371E-01	4.261E-01	3.483E-06	311
egfr-bridge-id1104	7yea-assembly1_B	0.357	151	145	1017	0.945	0.147	7.653E-01	7.212E-01	1.137E-01	4.830E-07	308
egfr-bridge-id1104	1na3-assembly1_A	0.595	84	145	86	0.579	0.977	9.417E-01	5.524E-01	9.107E-01	5.171E-06	307
egfr-bridge-id1104	8dti-assembly1_B	0.286	171	145	629	0.966	0.270	7.452E-01	7.163E-01	1.778E-01	4.830E-07	305
egfr-bridge-id1104	8fwd-assembly1_0	0.484	97	145	100	0.669	0.970	9.253E-01	6.279E-01	8.909E-01	5.708E-06	304
egfr-bridge-id1104	2vyi-assembly2_B	0.295	122	145	123	0.841	0.959	8.413E-01	6.909E-01	8.037E-01	2.126E-06	303
egfr-bridge-id1104	8cus-assembly1_A	0.366	120	145	135	0.828	0.889	8.942E-01	7.445E-01	7.949E-01	8.066E-06	303
egfr-bridge-id1104	8gck-assembly1_B	0.277	119	145	128	0.814	0.930	8.631E-01	7.084E-01	7.948E-01	3.660E-06	301
egfr-bridge-id1104	1na3-assembly2_B	0.595	84	145	86	0.579	0.977	9.421E-01	5.526E-01	9.109E-01	8.904E-06	299
egfr-bridge-id1104	5fzr-assembly1_B	0.382	102	145	105	0.703	0.971	8.872E-01	6.372E-01	8.566E-01	2.126E-06	299
egfr-bridge-id1104	8umr-assembly1_A	0.459	122	145	120	0.841	0.983	8.087E-01	6.700E-01	7.909E-01	1.175E-06	296
egfr-bridge-id1104	3vtx-assembly2_B	0.299	147	145	183	0.917	0.760	7.440E-01	6.829E-01	5.514E-01	8.316E-07	296
egfr-bridge-id1104	8os1-assembly1_B	0.237	139	145	306	0.897	0.451	8.345E-01	7.506E-01	3.762E-01	3.156E-06	296
egfr-bridge-id1104	8gck-assembly2_A	0.277	119	145	126	0.814	0.944	8.676E-01	7.118E-01	8.105E-01	5.708E-06	295
egfr-bridge-id1104	7ntf-assembly1_B	0.294	146	145	822	0.917	0.178	7.779E-01	7.124E-01	1.376E-01	7.170E-07	295
egfr-bridge-id1104	8ehz-assembly1_A	0.277	119	145	129	0.814	0.922	8.894E-01	7.281E-01	8.125E-01	8.066E-06	294
egfr-bridge-id1104	5lfm-assembly6_F	0.298	124	145	178	0.855	0.697	8.629E-01	7.444E-01	6.173E-01	4.922E-06	294
egfr-bridge-id1104	7tb1-assembly2_B	0.272	121	145	126	0.828	0.960	8.238E-01	6.902E-01	7.831E-01	4.040E-06	291
egfr-bridge-id1104	6nsv-assembly1_A	0.277	119	145	128	0.814	0.930	8.541E-01	7.019E-01	7.869E-01	5.708E-06	291
egfr-bridge-id1104	5lyn-assembly1_B	0.300	120	145	133	0.828	0.887	8.653E-01	7.103E-01	7.690E-01	5.998E-06	289
egfr-bridge-id1104	8fwd-assembly1_2	0.484	97	145	100	0.669	0.970	9.308E-01	6.309E-01	8.960E-01	1.611E-05	288
egfr-bridge-id1104	3q4a-assembly1_B	0.275	120	145	132	0.821	0.909	8.493E-01	7.037E-01	7.669E-01	6.301E-06	288
egfr-bridge-id1104	5lyp-assembly1_A	0.286	129	145	137	0.890	0.927	8.395E-01	7.382E-01	7.779E-01	4.040E-06	288
egfr-bridge-id1104	4rg6-assembly1_A	0.327	113	145	474	0.772	0.238	9.079E-01	7.075E-01	2.272E-01	9.355E-06	288
egfr-bridge-id1104	3r9a-assembly1_D	0.251	135	145	292	0.917	0.462	8.433E-01	7.752E-01	4.075E-01	5.708E-06	287
egfr-bridge-id1104	3asf-assembly1_A	0.250	120	145	174	0.828	0.690	8.521E-01	7.128E-01	6.035E-01	7.678E-06	286
egfr-bridge-id1104	8ei0-assembly1_A	0.277	119	145	132	0.814	0.902	8.649E-01	7.097E-01	7.742E-01	1.033E-05	285
egfr-bridge-id1104	1fch-assembly2_B	0.248	137	145	297	0.931	0.461	8.364E-01	7.789E-01	4.038E-01	6.301E-06	285
egfr-bridge-id1104	3cvq-assembly1_A	0.240	133	145	289	0.917	0.446	8.524E-01	7.608E-01	4.020E-01	7.678E-06	284
egfr-bridge-id1104	8os1-assembly2_A	0.223	139	145	299	0.897	0.462	8.349E-01	7.513E-01	3.850E-01	7.308E-06	283
egfr-bridge-id1104	3cvn-assembly1_A	0.240	137	145	300	0.897	0.443	8.179E-01	7.339E-01	3.717E-01	5.708E-06	283
egfr-bridge-id1104	3cvl-assembly1_A	0.274	124	145	294	0.855	0.418	8.802E-01	7.506E-01	3.861E-01	1.033E-05	282
egfr-bridge-id1104	9f8w-assembly2_B	0.230	143	145	319	0.917	0.442	7.992E-01	7.355E-01	3.591E-01	4.459E-06	282
egfr-bridge-id1104	6q6h-assembly1_J	0.278	147	145	496	0.897	0.296	7.964E-01	7.132E-01	2.208E-01	3.004E-06	282
egfr-bridge-id1104	5fzq-assembly1_B	0.382	102	145	105	0.703	0.971	8.868E-01	6.365E-01	8.562E-01	6.301E-06	281
egfr-bridge-id1104	5fzr-assembly2_D	0.382	102	145	105	0.703	0.971	8.595E-01	6.215E-01	8.305E-01	4.459E-06	280
egfr-bridge-id1104	4rg9-assembly1_A	0.327	113	145	471	0.772	0.240	9.053E-01	7.058E-01	2.283E-01	1.611E-05	280
egfr-bridge-id1104	7yeh-assembly1_A	0.360	147	145	1020	0.917	0.143	7.702E-01	7.058E-01	1.104E-01	3.315E-06	280
egfr-bridge-id1104	4kyo-assembly1_D	0.251	139	145	285	0.931	0.484	8.325E-01	7.757E-01	4.171E-01	7.678E-06	279
egfr-bridge-id1104	9gag-assembly1_A	0.227	154	145	297	1.000	0.519	7.981E-01	7.934E-01	4.174E-01	6.620E-06	279
egfr-bridge-id1104	2j9q-assembly1_A	0.242	140	145	300	0.938	0.467	8.048E-01	7.554E-01	3.927E-01	5.708E-06	279
egfr-bridge-id1104	2c0m-assembly4_F	0.241	145	145	302	0.931	0.477	7.971E-01	7.435E-01	3.812E-01	5.433E-06	279
egfr-bridge-id1104	4ui9-assembly1_P	0.241	112	145	491	0.772	0.228	9.334E-01	7.256E-01	2.225E-01	3.216E-05	278
egfr-bridge-id1104	4xi0-assembly1_E	0.300	123	145	177	0.848	0.695	8.919E-01	7.608E-01	6.321E-01	1.963E-05	277
egfr-bridge-id1104	3upv-assembly1_A	0.300	120	145	125	0.814	0.960	8.634E-01	7.078E-01	8.122E-01	1.198E-05	276
egfr-bridge-id1104	8fyu-assembly2_A	0.277	119	145	126	0.814	0.944	8.664E-01	7.109E-01	8.094E-01	1.692E-05	276
egfr-bridge-id1104	1fch-assembly1_A	0.250	136	145	302	0.917	0.450	8.340E-01	7.669E-01	3.906E-01	9.355E-06	276
egfr-bridge-id1104	9f8w-assembly1_A	0.239	138	145	313	0.897	0.441	8.117E-01	7.327E-01	3.651E-01	9.355E-06	275
egfr-bridge-id1104	9gaw-assembly1_P	0.238	147	145	491	0.917	0.297	7.987E-01	7.301E-01	2.256E-01	6.955E-06	275
egfr-bridge-id1104	3sz7-assembly1_A	0.288	118	145	151	0.814	0.768	8.553E-01	6.904E-01	6.649E-01	1.085E-05	274
egfr-bridge-id1104	2j9q-assembly1_B	0.229	144	145	269	0.931	0.535	8.448E-01	7.863E-01	4.447E-01	1.322E-05	274
egfr-bridge-id1104	4kxk-assembly1_D	0.244	139	145	288	0.917	0.483	8.310E-01	7.630E-01	4.051E-01	9.355E-06	274
egfr-bridge-id1104	3r9a-assembly1_B	0.242	140	145	289	0.917	0.484	8.333E-01	7.651E-01	4.034E-01	1.033E-05	273
egfr-bridge-id1104	4ui9-assembly1_K	0.191	115	145	493	0.793	0.233	8.970E-01	7.198E-01	2.244E-01	2.914E-05	272
egfr-bridge-id1104	9gaw-assembly1_J	0.238	147	145	499	0.917	0.293	7.979E-01	7.294E-01	2.219E-01	8.066E-06	272
egfr-bridge-id1104	8dth-assembly1_A	0.284	144	145	736	0.945	0.190	6.745E-01	6.290E-01	1.545E-01	9.644E-07	272
egfr-bridge-id1104	5g05-assembly1_H	0.238	147	145	488	0.917	0.299	7.958E-01	7.274E-01	2.267E-01	8.475E-06	270
egfr-bridge-id1104	3cvp-assembly1_A	0.250	152	145	279	0.959	0.534	7.867E-01	7.507E-01	4.043E-01	9.355E-06	269
egfr-bridge-id1104	2avp-assembly1_A	0.600	65	145	68	0.448	0.956	9.932E-01	4.436E-01	9.360E-01	5.818E-05	268
egfr-bridge-id1104	4kyo-assembly1_B	0.244	139	145	286	0.931	0.486	8.319E-01	7.760E-01	4.155E-01	1.459E-05	268
egfr-bridge-id1104	6tlj-assembly1_P	0.209	153	145	491	0.959	0.310	7.878E-01	7.521E-01	2.370E-01	1.033E-05	268
egfr-bridge-id1104	2c0l-assembly1_A	0.231	147	145	292	0.938	0.497	8.278E-01	7.759E-01	4.054E-01	1.692E-05	266
egfr-bridge-id1104	6q6h-assembly1_P	0.270	148	145	484	0.917	0.304	7.633E-01	6.989E-01	2.236E-01	5.998E-06	266
egfr-bridge-id1104	5g04-assembly1_F	0.237	156	145	498	0.979	0.311	7.850E-01	7.645E-01	2.355E-01	1.085E-05	265
egfr-bridge-id1104	8ye5-assembly1_B	0.254	118	145	119	0.814	0.950	8.395E-01	6.660E-01	7.956E-01	2.276E-05	264
egfr-bridge-id1104	5lfl-assembly6_F	0.213	150	145	178	0.945	0.843	7.671E-01	7.237E-01	6.007E-01	8.066E-06	264
egfr-bridge-id1104	5a31-assembly1_F	0.224	156	145	498	0.979	0.311	7.718E-01	7.516E-01	2.326E-01	1.140E-05	264
egfr-bridge-id1104	8ye5-assembly1_A	0.241	120	145	125	0.828	0.944	8.227E-01	6.766E-01	7.747E-01	1.778E-05	263
egfr-bridge-id1104	3esk-assembly1_A	0.269	126	145	128	0.821	0.945	8.569E-01	7.067E-01	7.942E-01	3.061E-05	263
egfr-bridge-id1104	4eqf-assembly1_A	0.227	123	145	281	0.848	0.423	8.657E-01	7.166E-01	3.859E-01	2.773E-05	262
egfr-bridge-id1104	3as5-assembly2_B	0.243	115	145	169	0.793	0.680	8.604E-01	6.924E-01	6.022E-01	3.919E-05	259
egfr-bridge-id1104	8a61-assembly1_F	0.281	149	145	502	0.931	0.295	7.760E-01	7.202E-01	2.216E-01	1.459E-05	259
egfr-bridge-id1104	7ntf-assembly1_A	0.361	144	145	918	0.897	0.156	7.683E-01	6.889E-01	1.190E-01	8.066E-06	259
egfr-bridge-id1104	5djs-assembly1_A	0.239	117	145	520	0.766	0.217	9.106E-01	6.989E-01	2.012E-01	8.221E-05	254
egfr-bridge-id1104	1elw-assembly1_A	0.237	122	145	117	0.841	0.983	8.881E-01	7.104E-01	8.671E-01	5.271E-05	253
egfr-bridge-id1104	3as4-assembly1_A	0.241	112	145	170	0.772	0.659	8.288E-01	6.536E-01	5.663E-01	3.919E-05	253
egfr-bridge-id1104	4cgv-assembly4_D	0.229	122	145	123	0.841	0.959	8.510E-01	7.000E-01	8.132E-01	4.545E-05	252
egfr-bridge-id1104	6gxz-assembly2_C	0.278	115	145	156	0.793	0.712	8.361E-01	6.500E-01	6.078E-01	3.216E-05	252
egfr-bridge-id1104	8gi0-assembly1_E	0.215	139	145	303	0.890	0.452	8.239E-01	7.358E-01	3.725E-01	2.512E-05	250
egfr-bridge-id1104	5jjt-assembly1_A	0.229	122	145	471	0.841	0.244	9.149E-01	7.304E-01	2.353E-01	9.075E-05	250
egfr-bridge-id1104	4cgv-assembly3_C	0.229	122	145	126	0.841	0.937	8.372E-01	6.890E-01	7.830E-01	5.017E-05	249
egfr-bridge-id1104	9gaw-assembly1_K	0.196	117	145	518	0.807	0.226	8.955E-01	7.304E-01	2.174E-01	1.162E-04	249
egfr-bridge-id1104	8pkp-assembly1_V	0.206	155	145	534	0.972	0.288	7.953E-01	7.691E-01	2.217E-01	3.550E-05	249
egfr-bridge-id1104	3ash-assembly2_B	0.241	112	145	172	0.772	0.651	8.075E-01	6.395E-01	5.494E-01	4.545E-05	248
egfr-bridge-id1104	8gh3-assembly1_F	0.223	143	145	254	0.972	0.547	8.212E-01	7.847E-01	4.683E-01	3.061E-05	248
egfr-bridge-id1104	6gxz-assembly1_A	0.278	115	145	149	0.793	0.745	8.380E-01	6.512E-01	6.351E-01	4.775E-05	247
egfr-bridge-id1104	3as5-assembly1_A	0.241	120	145	183	0.828	0.645	7.973E-01	6.617E-01	5.379E-01	3.730E-05	247
egfr-bridge-id1104	6vbv-assembly1_4	0.212	132	145	391	0.910	0.327	8.513E-01	7.534E-01	2.984E-01	7.448E-05	247
egfr-bridge-id1104	8pkp-assembly1_U	0.200	155	145	503	0.972	0.306	7.404E-01	7.165E-01	2.249E-01	2.640E-05	246
egfr-bridge-id1104	1wm5-assembly1_A	0.192	135	145	205	0.821	0.634	8.674E-01	7.159E-01	5.163E-01	8.637E-05	245
egfr-bridge-id1104	4cgw-assembly2_B	0.315	95	145	108	0.655	0.880	9.379E-01	6.212E-01	8.227E-01	1.812E-04	244
egfr-bridge-id1104	2c2l-assembly4_D	0.275	120	145	281	0.821	0.427	8.420E-01	7.002E-01	3.799E-01	7.089E-05	244
egfr-bridge-id1104	8tau-assembly1_P	0.270	148	145	496	0.917	0.296	7.584E-01	6.951E-01	2.180E-01	2.062E-05	243
egfr-bridge-id1104	2nc9-assembly1_A	0.269	126	145	131	0.821	0.924	8.341E-01	6.903E-01	7.577E-01	5.017E-05	242
egfr-bridge-id1104	6zbk-assembly1_A	0.217	115	145	117	0.793	0.949	8.741E-01	6.763E-01	8.257E-01	1.106E-04	241
egfr-bridge-id1104	5l9t-assembly1_C	0.206	155	145	475	0.972	0.324	7.808E-01	7.557E-01	2.469E-01	4.545E-05	241
egfr-bridge-id1104	5jjt-assembly2_B	0.241	120	145	479	0.828	0.242	9.151E-01	7.367E-01	2.337E-01	1.725E-04	241
egfr-bridge-id1104	4rg7-assembly1_B	0.276	134	145	467	0.910	0.276	8.101E-01	7.213E-01	2.373E-01	5.538E-05	240
egfr-bridge-id1104	5khr-assembly1_C	0.209	153	145	468	0.959	0.325	7.678E-01	7.339E-01	2.456E-01	3.919E-05	240
egfr-bridge-id1104	8tau-assembly1_V	0.210	128	145	534	0.876	0.240	8.552E-01	7.539E-01	2.228E-01	1.052E-04	240
egfr-bridge-id1104	2vgx-assembly1_B	0.194	118	145	145	0.814	0.814	8.647E-01	7.110E-01	7.110E-01	1.282E-04	239
egfr-bridge-id1104	2c2l-assembly3_C	0.279	118	145	281	0.807	0.420	8.358E-01	6.837E-01	3.715E-01	1.002E-04	239
egfr-bridge-id1104	7dhg-assembly1_C	0.229	144	145	470	0.938	0.296	8.282E-01	7.758E-01	2.578E-01	7.448E-05	239
egfr-bridge-id1104	6voa-assembly1_F	0.220	118	145	475	0.814	0.240	8.319E-01	6.671E-01	2.223E-01	8.221E-05	239
egfr-bridge-id1104	6hpg-assembly1_A	0.245	118	145	121	0.814	0.909	8.733E-01	6.695E-01	7.928E-01	1.106E-04	238
egfr-bridge-id1104	3fp3-assembly1_A	0.221	113	145	498	0.779	0.227	8.460E-01	6.743E-01	2.139E-01	1.221E-04	238
egfr-bridge-id1104	4gcn-assembly2_B	0.254	122	145	127	0.793	0.929	8.402E-01	6.723E-01	7.604E-01	1.052E-04	237
egfr-bridge-id1104	2q7f-assembly2_B	0.235	153	145	194	0.959	0.784	6.674E-01	6.392E-01	4.953E-01	1.533E-05	237
egfr-bridge-id1104	7kdt-assembly1_A	0.223	139	145	467	0.931	0.278	8.316E-01	7.470E-01	2.490E-01	9.075E-05	237
egfr-bridge-id1104	1a17-assembly1_A	0.241	120	145	159	0.828	0.730	8.754E-01	7.093E-01	6.516E-01	1.562E-04	236
egfr-bridge-id1104	3asg-assembly1_A	0.233	120	145	182	0.828	0.648	7.861E-01	6.518E-01	5.327E-01	6.747E-05	235
egfr-bridge-id1104	1e96-assembly1_B	0.290	100	145	185	0.690	0.524	9.401E-01	6.350E-01	5.021E-01	2.437E-04	235
egfr-bridge-id1104	8pkp-assembly1_J	0.304	141	145	476	0.924	0.290	7.846E-01	7.240E-01	2.367E-01	3.919E-05	235
egfr-bridge-id1104	5a31-assembly1_C	0.206	155	145	524	0.972	0.294	7.808E-01	7.557E-01	2.247E-01	6.422E-05	235
egfr-bridge-id1104	6q3q-assembly1_B	0.237	118	145	121	0.814	0.942	8.249E-01	6.588E-01	7.757E-01	9.534E-05	234
egfr-bridge-id1104	8tar-assembly1_U	0.206	155	145	540	0.972	0.285	7.527E-01	7.285E-01	2.134E-01	5.818E-05	234
egfr-bridge-id1104	6tm5-assembly1_P	0.232	116	145	492	0.800	0.236	8.939E-01	7.219E-01	2.253E-01	2.320E-04	232
egfr-bridge-id1104	3fwv-assembly2_B	0.253	126	145	128	0.821	0.945	8.189E-01	6.793E-01	7.609E-01	1.162E-04	231
egfr-bridge-id1104	4j8e-assembly1_A	0.234	98	145	119	0.676	0.824	9.324E-01	6.377E-01	7.694E-01	3.444E-04	230
egfr-bridge-id1104	4am9-assembly1_A	0.204	122	145	131	0.800	0.908	8.368E-01	6.733E-01	7.407E-01	1.221E-04	230
egfr-bridge-id1104	3uq3-assembly1_A	0.279	136	145	258	0.876	0.527	8.088E-01	7.097E-01	4.123E-01	8.221E-05	230
egfr-bridge-id1104	6q6h-assembly1_U	0.200	155	145	515	0.972	0.299	7.769E-01	7.517E-01	2.271E-01	1.052E-04	230
egfr-bridge-id1104	9gaw-assembly1_U	0.206	155	145	488	0.972	0.316	6.880E-01	6.658E-01	2.201E-01	3.730E-05	229
egfr-bridge-id1104	8a61-assembly1_H	0.278	151	145	505	0.945	0.297	7.729E-01	7.278E-01	2.239E-01	8.221E-05	229
egfr-bridge-id1104	5dse-assembly2_C	0.233	133	145	712	0.821	0.185	7.114E-01	5.923E-01	1.355E-01	2.640E-05	229
egfr-bridge-id1104	2vgy-assembly1_A-2	0.217	124	145	132	0.807	0.909	8.746E-01	7.081E-01	7.741E-01	2.101E-04	228
egfr-bridge-id1104	3asd-assembly1_A	0.241	112	145	137	0.772	0.818	8.009E-01	6.290E-01	6.619E-01	1.002E-04	228
egfr-bridge-id1104	2e2e-assembly1_B	0.242	136	145	171	0.897	0.772	7.948E-01	7.174E-01	6.200E-01	7.089E-05	228
egfr-bridge-id1104	4rg9-assembly1_B	0.302	139	145	472	0.924	0.288	7.778E-01	7.188E-01	2.380E-01	5.818E-05	228
egfr-bridge-id1104	3lca-assembly1_A	0.221	113	145	482	0.779	0.234	8.364E-01	6.666E-01	2.196E-01	1.904E-04	228
egfr-bridge-id1104	1elw-assembly2_B	0.221	113	145	115	0.779	0.948	8.804E-01	6.703E-01	8.310E-01	2.208E-04	226
egfr-bridge-id1104	5l9u-assembly1_P	0.206	150	145	425	0.938	0.351	7.047E-01	6.593E-01	2.457E-01	4.545E-05	226
egfr-bridge-id1104	4gco-assembly1_A	0.225	120	145	120	0.828	0.967	8.514E-01	6.904E-01	8.192E-01	1.904E-04	225
egfr-bridge-id1104	2xcb-assembly1_A	0.250	124	145	133	0.828	0.902	8.467E-01	7.050E-01	7.640E-01	2.101E-04	225
egfr-bridge-id1104	5g05-assembly1_K	0.187	139	145	493	0.897	0.274	7.929E-01	7.144E-01	2.322E-01	1.221E-04	225
egfr-bridge-id1104	8a61-assembly1_D	0.177	158	145	560	0.979	0.282	7.774E-01	7.575E-01	2.126E-01	7.825E-05	225
egfr-bridge-id1104	4nrh-assembly2_B	0.134	119	145	170	0.821	0.676	8.574E-01	6.894E-01	5.959E-01	2.320E-04	224
egfr-bridge-id1104	3hym-assembly10_L	0.160	156	145	299	0.938	0.522	7.867E-01	7.371E-01	3.771E-01	1.106E-04	224
egfr-bridge-id1104	3hym-assembly10_H	0.188	122	145	302	0.841	0.404	8.834E-01	7.500E-01	3.782E-01	5.113E-04	224
egfr-bridge-id1104	2vgx-assembly1_A	0.190	121	145	134	0.834	0.873	8.680E-01	7.051E-01	7.593E-01	2.561E-04	223
egfr-bridge-id1104	8gft-assembly1_E	0.250	120	145	459	0.828	0.253	8.278E-01	6.721E-01	2.312E-01	1.725E-04	223
egfr-bridge-id1104	6i57-assembly1_A	0.170	123	145	125	0.848	0.952	8.397E-01	6.971E-01	7.973E-01	2.208E-04	222
egfr-bridge-id1104	7aie-assembly1_A	0.243	144	145	207	0.848	0.696	7.913E-01	6.799E-01	4.955E-01	9.534E-05	222
egfr-bridge-id1104	4r7s-assembly1_A	0.250	136	145	256	0.917	0.500	8.213E-01	7.306E-01	4.347E-01	1.725E-04	222
egfr-bridge-id1104	3u4t-assembly2_B	0.200	155	145	258	0.952	0.597	7.310E-01	6.949E-01	4.115E-01	5.271E-05	222
egfr-bridge-id1104	6xt9-assembly1_H	0.229	122	145	398	0.841	0.296	8.123E-01	6.746E-01	2.679E-01	1.221E-04	222
egfr-bridge-id1104	2gw1-assembly1_B	0.252	115	145	487	0.793	0.236	8.472E-01	6.861E-01	2.226E-01	2.970E-04	221
egfr-bridge-id1104	7kw7-assembly1_E	0.257	136	145	327	0.890	0.404	7.695E-01	6.859E-01	3.219E-01	1.002E-04	220
egfr-bridge-id1104	3fp2-assembly1_A	0.221	113	145	483	0.779	0.234	8.424E-01	6.711E-01	2.198E-01	3.278E-04	220
egfr-bridge-id1104	5g05-assembly1_C	0.205	151	145	524	0.945	0.286	7.624E-01	7.180E-01	2.135E-01	1.347E-04	220
egfr-bridge-id1104	7aie-assembly4_D	0.243	144	145	205	0.848	0.702	7.857E-01	6.772E-01	4.972E-01	1.002E-04	219
egfr-bridge-id1104	6fdp-assembly1_A	0.282	117	145	120	0.807	0.942	8.258E-01	6.561E-01	7.764E-01	2.208E-04	218
egfr-bridge-id1104	6fdt-assembly1_A	0.280	114	145	120	0.786	0.917	8.205E-01	6.364E-01	7.531E-01	1.642E-04	218
egfr-bridge-id1104	2pl2-assembly1_B	0.191	141	145	194	0.897	0.701	8.471E-01	7.612E-01	5.814E-01	3.278E-04	218
egfr-bridge-id1104	6q6g-assembly1_K	0.176	142	145	518	0.917	0.266	7.996E-01	7.356E-01	2.282E-01	2.970E-04	217
egfr-bridge-id1104	2xcc-assembly1_B	0.243	119	145	132	0.821	0.871	8.522E-01	6.841E-01	7.461E-01	2.826E-04	216
egfr-bridge-id1104	8gh2-assembly1_F	0.239	142	145	296	0.979	0.473	7.761E-01	7.471E-01	3.862E-01	7.448E-05	216
egfr-bridge-id1104	6fd7-assembly1_A	0.233	124	145	127	0.855	0.945	8.399E-01	7.023E-01	7.919E-01	3.278E-04	215
egfr-bridge-id1104	2xpi-assembly1_A	0.205	141	145	520	0.952	0.271	8.272E-01	7.862E-01	2.418E-01	5.113E-04	215
egfr-bridge-id1104	7y4i-assembly1_A	0.272	187	145	822	0.897	0.227	4.702E-01	4.205E-01	9.173E-02	1.175E-06	215
egfr-bridge-id1104	6af0-assembly1_A	0.228	166	145	905	0.945	0.182	6.980E-01	6.632E-01	1.332E-01	5.818E-05	215
egfr-bridge-id1104	8wej-assembly1_D	0.274	102	145	219	0.703	0.452	9.423E-01	6.487E-01	4.354E-01	7.591E-04	214
egfr-bridge-id1104	5g05-assembly1_F	0.302	139	145	460	0.924	0.296	7.772E-01	7.175E-01	2.425E-01	1.487E-04	214
egfr-bridge-id1104	4ja7-assembly1_A	0.250	120	145	466	0.828	0.249	8.541E-01	6.935E-01	2.331E-01	4.866E-04	214
egfr-bridge-id1104	6bq1-assembly1_B	0.233	133	145	728	0.821	0.181	7.353E-01	6.086E-01	1.343E-01	8.221E-05	214
egfr-bridge-id1104	3wxx-assembly2_C	0.222	117	145	150	0.807	0.753	8.663E-01	6.834E-01	6.621E-01	4.866E-04	213
egfr-bridge-id1104	1hh8-assembly1_A	0.182	159	145	192	0.924	0.802	7.825E-01	7.223E-01	5.570E-01	2.208E-04	213
egfr-bridge-id1104	7ai4-assembly1_A	0.234	158	145	243	0.917	0.634	7.965E-01	7.332E-01	4.596E-01	1.904E-04	213
egfr-bridge-id1104	3edt-assembly3_H	0.238	151	145	254	0.897	0.594	7.520E-01	6.815E-01	4.182E-01	1.282E-04	213
egfr-bridge-id1104	8qca-assembly1_B	0.205	151	145	756	0.966	0.200	7.056E-01	6.829E-01	1.647E-01	7.448E-05	213
egfr-bridge-id1104	4jl0-assembly2_B	0.243	119	145	124	0.821	0.927	8.617E-01	6.904E-01	7.975E-01	4.409E-04	212
egfr-bridge-id1104	7ai4-assembly2_B	0.215	158	145	235	0.924	0.672	7.534E-01	7.003E-01	4.606E-01	1.282E-04	212
egfr-bridge-id1104	9fef-assembly1_E	0.230	130	145	247	0.897	0.518	8.140E-01	7.231E-01	4.483E-01	2.000E-04	212
egfr-bridge-id1104	3edt-assembly2_D	0.238	151	145	255	0.897	0.592	7.508E-01	6.807E-01	4.166E-01	1.487E-04	212
egfr-bridge-id1104	3edt-assembly1_B	0.238	151	145	258	0.897	0.585	7.486E-01	6.777E-01	4.103E-01	1.282E-04	212
egfr-bridge-id1104	3sf4-assembly3_C	0.266	135	145	346	0.841	0.384	8.528E-01	7.246E-01	3.210E-01	5.929E-04	212
egfr-bridge-id1104	3fp4-assembly1_A	0.288	118	145	483	0.814	0.236	8.081E-01	6.357E-01	1.956E-01	2.561E-04	212
egfr-bridge-id1104	5g04-assembly1_J	0.183	142	145	504	0.910	0.272	8.047E-01	7.338E-01	2.306E-01	3.994E-04	212
egfr-bridge-id1104	8a61-assembly1_P	0.219	105	145	556	0.724	0.189	8.814E-01	6.501E-01	1.810E-01	4.632E-04	212
egfr-bridge-id1104	3sf4-assembly1_A	0.237	135	145	355	0.834	0.380	8.230E-01	6.949E-01	3.066E-01	4.196E-04	211
egfr-bridge-id1104	5dse-assembly1_A	0.233	133	145	537	0.821	0.246	7.139E-01	5.943E-01	1.777E-01	9.534E-05	210
egfr-bridge-id1104	4j8d-assembly2_B	0.208	120	145	159	0.828	0.723	8.331E-01	6.686E-01	6.141E-01	4.866E-04	209
egfr-bridge-id1104	8a61-assembly1_J	0.212	141	145	509	0.952	0.277	8.483E-01	8.058E-01	2.501E-01	5.929E-04	209
egfr-bridge-id1104	2ho1-assembly1_A	0.213	145	145	222	0.890	0.631	7.158E-01	6.377E-01	4.297E-01	1.106E-04	208
egfr-bridge-id1104	6y4l-assembly1_A	0.191	146	145	271	0.979	0.524	7.125E-01	6.965E-01	4.109E-01	1.562E-04	208
egfr-bridge-id1104	5khu-assembly1_F	0.284	144	145	473	0.883	0.304	7.893E-01	6.971E-01	2.276E-01	2.208E-04	208
egfr-bridge-id1104	5a31-assembly1_J	0.193	145	145	504	0.931	0.272	8.070E-01	7.510E-01	2.341E-01	6.545E-04	208
egfr-bridge-id1104	6yj6-assembly1_A	0.184	130	145	819	0.897	0.154	6.008E-01	5.336E-01	1.251E-01	3.550E-05	208
egfr-bridge-id1104	6hc2-assembly4_S	0.240	133	145	362	0.821	0.367	8.430E-01	6.998E-01	2.994E-01	5.929E-04	207
egfr-bridge-id1104	6f9i-assembly1_A	0.240	154	145	261	0.883	0.590	7.893E-01	7.008E-01	4.099E-01	2.437E-04	206
egfr-bridge-id1104	3ieg-assembly2_B	0.245	122	145	359	0.821	0.329	8.089E-01	6.662E-01	2.886E-01	5.644E-04	205
egfr-bridge-id1104	2xpi-assembly1_D	0.207	154	145	518	0.972	0.293	7.245E-01	7.014E-01	2.119E-01	2.208E-04	205
egfr-bridge-id1104	4ui9-assembly1_J	0.183	142	145	504	0.910	0.272	8.051E-01	7.344E-01	2.308E-01	6.545E-04	204
egfr-bridge-id1104	4buj-assembly2_F	0.211	151	145	1351	0.966	0.112	7.536E-01	7.272E-01	9.659E-02	2.208E-04	204
egfr-bridge-id1104	5l0y-assembly5_H	0.181	132	145	133	0.841	0.947	8.149E-01	6.919E-01	7.483E-01	5.372E-04	203
egfr-bridge-id1104	6hc2-assembly1_C	0.240	133	145	367	0.821	0.362	8.402E-01	6.975E-01	2.948E-01	7.591E-04	203
egfr-bridge-id1104	3zgq-assembly1_A	0.211	161	145	475	0.917	0.333	8.294E-01	7.640E-01	2.535E-01	6.230E-04	203
egfr-bridge-id1104	5khu-assembly1_H	0.291	137	145	479	0.917	0.280	7.921E-01	7.294E-01	2.440E-01	2.320E-04	203
egfr-bridge-id1104	6swu-assembly3_E	0.231	151	145	281	0.897	0.537	7.768E-01	7.019E-01	3.910E-01	3.120E-04	202
egfr-bridge-id1104	1wao-assembly4_4	0.250	120	145	466	0.828	0.249	8.627E-01	7.005E-01	2.346E-01	1.021E-03	202
egfr-bridge-id1104	4cgw-assembly1_A	0.286	115	145	115	0.793	0.957	8.291E-01	6.348E-01	7.884E-01	7.225E-04	201
egfr-bridge-id1104	6f9i-assembly1_B	0.251	151	145	264	0.869	0.572	7.787E-01	6.835E-01	3.961E-01	2.690E-04	201
egfr-bridge-id1104	4j0u-assembly1_A	0.209	162	145	471	0.917	0.335	8.190E-01	7.538E-01	2.529E-01	5.644E-04	201
egfr-bridge-id1104	5khu-assembly1_K	0.210	133	145	493	0.855	0.262	7.847E-01	6.780E-01	2.197E-01	2.970E-04	200
egfr-bridge-id1104	5o01-assembly2_B	0.204	161	145	254	0.834	0.630	6.743E-01	5.637E-01	3.368E-01	1.221E-04	199
egfr-bridge-id1104	6swu-assembly1_B	0.228	140	145	288	0.828	0.486	7.820E-01	6.580E-01	3.545E-01	3.444E-04	199
egfr-bridge-id1104	4g2v-assembly1_A	0.209	153	145	321	0.917	0.477	8.156E-01	7.503E-01	3.634E-01	6.877E-04	199
egfr-bridge-id1104	8tau-assembly1_S	0.190	142	145	506	0.910	0.271	7.881E-01	7.208E-01	2.271E-01	5.644E-04	199
egfr-bridge-id1104	3ceq-assembly1_A	0.238	151	145	250	0.897	0.604	7.204E-01	6.545E-01	4.091E-01	2.101E-04	198
egfr-bridge-id1104	3ceq-assembly1_B	0.236	152	145	269	0.897	0.561	7.245E-01	6.576E-01	3.862E-01	2.320E-04	198
egfr-bridge-id1104	5l0y-assembly6_F	0.175	137	145	140	0.841	0.936	8.119E-01	6.892E-01	7.116E-01	7.975E-04	197
egfr-bridge-id1104	3zfw-assembly2_B	0.258	151	145	225	0.869	0.671	8.137E-01	7.105E-01	4.741E-01	5.644E-04	197
egfr-bridge-id1104	8a5y-assembly1_K	0.227	145	145	505	0.931	0.279	7.841E-01	7.291E-01	2.240E-01	4.866E-04	197
egfr-bridge-id1104	2lni-assembly1_A	0.238	126	145	133	0.869	0.917	7.646E-01	6.562E-01	7.057E-01	3.278E-04	196
egfr-bridge-id1104	5l0y-assembly7_G	0.176	136	145	144	0.841	0.889	8.172E-01	6.921E-01	6.966E-01	9.717E-04	196
egfr-bridge-id1104	3zfw-assembly1_A	0.258	151	145	226	0.869	0.668	8.139E-01	7.106E-01	4.721E-01	5.929E-04	196
egfr-bridge-id1104	7rqf-assembly1_A	0.238	147	145	523	0.917	0.279	7.553E-01	6.934E-01	2.076E-01	3.994E-04	196
egfr-bridge-id1104	5nnp-assembly1_A	0.189	132	145	665	0.910	0.192	7.227E-01	6.479E-01	1.695E-01	3.801E-04	196
egfr-bridge-id1104	2dba-assembly1_A	0.184	125	145	148	0.841	0.797	8.328E-01	6.869E-01	6.743E-01	1.021E-03	195
egfr-bridge-id1104	5o09-assembly1_1C	0.216	166	145	238	0.862	0.693	6.807E-01	5.876E-01	3.717E-01	1.812E-04	195
egfr-bridge-id1104	7bev-assembly1_A	0.245	118	145	126	0.814	0.897	8.043E-01	6.395E-01	7.246E-01	7.225E-04	194
egfr-bridge-id1104	2vq2-assembly1_A-2	0.202	148	145	220	0.897	0.645	7.306E-01	6.564E-01	4.446E-01	2.561E-04	194
egfr-bridge-id1104	8re8-assembly1_A	0.211	123	145	429	0.828	0.284	8.046E-01	6.769E-01	2.504E-01	8.803E-04	194
egfr-bridge-id1104	7v6q-assembly2_H	0.203	167	145	200	0.945	0.835	7.990E-01	7.549E-01	5.649E-01	7.975E-04	193
egfr-bridge-id1104	6swu-assembly3_F	0.208	158	145	281	0.924	0.562	7.702E-01	7.148E-01	3.984E-01	5.113E-04	193
egfr-bridge-id1104	5aio-assembly1_A	0.184	130	145	415	0.897	0.304	6.053E-01	5.409E-01	2.282E-01	1.052E-04	193
egfr-bridge-id1104	7x9r-assembly1_A	0.177	163	145	448	0.938	0.362	7.221E-01	6.761E-01	2.375E-01	3.120E-04	193
egfr-bridge-id1104	8ggd-assembly1_E	0.217	152	145	275	0.993	0.553	7.850E-01	7.755E-01	4.374E-01	4.632E-04	192
egfr-bridge-id1104	6swu-assembly1_A	0.219	141	145	294	0.828	0.476	7.926E-01	6.651E-01	3.502E-01	5.929E-04	192
egfr-bridge-id1104	3ro2-assembly1_A	0.239	138	145	328	0.841	0.415	8.355E-01	7.090E-01	3.310E-01	1.184E-03	192
egfr-bridge-id1104	7dkh-assembly2_E	0.215	153	145	913	0.897	0.168	7.781E-01	7.042E-01	1.314E-01	5.113E-04	192
egfr-bridge-id1104	7qdy-assembly1_B	0.232	155	145	1212	0.945	0.128	7.145E-01	6.727E-01	9.177E-02	2.690E-04	192
egfr-bridge-id1104	5l0y-assembly4_D	0.169	136	145	150	0.841	0.873	8.123E-01	6.903E-01	6.694E-01	1.184E-03	191
egfr-bridge-id1104	9cpc-assembly1_1D	0.127	118	145	211	0.814	0.536	8.665E-01	6.827E-01	4.818E-01	1.847E-03	191
egfr-bridge-id1104	3nf1-assembly1_A	0.236	144	145	283	0.848	0.509	7.991E-01	6.868E-01	3.751E-01	7.225E-04	191
egfr-bridge-id1104	4wng-assembly1_A	0.192	182	145	330	0.993	0.548	7.283E-01	7.195E-01	3.324E-01	4.409E-04	191
egfr-bridge-id1104	5jqy-assembly1_A	0.214	98	145	429	0.676	0.228	8.808E-01	6.109E-01	2.181E-01	1.443E-03	191
egfr-bridge-id1104	8xup-assembly1_B	0.198	156	145	260	0.952	0.581	7.345E-01	6.972E-01	4.062E-01	5.929E-04	189
egfr-bridge-id1104	5a7d-assembly4_D	0.209	148	145	345	0.924	0.414	7.710E-01	7.143E-01	3.266E-01	8.379E-04	189
egfr-bridge-id1104	5l0w-assembly1_B	0.165	133	145	209	0.821	0.617	8.290E-01	6.871E-01	4.908E-01	1.592E-03	188
egfr-bridge-id1104	4i9e-assembly1_B	0.189	116	145	383	0.710	0.303	9.120E-01	6.558E-01	2.579E-01	3.180E-03	188
egfr-bridge-id1104	5w5i-assembly1_C	0.225	155	145	436	0.945	0.337	7.946E-01	7.502E-01	2.685E-01	9.717E-04	188
egfr-bridge-id1104	8tau-assembly1_K	0.181	138	145	531	0.890	0.252	7.980E-01	7.144E-01	2.158E-01	1.307E-03	188
egfr-bridge-id1104	8sxg-assembly1_C	0.246	146	145	532	0.910	0.273	7.730E-01	7.051E-01	2.077E-01	9.717E-04	188
egfr-bridge-id1104	8j8p-assembly1_C	0.176	164	145	906	0.966	0.181	7.903E-01	7.612E-01	1.415E-01	8.379E-04	188
egfr-bridge-id1104	5l0y-assembly3_C	0.166	138	145	150	0.841	0.880	8.073E-01	6.858E-01	6.649E-01	1.516E-03	187
egfr-bridge-id1104	3sf4-assembly2_B	0.225	155	145	350	0.959	0.443	7.790E-01	7.479E-01	3.397E-01	1.307E-03	187
egfr-bridge-id1104	5l9t-assembly1_Y	0.193	155	145	416	0.966	0.370	7.138E-01	6.874E-01	2.616E-01	6.877E-04	187
egfr-bridge-id1104	8j07-assembly1_u9	0.126	119	145	204	0.821	0.559	8.547E-01	6.807E-01	4.973E-01	2.250E-03	186
egfr-bridge-id1104	6q6g-assembly1_Z	0.200	135	145	486	0.931	0.270	8.501E-01	7.713E-01	2.512E-01	2.364E-03	186
egfr-bridge-id1104	9b9g-assembly1_D	0.233	133	145	578	0.821	0.228	7.073E-01	5.880E-01	1.640E-01	2.970E-04	186
egfr-bridge-id1104	2bug-assembly1_A	0.250	120	145	131	0.828	0.885	8.297E-01	6.748E-01	7.384E-01	1.847E-03	184
egfr-bridge-id1104	5l0y-assembly2_B	0.198	136	145	149	0.841	0.886	8.029E-01	6.844E-01	6.679E-01	1.516E-03	184
egfr-bridge-id1104	6ejn-assembly1_B	0.207	159	145	267	0.924	0.592	7.346E-01	6.842E-01	4.029E-01	7.225E-04	184
egfr-bridge-id1104	5fjy-assembly2_C-2	0.243	144	145	267	0.828	0.539	7.678E-01	6.486E-01	3.770E-01	8.803E-04	184
egfr-bridge-id1104	8hmd-assembly1_C	0.202	173	145	1334	0.924	0.129	7.431E-01	6.860E-01	8.554E-02	1.184E-03	184
egfr-bridge-id1104	6ejn-assembly1_A	0.207	159	145	271	0.924	0.583	7.488E-01	6.967E-01	4.044E-01	8.379E-04	183
egfr-bridge-id1104	4wnd-assembly1_A	0.215	172	145	329	0.938	0.523	7.284E-01	6.828E-01	3.208E-01	7.591E-04	183
egfr-bridge-id1104	7v6q-assembly1_D	0.206	179	145	212	0.945	0.844	8.011E-01	7.562E-01	5.353E-01	1.758E-03	182
egfr-bridge-id1104	4wnf-assembly1_A	0.213	150	145	255	0.807	0.588	8.288E-01	6.767E-01	4.023E-01	2.039E-03	182
egfr-bridge-id1104	6swu-assembly2_D	0.216	157	145	287	0.945	0.537	7.414E-01	7.018E-01	3.859E-01	7.975E-04	182
egfr-bridge-id1104	8pkp-assembly1_Y	0.182	148	145	499	0.924	0.297	7.372E-01	6.809E-01	2.158E-01	1.373E-03	182
egfr-bridge-id1104	5khu-assembly1_J	0.187	133	145	504	0.917	0.262	8.515E-01	7.756E-01	2.417E-01	3.180E-03	182
egfr-bridge-id1104	6c95-assembly1_A	0.172	133	145	773	0.910	0.172	7.712E-01	7.091E-01	1.569E-01	1.592E-03	182
egfr-bridge-id1104	7axy-assembly1_B	0.193	119	145	136	0.821	0.816	8.355E-01	6.548E-01	6.935E-01	1.847E-03	181
egfr-bridge-id1104	4a1s-assembly1_B	0.209	153	145	342	0.945	0.447	7.672E-01	7.260E-01	3.386E-01	1.758E-03	181
egfr-bridge-id1104	1ihg-assembly1_A	0.208	134	145	364	0.814	0.357	7.853E-01	6.487E-01	2.793E-01	1.244E-03	181
egfr-bridge-id1104	4j8f-assembly1_A	0.209	124	145	551	0.828	0.216	7.871E-01	6.497E-01	1.879E-01	1.592E-03	181
egfr-bridge-id1104	5mgx-assembly3_G	0.214	140	145	266	0.841	0.511	7.500E-01	6.403E-01	3.728E-01	1.184E-03	180
egfr-bridge-id1104	5a6c-assembly2_A	0.215	172	145	363	0.938	0.474	7.382E-01	6.914E-01	2.948E-01	1.021E-03	180
egfr-bridge-id1104	5khu-assembly1_P	0.211	151	145	442	0.945	0.339	7.613E-01	7.189E-01	2.519E-01	1.443E-03	180
egfr-bridge-id1104	7xn7-assembly1_q	0.250	148	145	930	0.952	0.156	7.308E-01	6.969E-01	1.310E-01	8.803E-04	180
egfr-bridge-id1104	4i1a-assembly3_A	0.194	149	145	274	0.910	0.544	7.781E-01	7.119E-01	4.033E-01	1.244E-03	179
egfr-bridge-id1104	4wne-assembly1_A	0.192	182	145	326	0.993	0.555	7.260E-01	7.166E-01	3.353E-01	1.073E-03	179
egfr-bridge-id1104	8ffv-assembly1_D	0.218	151	145	409	0.938	0.333	6.965E-01	6.540E-01	2.525E-01	6.877E-04	179
egfr-bridge-id1104	5w5i-assembly1_A	0.248	149	145	430	0.945	0.328	7.859E-01	7.412E-01	2.703E-01	1.307E-03	179
egfr-bridge-id1104	5nnp-assembly2_E	0.170	147	145	658	0.917	0.211	6.655E-01	6.142E-01	1.546E-01	4.632E-04	179
egfr-bridge-id1104	8q9t-assembly1_E	0.205	141	145	1060	0.814	0.132	7.090E-01	5.795E-01	8.969E-02	7.225E-04	179
egfr-bridge-id1104	4y6c-assembly1_A-2	0.147	183	145	212	0.945	0.858	6.874E-01	6.502E-01	4.635E-01	5.372E-04	178
egfr-bridge-id1104	7ado-assembly1_B	0.225	133	145	275	0.897	0.469	6.604E-01	5.983E-01	3.533E-01	2.826E-04	178
egfr-bridge-id1104	5aem-assembly1_A	0.171	146	145	407	0.924	0.349	5.859E-01	5.478E-01	2.290E-01	1.812E-04	178
egfr-bridge-id1104	4g1t-assembly1_B	0.201	129	145	429	0.772	0.296	7.883E-01	6.277E-01	2.341E-01	1.373E-03	178
egfr-bridge-id1104	7zr6-assembly1_P	0.250	120	145	441	0.828	0.263	7.964E-01	6.482E-01	2.357E-01	1.307E-03	178
egfr-bridge-id1104	7ep7-assembly1_A	0.269	115	145	327	0.710	0.352	8.994E-01	6.466E-01	2.968E-01	4.493E-03	177
egfr-bridge-id1104	4g1t-assembly1_A	0.202	143	145	426	0.897	0.331	7.030E-01	6.358E-01	2.499E-01	7.225E-04	177
egfr-bridge-id1104	8qcb-assembly1_B	0.205	141	145	644	0.814	0.217	7.221E-01	5.928E-01	1.449E-01	8.803E-04	177
egfr-bridge-id1104	7tj4-assembly2_C	0.185	113	145	122	0.779	0.893	8.210E-01	6.355E-01	7.392E-01	2.142E-03	176
egfr-bridge-id1104	7azv-assembly1_B	0.193	119	145	133	0.821	0.835	8.413E-01	6.576E-01	7.107E-01	2.742E-03	176
egfr-bridge-id1104	7ayw-assembly1_A	0.203	118	145	138	0.814	0.797	8.289E-01	6.394E-01	6.690E-01	2.039E-03	176
egfr-bridge-id1104	8clk-assembly1_D	0.173	121	145	457	0.766	0.265	7.946E-01	6.254E-01	2.192E-01	2.039E-03	176
egfr-bridge-id1104	5udj-assembly1_A	0.222	162	145	460	0.938	0.335	7.930E-01	7.425E-01	2.529E-01	2.250E-03	176
egfr-bridge-id1104	6q6h-assembly1_V	0.188	186	145	530	0.952	0.336	5.448E-01	5.162E-01	1.616E-01	4.545E-05	176
egfr-bridge-id1104	9bax-assembly1_F	0.233	133	145	592	0.821	0.223	6.605E-01	5.499E-01	1.527E-01	4.196E-04	176
egfr-bridge-id1104	5nnr-assembly1_A	0.168	154	145	666	0.966	0.219	6.435E-01	6.214E-01	1.606E-01	5.113E-04	176
egfr-bridge-id1104	6ww7-assembly1_B	0.198	156	145	281	0.931	0.555	6.186E-01	5.799E-01	3.322E-01	2.320E-04	175
egfr-bridge-id1104	8j07-assembly1_d3	0.259	158	145	419	0.952	0.377	7.925E-01	7.552E-01	2.934E-01	1.184E-03	175
egfr-bridge-id1104	8re6-assembly1_A	0.177	135	145	428	0.814	0.311	7.453E-01	6.142E-01	2.241E-01	1.073E-03	175
egfr-bridge-id1104	5a31-assembly1_Y	0.193	155	145	496	0.966	0.310	7.138E-01	6.874E-01	2.222E-01	1.592E-03	175
egfr-bridge-id1104	9g8o-assembly1_B	0.230	143	145	934	0.821	0.151	6.319E-01	5.185E-01	9.658E-02	1.642E-04	175
egfr-bridge-id1104	3ro3-assembly1_A	0.244	131	145	159	0.821	0.792	8.200E-01	6.797E-01	6.248E-01	3.510E-03	174
egfr-bridge-id1104	5ojf-assembly3_C	0.245	155	145	262	0.890	0.592	7.238E-01	6.506E-01	3.864E-01	9.249E-04	174
egfr-bridge-id1104	8re7-assembly1_A	0.148	162	145	429	0.807	0.378	6.811E-01	5.541E-01	2.053E-01	6.230E-04	174
egfr-bridge-id1104	6c6k-assembly2_B	0.176	204	145	454	0.966	0.447	7.297E-01	7.011E-01	2.354E-01	1.443E-03	174
egfr-bridge-id1104	7o6s-assembly1_A	0.193	129	145	137	0.890	0.883	7.684E-01	6.489E-01	6.831E-01	1.307E-03	173
egfr-bridge-id1104	5jhe-assembly1_A-2	0.191	141	145	388	0.821	0.353	7.805E-01	6.482E-01	2.622E-01	2.142E-03	173
egfr-bridge-id1104	4y6w-assembly1_A-2	0.151	185	145	211	0.959	0.872	6.737E-01	6.450E-01	4.647E-01	6.877E-04	172
egfr-bridge-id1104	8ggh-assembly1_E	0.239	121	145	289	0.807	0.419	8.319E-01	6.808E-01	3.600E-01	1.847E-03	172
egfr-bridge-id1104	8j8q-assembly1_C	0.171	140	145	866	0.841	0.162	7.822E-01	6.665E-01	1.295E-01	1.673E-03	172
egfr-bridge-id1104	6c9m-assembly1_A	0.176	136	145	771	0.910	0.173	6.766E-01	6.257E-01	1.477E-01	1.443E-03	171
egfr-bridge-id1104	7b1u-assembly1_A	0.193	129	145	128	0.890	0.945	7.720E-01	6.506E-01	7.284E-01	1.673E-03	170
egfr-bridge-id1104	4ga1-assembly1_A	0.164	134	145	143	0.883	0.923	6.636E-01	5.906E-01	5.976E-01	7.225E-04	170
egfr-bridge-id1104	5l0y-assembly1_A	0.181	138	145	155	0.841	0.852	7.951E-01	6.769E-01	6.377E-01	3.688E-03	170
egfr-bridge-id1104	8ffw-assembly1_D	0.228	153	145	409	0.952	0.337	6.826E-01	6.486E-01	2.532E-01	9.717E-04	170
egfr-bridge-id1104	6q9i-assembly1_A	0.151	165	145	429	0.828	0.385	6.987E-01	5.824E-01	2.126E-01	9.717E-04	170
egfr-bridge-id1104	7t7t-assembly2_B	0.217	152	145	432	0.945	0.345	7.749E-01	7.317E-01	2.720E-01	4.277E-03	170
egfr-bridge-id1104	6c6k-assembly1_A	0.172	203	145	456	0.959	0.443	6.573E-01	6.274E-01	2.152E-01	8.803E-04	170
egfr-bridge-id1104	5udl-assembly1_A	0.222	162	145	460	0.938	0.335	7.937E-01	7.431E-01	2.531E-01	3.510E-03	170
egfr-bridge-id1104	8f5o-assembly1_D	0.271	107	145	1180	0.738	0.090	7.605E-01	5.814E-01	8.486E-02	2.250E-03	170
egfr-bridge-id1104	4yvo-assembly1_A	0.221	113	145	119	0.697	0.950	9.033E-01	6.373E-01	7.677E-01	8.972E-03	169
egfr-bridge-id1104	5l0y-assembly5_E	0.172	133	145	151	0.821	0.841	7.863E-01	6.525E-01	6.288E-01	3.026E-03	169
egfr-bridge-id1104	5w5h-assembly1_A	0.226	159	145	451	0.945	0.335	7.902E-01	7.463E-01	2.594E-01	3.180E-03	169
egfr-bridge-id1104	7v1m-assembly1_H	0.184	190	145	200	0.979	0.950	7.162E-01	6.995E-01	5.229E-01	1.443E-03	168
egfr-bridge-id1104	6fuz-assembly1_A	0.229	135	145	267	0.793	0.506	8.266E-01	6.662E-01	3.809E-01	3.874E-03	168
egfr-bridge-id1104	6fv0-assembly1_A	0.251	151	145	270	0.869	0.559	7.920E-01	6.952E-01	3.982E-01	3.180E-03	168
egfr-bridge-id1104	1p5q-assembly1_A	0.214	154	145	283	0.938	0.481	6.667E-01	6.245E-01	3.398E-01	8.379E-04	168
egfr-bridge-id1104	4i1a-assembly3_B	0.201	149	145	359	0.910	0.415	7.854E-01	7.187E-01	3.178E-01	2.881E-03	168
egfr-bridge-id1104	7owv-assembly1_B	0.201	129	145	140	0.883	0.864	7.809E-01	6.615E-01	6.823E-01	2.364E-03	167
egfr-bridge-id1104	7adp-assembly1_B	0.245	122	145	273	0.821	0.436	6.830E-01	5.803E-01	3.409E-01	7.225E-04	167
egfr-bridge-id1104	1kt1-assembly1_A	0.245	151	145	374	0.938	0.364	6.705E-01	6.298E-01	2.655E-01	9.249E-04	167
egfr-bridge-id1104	7n61-assembly1_1E	0.147	142	145	623	0.897	0.228	6.998E-01	6.307E-01	1.696E-01	1.592E-03	167
egfr-bridge-id1104	8qoy-assembly1_A	0.189	169	145	1036	0.917	0.160	5.396E-01	4.952E-01	9.263E-02	2.826E-04	167
egfr-bridge-id1104	2kcl-assembly1_A	0.200	90	145	99	0.607	0.909	8.407E-01	5.328E-01	7.506E-01	4.070E-03	166
egfr-bridge-id1104	3ma5-assembly1_A	0.186	86	145	90	0.579	0.956	8.104E-01	4.965E-01	7.561E-01	3.688E-03	165
egfr-bridge-id1104	7zr5-assembly1_P	0.258	120	145	429	0.828	0.270	8.307E-01	6.794E-01	2.507E-01	4.493E-03	165
egfr-bridge-id1104	7o04-assembly1_B	0.184	119	145	131	0.821	0.832	8.393E-01	6.447E-01	7.064E-01	5.475E-03	164
egfr-bridge-id1104	3rkv-assembly1_A	0.228	140	145	147	0.841	0.932	7.342E-01	6.294E-01	6.221E-01	2.881E-03	164
egfr-bridge-id1104	5a7d-assembly2_E	0.207	154	145	352	0.910	0.429	8.033E-01	7.337E-01	3.251E-01	5.475E-03	164
egfr-bridge-id1104	7qds-assembly1_B	0.230	143	145	1006	0.821	0.140	6.213E-01	5.227E-01	9.012E-02	3.278E-04	164
egfr-bridge-id1104	3ks2-assembly1_A	0.194	118	145	137	0.814	0.803	8.369E-01	6.483E-01	6.822E-01	5.475E-03	163
egfr-bridge-id1104	3gw4-assembly1_A	0.182	148	145	192	0.910	0.760	7.943E-01	7.273E-01	5.685E-01	6.349E-03	163
egfr-bridge-id1104	8qzs-assembly1_N	0.131	145	145	831	0.917	0.172	6.815E-01	6.295E-01	1.311E-01	1.758E-03	163
egfr-bridge-id1104	2kcv-assembly1_A	0.200	90	145	99	0.607	0.909	8.103E-01	5.178E-01	7.252E-01	4.070E-03	161
egfr-bridge-id1104	8gh3-assembly1_E	0.265	98	145	252	0.676	0.377	8.917E-01	5.972E-01	3.534E-01	7.736E-03	161
egfr-bridge-id1104	1qz2-assembly1_C	0.220	154	145	285	0.938	0.477	6.674E-01	6.252E-01	3.380E-01	1.373E-03	161
egfr-bridge-id1104	4jhr-assembly1_A	0.253	146	145	290	0.834	0.503	8.334E-01	7.041E-01	3.714E-01	9.426E-03	161
egfr-bridge-id1104	4zlh-assembly1_A	0.195	148	145	323	0.924	0.455	6.077E-01	5.669E-01	2.898E-01	6.877E-04	161
egfr-bridge-id1104	8rsv-assembly2_B	0.192	130	145	365	0.779	0.356	8.115E-01	6.467E-01	2.761E-01	7.363E-03	161
egfr-bridge-id1104	4jhr-assembly1_B	0.230	165	145	289	0.945	0.571	7.910E-01	7.478E-01	4.046E-01	8.128E-03	160
egfr-bridge-id1104	8tau-assembly1_Y	0.203	152	145	501	0.945	0.287	7.048E-01	6.665E-01	2.137E-01	2.364E-03	160
egfr-bridge-id1104	4kvm-assembly1_A	0.172	133	145	718	0.917	0.180	7.389E-01	6.671E-01	1.608E-01	4.493E-03	160
egfr-bridge-id1104	7v1m-assembly2_G	0.181	193	145	195	0.952	0.990	7.289E-01	6.924E-01	5.272E-01	3.341E-03	159
egfr-bridge-id1104	7w5m-assembly1_A	0.158	158	145	227	0.821	0.696	7.316E-01	6.146E-01	4.148E-01	2.484E-03	159
egfr-bridge-id1104	8j0o-assembly1_B	0.221	140	145	296	0.938	0.459	6.355E-01	6.019E-01	3.375E-01	1.021E-03	159
egfr-bridge-id1104	2vsy-assembly1_A	0.187	112	145	547	0.772	0.205	8.120E-01	6.422E-01	1.881E-01	8.128E-03	159
egfr-bridge-id1104	7qdz-assembly1_B	0.223	143	145	1145	0.821	0.123	6.261E-01	5.184E-01	8.006E-02	6.545E-04	159
egfr-bridge-id1104	2xev-assembly1_A	0.213	122	145	121	0.800	0.975	7.968E-01	6.497E-01	7.623E-01	7.363E-03	158
egfr-bridge-id1104	2fbn-assembly1_B	0.203	152	145	151	0.938	0.907	6.437E-01	6.054E-01	5.851E-01	1.592E-03	158
egfr-bridge-id1104	7e6j-assembly1_A	0.169	136	145	429	0.821	0.312	6.591E-01	5.464E-01	2.045E-01	1.307E-03	158
egfr-bridge-id1104	4hoq-assembly1_A	0.162	222	145	477	0.952	0.457	4.914E-01	4.654E-01	1.495E-01	2.101E-04	158
egfr-bridge-id1104	7wzb-assembly1_B	0.219	155	145	254	0.972	0.602	6.060E-01	5.892E-01	3.731E-01	1.021E-03	157
egfr-bridge-id1104	7kra-assembly1_B	0.191	136	145	290	0.848	0.448	7.401E-01	6.384E-01	3.430E-01	2.484E-03	157
egfr-bridge-id1104	7aoi-assembly1_BF	0.181	121	145	341	0.724	0.355	8.099E-01	6.072E-01	2.782E-01	6.349E-03	157
egfr-bridge-id1104	9gaw-assembly1_Z	0.203	157	145	455	0.979	0.327	6.874E-01	6.711E-01	2.383E-01	3.341E-03	157
egfr-bridge-id1104	6gmh-assembly1_Q	0.265	143	145	884	0.841	0.162	6.477E-01	5.497E-01	1.049E-01	1.244E-03	157
egfr-bridge-id1104	4ga0-assembly1_A	0.171	134	145	143	0.883	0.923	6.591E-01	5.877E-01	5.939E-01	1.940E-03	155
egfr-bridge-id1104	7v1l-assembly1_B-2	0.188	186	145	221	0.993	0.828	6.657E-01	6.571E-01	4.418E-01	2.742E-03	154
egfr-bridge-id1104	6hft-assembly1_A	0.186	123	145	312	0.814	0.381	8.080E-01	6.663E-01	3.283E-01	1.149E-02	154
egfr-bridge-id1104	1kt0-assembly1_A	0.238	151	145	357	0.938	0.381	6.453E-01	6.034E-01	2.597E-01	1.673E-03	154
egfr-bridge-id1104	2y4u-assembly1_A	0.171	128	145	424	0.883	0.288	6.857E-01	5.953E-01	2.381E-01	3.510E-03	154
egfr-bridge-id1104	5w5h-assembly1_C	0.236	152	145	446	0.938	0.323	7.906E-01	7.405E-01	2.603E-01	8.539E-03	154
egfr-bridge-id1104	3ma5-assembly3_C	0.188	85	145	89	0.572	0.955	8.106E-01	4.920E-01	7.577E-01	7.736E-03	153
egfr-bridge-id1104	3gz2-assembly1_B	0.194	118	145	143	0.814	0.769	8.317E-01	6.449E-01	6.531E-01	1.093E-02	153
egfr-bridge-id1104	8rst-assembly1_A-2	0.198	116	145	364	0.710	0.319	8.635E-01	6.297E-01	2.657E-01	1.791E-02	153
egfr-bridge-id1104	5khu-assembly1_X	0.218	133	145	396	0.910	0.328	8.098E-01	7.319E-01	2.946E-01	8.972E-03	153
egfr-bridge-id1104	7n61-assembly1_1F	0.181	176	145	614	0.966	0.287	6.478E-01	6.241E-01	1.735E-01	1.940E-03	153
egfr-bridge-id1104	4ga2-assembly1_A	0.164	134	145	144	0.883	0.917	6.504E-01	5.806E-01	5.841E-01	2.142E-03	152
egfr-bridge-id1104	7v6p-assembly1_A-2	0.224	169	145	220	0.959	0.755	7.126E-01	6.809E-01	4.645E-01	5.211E-03	152
egfr-bridge-id1104	6t59-assembly1_TT	0.170	182	145	426	0.890	0.418	6.176E-01	5.548E-01	2.168E-01	6.230E-04	152
egfr-bridge-id1104	8tau-assembly1_Z	0.222	126	145	488	0.869	0.250	8.451E-01	7.198E-01	2.331E-01	1.470E-02	151
egfr-bridge-id1104	7v1k-assembly1_A-2	0.182	192	145	220	0.993	0.859	6.327E-01	6.246E-01	4.243E-01	2.250E-03	150
egfr-bridge-id1104	8rtc-assembly2_B	0.180	133	145	353	0.821	0.377	7.697E-01	6.432E-01	2.911E-01	1.268E-02	150
egfr-bridge-id1104	6mfv-assembly4_D	0.251	143	145	641	0.862	0.223	7.136E-01	6.249E-01	1.679E-01	3.341E-03	150
egfr-bridge-id1104	7b80-assembly1_A	0.252	103	145	340	0.683	0.303	7.333E-01	5.098E-01	2.272E-01	5.211E-03	149
egfr-bridge-id1104	8rtc-assembly1_A	0.172	133	145	355	0.821	0.375	7.901E-01	6.615E-01	2.940E-01	1.791E-02	149
egfr-bridge-id1104	5tqb-assembly1_B	0.169	159	145	335	0.910	0.466	6.554E-01	6.077E-01	3.081E-01	4.070E-03	148
egfr-bridge-id1104	5m72-assembly1_A	0.138	137	145	150	0.931	0.840	7.680E-01	6.764E-01	6.568E-01	1.093E-02	147
egfr-bridge-id1104	5g05-assembly1_X	0.203	152	145	484	0.945	0.298	7.078E-01	6.693E-01	2.208E-01	7.008E-03	147
egfr-bridge-id1104	9fpz-assembly1_B	0.165	157	145	834	0.952	0.188	6.742E-01	6.418E-01	1.325E-01	5.752E-03	147
egfr-bridge-id1104	8ruy-assembly1_F	0.262	141	145	539	0.869	0.260	7.085E-01	6.218E-01	1.849E-01	4.493E-03	146
egfr-bridge-id1104	8bbg-assembly1_D	0.165	163	145	1316	0.972	0.124	6.564E-01	6.359E-01	8.709E-02	8.539E-03	146
egfr-bridge-id1104	3gz1-assembly1_A	0.176	119	145	144	0.800	0.799	7.948E-01	6.408E-01	6.448E-01	1.470E-02	145
egfr-bridge-id1104	6zmd-assembly1_B	0.254	102	145	332	0.676	0.307	7.498E-01	5.156E-01	2.338E-01	8.539E-03	145
egfr-bridge-id1104	8fgw-assembly1_D	0.174	178	145	1315	0.910	0.135	6.405E-01	5.865E-01	8.400E-02	2.484E-03	145
egfr-bridge-id1104	7rro-assembly1_I2	0.137	116	145	192	0.800	0.578	8.289E-01	6.493E-01	5.037E-01	2.078E-02	144
egfr-bridge-id1104	5zyq-assembly1_A	0.184	130	145	285	0.883	0.442	7.855E-01	6.903E-01	3.767E-01	1.545E-02	144
egfr-bridge-id1104	6i7i-assembly1_A-2	0.226	106	145	334	0.731	0.314	6.917E-01	5.095E-01	2.338E-01	3.688E-03	144
egfr-bridge-id1104	7kzv-assembly1_G	0.200	100	145	577	0.669	0.173	9.136E-01	6.217E-01	1.636E-01	3.405E-02	144
egfr-bridge-id1104	4hnw-assembly1_A	0.172	145	145	782	0.897	0.184	6.739E-01	6.117E-01	1.348E-01	7.736E-03	144
egfr-bridge-id1104	6xt9-assembly1_D	0.207	183	145	396	0.952	0.462	4.713E-01	4.462E-01	1.715E-01	1.904E-04	143
egfr-bridge-id1104	7w59-assembly1_J	0.126	119	145	568	0.821	0.210	6.557E-01	5.563E-01	1.729E-01	7.363E-03	143
egfr-bridge-id1104	5mc6-assembly1_i	0.191	146	145	1365	0.855	0.106	6.726E-01	5.777E-01	7.043E-02	4.493E-03	143
egfr-bridge-id1104	8c6j-assembly1_S	0.115	139	145	635	0.959	0.211	6.379E-01	5.954E-01	1.695E-01	7.736E-03	142
egfr-bridge-id1104	8ffz-assembly1_C	0.166	138	145	797	0.952	0.168	5.762E-01	5.370E-01	1.301E-01	3.341E-03	142
egfr-bridge-id1104	7tdz-assembly1_P	0.141	156	145	798	0.890	0.194	6.161E-01	5.526E-01	1.197E-01	2.742E-03	142
egfr-bridge-id1104	6frk-assembly1_r	0.115	139	145	195	0.931	0.662	7.438E-01	6.682E-01	5.158E-01	1.268E-02	141
egfr-bridge-id1104	7wzb-assembly1_A	0.209	153	145	251	0.972	0.606	5.966E-01	5.812E-01	3.704E-01	2.881E-03	141
egfr-bridge-id1104	6yxy-assembly1_BF	0.177	135	145	346	0.786	0.390	7.467E-01	6.012E-01	2.720E-01	8.972E-03	141
egfr-bridge-id1104	4gyo-assembly2_A	0.232	125	145	357	0.766	0.350	8.882E-01	6.882E-01	2.928E-01	3.949E-02	141
egfr-bridge-id1104	6t46-assembly2_G	0.189	174	145	365	0.924	0.474	6.748E-01	6.244E-01	2.723E-01	6.671E-03	141
egfr-bridge-id1104	5lj3-assembly1_S	0.117	153	145	464	0.952	0.330	5.711E-01	5.462E-01	2.072E-01	3.026E-03	141
egfr-bridge-id1104	5lj5-assembly1_S	0.117	153	145	464	0.952	0.330	5.711E-01	5.462E-01	2.072E-01	3.180E-03	141
egfr-bridge-id1104	3n71-assembly1_A	0.150	146	145	468	0.855	0.308	6.527E-01	5.736E-01	2.117E-01	5.211E-03	141
egfr-bridge-id1104	7mnn-assembly1_A	0.151	139	145	750	0.897	0.177	6.416E-01	5.790E-01	1.365E-01	3.688E-03	141
egfr-bridge-id1104	6qdl-assembly1_A	0.175	120	145	885	0.821	0.131	7.836E-01	6.407E-01	1.207E-01	2.293E-02	141
egfr-bridge-id1104	9cpb-assembly1_6Z	0.135	118	145	192	0.814	0.589	8.590E-01	6.783E-01	5.242E-01	3.405E-02	140
egfr-bridge-id1104	8rte-assembly1_A	0.204	147	145	350	0.897	0.420	7.874E-01	7.113E-01	3.241E-01	2.078E-02	140
egfr-bridge-id1104	7w5b-assembly1_J	0.126	119	145	569	0.821	0.209	6.560E-01	5.576E-01	1.726E-01	8.972E-03	140
egfr-bridge-id1104	8r0a-assembly1_N	0.138	130	145	792	0.897	0.159	7.646E-01	6.754E-01	1.459E-01	2.183E-02	140
egfr-bridge-id1104	5dbk-assembly1_B	0.196	178	145	352	0.986	0.503	6.970E-01	6.839E-01	3.037E-01	1.040E-02	139
egfr-bridge-id1104	7t6d-assembly1_B	0.208	139	145	381	0.910	0.346	7.410E-01	6.767E-01	2.838E-01	1.470E-02	139
egfr-bridge-id1104	7r5j-assembly1_00	0.152	157	145	756	0.966	0.206	6.177E-01	5.961E-01	1.352E-01	5.211E-03	139
egfr-bridge-id1104	2kat-assembly1_A	0.200	100	145	115	0.690	0.861	8.033E-01	5.740E-01	7.018E-01	1.882E-02	138
egfr-bridge-id1104	2vsn-assembly2_B	0.211	104	145	534	0.717	0.193	7.791E-01	5.754E-01	1.745E-01	2.078E-02	138
egfr-bridge-id1104	7mnm-assembly1_A	0.139	143	145	746	0.897	0.178	6.440E-01	5.804E-01	1.345E-01	6.671E-03	138
egfr-bridge-id1104	4cgq-assembly1_A	0.246	65	145	91	0.448	0.714	9.554E-01	4.357E-01	6.841E-01	5.580E-02	137
egfr-bridge-id1104	2hr2-assembly2_B	0.173	144	145	157	0.834	0.917	7.342E-01	6.264E-01	5.855E-01	2.293E-02	137
egfr-bridge-id1104	8bpo-assembly1_t2	0.168	184	145	418	0.903	0.431	5.668E-01	5.152E-01	2.051E-01	3.026E-03	137
egfr-bridge-id1104	1hxi-assembly1_A	0.244	94	145	112	0.614	0.839	8.266E-01	5.157E-01	6.595E-01	3.241E-02	136
egfr-bridge-id1104	8odn-assembly1_B	0.146	177	145	185	0.945	0.946	6.251E-01	5.907E-01	4.759E-01	6.043E-03	136
egfr-bridge-id1104	1qqe-assembly1_A	0.179	134	145	281	0.834	0.473	7.363E-01	6.302E-01	3.546E-01	2.409E-02	136
egfr-bridge-id1104	8rsv-assembly1_A	0.179	139	145	364	0.841	0.382	7.880E-01	6.724E-01	2.928E-01	3.758E-02	136
egfr-bridge-id1104	8glv-assembly1_Lf	0.189	158	145	396	0.945	0.386	5.070E-01	4.848E-01	2.309E-01	1.592E-03	136
egfr-bridge-id1104	5mq0-assembly1_S	0.103	155	145	468	0.966	0.331	5.633E-01	5.449E-01	2.041E-01	3.874E-03	136
egfr-bridge-id1104	7w5a-assembly1_J	0.126	119	145	567	0.821	0.210	6.560E-01	5.576E-01	1.731E-01	1.207E-02	136
egfr-bridge-id1104	8hmc-assembly1_C	0.172	162	145	640	0.917	0.252	6.764E-01	6.232E-01	1.645E-01	8.539E-03	136
egfr-bridge-id1104	5waq-assembly1_A	0.212	127	145	212	0.807	0.585	7.761E-01	6.375E-01	4.526E-01	1.705E-02	135
egfr-bridge-id1104	4hot-assembly1_A	0.162	222	145	476	0.952	0.458	4.792E-01	4.540E-01	1.482E-01	1.307E-03	135
egfr-bridge-id1104	7mnl-assembly1_A	0.161	142	145	746	0.917	0.178	6.283E-01	5.788E-01	1.367E-01	6.349E-03	135
egfr-bridge-id1104	6w5q-assembly8_H	0.170	117	145	106	0.807	0.943	6.646E-01	4.659E-01	6.249E-01	1.093E-02	134
egfr-bridge-id1104	8fny-assembly1_A	0.108	120	145	497	0.738	0.235	7.744E-01	5.855E-01	1.879E-01	2.660E-02	134
egfr-bridge-id1104	8arb-assembly1_A	0.176	102	145	112	0.703	0.911	8.551E-01	6.203E-01	7.814E-01	5.311E-02	133
egfr-bridge-id1104	5wrw-assembly2_D	0.125	135	145	130	0.848	0.992	6.755E-01	5.775E-01	6.377E-01	8.128E-03	133
egfr-bridge-id1104	6px0-assembly1_A	0.218	137	145	135	0.821	0.993	7.362E-01	6.170E-01	6.562E-01	2.078E-02	133
egfr-bridge-id1104	3urz-assembly2_B	0.161	149	145	206	0.821	0.723	7.064E-01	5.940E-01	4.389E-01	8.128E-03	133
egfr-bridge-id1104	8rsu-assembly1_A	0.172	133	145	360	0.821	0.369	7.791E-01	6.516E-01	2.878E-01	4.579E-02	133
egfr-bridge-id1104	8gl8-assembly1_I	0.201	169	145	624	0.828	0.268	6.062E-01	5.062E-01	1.483E-01	6.043E-03	133
egfr-bridge-id1104	8a3y-assembly1_Q	0.178	151	145	890	0.931	0.170	7.050E-01	6.577E-01	1.219E-01	1.332E-02	133
egfr-bridge-id1104	8rte-assembly1_B	0.189	169	145	350	0.924	0.469	7.177E-01	6.643E-01	2.975E-01	1.791E-02	132
egfr-bridge-id1104	4abn-assembly1_A	0.192	166	145	422	0.779	0.391	5.573E-01	4.406E-01	1.848E-01	3.180E-03	132
egfr-bridge-id1104	4abn-assembly2_B	0.177	180	145	426	0.876	0.413	5.288E-01	4.675E-01	1.928E-01	2.142E-03	132
egfr-bridge-id1104	9fmd-assembly1_J	0.126	119	145	602	0.821	0.198	6.489E-01	5.517E-01	1.638E-01	1.623E-02	132
egfr-bridge-id1104	4uzy-assembly1_A	0.170	158	145	624	0.841	0.253	5.646E-01	4.824E-01	1.361E-01	4.070E-03	132
egfr-bridge-id1104	5an3-assembly1_C	0.161	136	145	135	0.821	0.978	7.486E-01	6.262E-01	6.673E-01	2.660E-02	131
egfr-bridge-id1104	4gyo-assembly3_B	0.189	148	145	359	0.869	0.412	7.347E-01	6.450E-01	2.880E-01	2.936E-02	131
egfr-bridge-id1104	6qdv-assembly1_S	0.117	153	145	570	0.952	0.268	5.946E-01	5.681E-01	1.776E-01	8.972E-03	131
egfr-bridge-id1104	5yzg-assembly1_J	0.113	150	145	571	0.972	0.256	5.894E-01	5.746E-01	1.832E-01	8.972E-03	131
egfr-bridge-id1104	5gap-assembly1_J	0.129	139	145	729	0.862	0.191	6.768E-01	5.974E-01	1.427E-01	1.332E-02	131
egfr-bridge-id1104	4ynw-assembly2_B	0.187	144	145	283	0.834	0.509	6.223E-01	5.189E-01	2.780E-01	7.363E-03	130
egfr-bridge-id1104	7msp-assembly2_B	0.238	105	145	333	0.683	0.303	7.147E-01	5.160E-01	2.467E-01	1.705E-02	130
egfr-bridge-id1104	7msn-assembly1_B	0.221	113	145	416	0.738	0.262	7.201E-01	5.565E-01	2.190E-01	1.882E-02	130
egfr-bridge-id1104	8gm5-assembly1_A	0.120	150	145	479	0.848	0.305	6.994E-01	6.066E-01	2.112E-01	2.660E-02	130
egfr-bridge-id1104	8g53-assembly1_A	0.194	134	145	184	0.807	0.712	7.521E-01	6.186E-01	4.998E-01	1.882E-02	129
egfr-bridge-id1104	4xpd-assembly1_A	0.171	146	145	774	0.910	0.185	6.536E-01	6.017E-01	1.351E-01	1.882E-02	129
egfr-bridge-id1104	7zub-assembly1_C	0.169	142	145	304	0.855	0.457	6.464E-01	5.650E-01	3.066E-01	7.363E-03	128
egfr-bridge-id1104	4gpk-assembly2_E	0.222	148	145	339	0.945	0.422	6.971E-01	6.631E-01	3.148E-01	2.183E-02	128
egfr-bridge-id1104	4gpk-assembly3_K	0.232	125	145	340	0.786	0.368	8.317E-01	6.658E-01	3.037E-01	6.471E-02	128
egfr-bridge-id1104	5khu-assembly1_C	0.220	145	145	463	0.897	0.309	6.826E-01	6.135E-01	2.129E-01	1.977E-02	128
egfr-bridge-id1104	5z56-assembly1_J	0.113	150	145	522	0.972	0.280	5.894E-01	5.746E-01	1.981E-01	1.149E-02	128
egfr-bridge-id1104	7mno-assembly1_A	0.179	134	145	746	0.883	0.177	6.490E-01	5.800E-01	1.397E-01	1.149E-02	128
egfr-bridge-id1104	8h6l-assembly1_4G	0.153	150	145	801	0.945	0.177	6.115E-01	5.817E-01	1.314E-01	6.671E-03	128
egfr-bridge-id1104	7qij-assembly2_NC	0.168	95	145	102	0.655	0.931	8.627E-01	5.851E-01	8.030E-01	6.471E-02	127
egfr-bridge-id1104	8arc-assembly2_C	0.136	95	145	107	0.655	0.888	8.669E-01	5.877E-01	7.734E-01	7.884E-02	127
egfr-bridge-id1104	7cc7-assembly1_A	0.181	165	145	227	0.890	0.705	6.374E-01	5.709E-01	3.858E-01	9.426E-03	127
egfr-bridge-id1104	8amz-assembly1_Q	0.139	158	145	421	0.952	0.375	7.868E-01	7.487E-01	2.878E-01	7.504E-02	127
egfr-bridge-id1104	5a5b-assembly1_Q	0.141	155	145	431	0.903	0.360	7.441E-01	6.775E-01	2.608E-01	2.409E-02	127
egfr-bridge-id1104	8gm4-assembly1_A	0.120	149	145	462	0.841	0.314	7.081E-01	6.072E-01	2.176E-01	3.577E-02	127
egfr-bridge-id1104	7vop-assembly1_W	0.145	151	145	756	0.952	0.200	6.232E-01	5.919E-01	1.347E-01	1.268E-02	127
egfr-bridge-id1104	8h6j-assembly1_4G	0.153	150	145	784	0.945	0.181	6.140E-01	5.827E-01	1.340E-01	7.736E-03	127
egfr-bridge-id1104	8h6e-assembly1_4G	0.153	150	145	794	0.945	0.179	6.140E-01	5.827E-01	1.325E-01	7.736E-03	127
egfr-bridge-id1104	4i17-assembly1_A	0.201	169	145	224	0.917	0.754	5.284E-01	4.876E-01	3.401E-01	4.493E-03	126
egfr-bridge-id1104	2ifu-assembly4_D	0.166	150	145	270	0.821	0.552	4.885E-01	4.071E-01	2.311E-01	3.874E-03	126
egfr-bridge-id1104	4gpk-assembly2_F	0.227	145	145	341	0.924	0.411	6.946E-01	6.465E-01	3.062E-01	2.409E-02	126
egfr-bridge-id1104	2xgm-assembly1_A	0.200	100	145	512	0.690	0.195	7.663E-01	5.537E-01	1.761E-01	4.359E-02	126
egfr-bridge-id1104	6ppl-assembly1_B	0.173	144	145	665	0.938	0.211	6.950E-01	6.570E-01	1.736E-01	2.293E-02	126
egfr-bridge-id1104	7kal-assembly1_F	0.166	126	145	194	0.697	0.649	8.112E-01	5.770E-01	4.401E-01	4.811E-02	125
egfr-bridge-id1104	4lct-assembly1_A	0.212	155	145	318	0.952	0.487	7.046E-01	6.719E-01	3.458E-01	3.949E-02	125
egfr-bridge-id1104	6i7h-assembly1_A-2	0.260	100	145	331	0.662	0.302	7.512E-01	5.038E-01	2.315E-01	3.241E-02	125
egfr-bridge-id1104	8h3a-assembly1_A	0.156	172	145	412	0.952	0.413	6.723E-01	6.397E-01	2.505E-01	1.882E-02	125
egfr-bridge-id1104	8fo6-assembly1_A	0.133	150	145	483	0.841	0.302	6.972E-01	5.969E-01	2.068E-01	3.241E-02	125
egfr-bridge-id1104	4xnh-assembly1_A	0.170	147	145	786	0.903	0.182	6.482E-01	5.928E-01	1.311E-01	2.531E-02	125
egfr-bridge-id1104	5nrl-assembly1_J	0.137	138	145	800	0.855	0.172	7.171E-01	6.240E-01	1.331E-01	2.794E-02	125
egfr-bridge-id1104	4apo-assembly1_A	0.169	142	145	142	0.855	0.979	7.334E-01	6.343E-01	6.462E-01	3.949E-02	124
egfr-bridge-id1104	6ait-assembly1_F	0.141	156	145	406	0.959	0.382	7.233E-01	6.916E-01	2.655E-01	3.405E-02	124
egfr-bridge-id1104	7msn-assembly1_A	0.234	111	145	417	0.724	0.257	7.236E-01	5.518E-01	2.152E-01	3.084E-02	124
egfr-bridge-id1104	7msk-assembly1_B	0.202	153	145	421	0.979	0.359	6.344E-01	6.193E-01	2.326E-01	1.545E-02	124
egfr-bridge-id1104	8fny-assembly2_C	0.115	121	145	489	0.738	0.241	7.685E-01	5.808E-01	1.896E-01	5.580E-02	123
egfr-bridge-id1104	8bd7-assembly1_H	0.190	131	145	539	0.807	0.243	6.944E-01	5.716E-01	1.761E-01	1.882E-02	123
egfr-bridge-id1104	8jau-assembly1_A	0.174	166	145	571	0.834	0.291	7.315E-01	6.169E-01	1.784E-01	3.405E-02	123
egfr-bridge-id1104	4hny-assembly1_A	0.117	153	145	733	0.807	0.205	6.646E-01	5.448E-01	1.192E-01	1.791E-02	122
egfr-bridge-id1104	8rw5-assembly1_B	0.130	107	145	872	0.676	0.123	9.087E-01	6.254E-01	1.100E-01	1.654E-01	122
egfr-bridge-id1104	6qdk-assembly1_A	0.227	123	145	882	0.814	0.136	7.611E-01	6.298E-01	1.195E-01	5.862E-02	122
egfr-bridge-id1104	3urz-assembly1_A	0.190	147	145	202	0.828	0.728	7.077E-01	5.986E-01	4.497E-01	1.977E-02	121
egfr-bridge-id1104	7qtt-assembly1_X	0.119	134	145	241	0.903	0.519	6.432E-01	5.672E-01	3.733E-01	1.399E-02	121
egfr-bridge-id1104	3u3w-assembly1_B	0.134	178	145	280	0.959	0.636	6.116E-01	5.851E-01	3.315E-01	1.705E-02	121
egfr-bridge-id1104	7kzv-assembly1_H	0.162	148	145	544	0.910	0.265	7.432E-01	6.781E-01	1.990E-01	4.811E-02	121
egfr-bridge-id1104	9esi-assembly1_R	0.092	140	145	603	0.966	0.224	6.087E-01	5.723E-01	1.743E-01	2.293E-02	121
egfr-bridge-id1104	9hmf-assembly1_K	0.187	144	145	773	0.924	0.182	6.781E-01	6.338E-01	1.494E-01	2.409E-02	121
egfr-bridge-id1104	4u0s-assembly1_A	0.244	98	145	323	0.648	0.303	7.232E-01	4.785E-01	2.267E-01	2.936E-02	120
egfr-bridge-id1104	3q15-assembly2_B-3	0.159	144	145	332	0.821	0.434	5.719E-01	4.690E-01	2.119E-01	1.093E-02	120
egfr-bridge-id1104	4gpk-assembly1_C	0.222	148	145	340	0.945	0.421	6.869E-01	6.548E-01	3.112E-01	3.241E-02	120
egfr-bridge-id1104	6ip1-assembly1_E	0.171	134	145	292	0.828	0.449	7.333E-01	6.220E-01	3.372E-01	5.055E-02	119
egfr-bridge-id1104	9dtr-assembly1_S	0.100	139	145	604	0.959	0.222	6.088E-01	5.701E-01	1.729E-01	3.405E-02	119
egfr-bridge-id1104	6qx9-assembly1_5J	0.166	144	145	803	0.903	0.174	6.257E-01	5.718E-01	1.284E-01	1.882E-02	119
egfr-bridge-id1104	4i2z-assembly1_A	0.243	123	145	899	0.814	0.133	7.146E-01	5.971E-01	1.162E-01	5.055E-02	119
egfr-bridge-id1104	7qij-assembly2_OC	0.182	104	145	108	0.717	0.963	8.578E-01	6.331E-01	8.231E-01	1.292E-01	118
egfr-bridge-id1104	1ya0-assembly2_B	0.183	142	145	464	0.821	0.306	5.378E-01	4.344E-01	1.607E-01	7.363E-03	118
egfr-bridge-id1104	4hnx-assembly1_A	0.181	149	145	713	0.945	0.203	6.464E-01	6.158E-01	1.534E-01	3.577E-02	118
egfr-bridge-id1104	7t1s-assembly2_B	0.148	162	145	230	0.952	0.678	6.786E-01	6.461E-01	4.297E-01	3.405E-02	117
egfr-bridge-id1104	4hou-assembly1_A	0.173	115	145	261	0.752	0.441	7.657E-01	6.009E-01	3.593E-01	7.504E-02	117
egfr-bridge-id1104	4u04-assembly1_B	0.252	103	145	324	0.683	0.318	7.305E-01	5.061E-01	2.381E-01	4.811E-02	117
egfr-bridge-id1104	4gpk-assembly1_D	0.210	147	145	342	0.897	0.418	7.342E-01	6.643E-01	3.082E-01	5.862E-02	117
egfr-bridge-id1104	6ait-assembly1_B	0.139	158	145	418	0.959	0.371	6.648E-01	6.361E-01	2.423E-01	2.660E-02	117
egfr-bridge-id1104	8ro0-assembly1_J	0.113	185	145	574	0.952	0.321	5.297E-01	5.058E-01	1.520E-01	1.268E-02	117
egfr-bridge-id1104	5an3-assembly1_A	0.172	133	145	130	0.814	0.962	7.124E-01	5.909E-01	6.508E-01	5.055E-02	116
egfr-bridge-id1104	3j97-assembly1_H	0.162	129	145	286	0.800	0.430	6.899E-01	5.725E-01	3.199E-01	4.579E-02	116
egfr-bridge-id1104	4u0z-assembly7_D	0.233	107	145	325	0.738	0.329	6.980E-01	5.217E-01	2.446E-01	3.949E-02	116
egfr-bridge-id1104	4gpk-assembly2_H	0.227	145	145	343	0.924	0.408	7.017E-01	6.541E-01	3.060E-01	5.055E-02	116
egfr-bridge-id1104	8xi2-assembly1_J	0.149	147	145	595	0.897	0.235	4.966E-01	4.535E-01	1.462E-01	4.960E-03	116
egfr-bridge-id1104	6zym-assembly1_O	0.109	155	145	252	0.986	0.615	5.781E-01	5.685E-01	3.595E-01	2.293E-02	115
egfr-bridge-id1104	4nq0-assembly1_A	0.149	134	145	254	0.710	0.528	7.158E-01	5.334E-01	3.266E-01	3.577E-02	115
egfr-bridge-id1104	8w15-assembly1_B	0.126	150	145	279	0.841	0.538	7.032E-01	6.099E-01	3.529E-01	6.799E-02	115
egfr-bridge-id1104	4u04-assembly1_A	0.250	104	145	315	0.690	0.330	6.953E-01	4.856E-01	2.349E-01	3.241E-02	115
egfr-bridge-id1104	6yxy-assembly1_BE	0.153	130	145	407	0.828	0.310	7.565E-01	6.382E-01	2.517E-01	7.504E-02	115
egfr-bridge-id1104	6ait-assembly1_D	0.153	156	145	416	0.959	0.373	7.026E-01	6.719E-01	2.550E-01	5.311E-02	115
egfr-bridge-id1104	8ebf-assembly1_A	0.189	158	145	667	0.862	0.217	5.467E-01	4.756E-01	1.190E-01	8.972E-03	115
egfr-bridge-id1104	7vop-assembly1_Z	0.138	152	145	758	0.952	0.198	6.197E-01	5.909E-01	1.384E-01	3.084E-02	115
egfr-bridge-id1104	4bt8-assembly1_B	0.230	91	145	233	0.579	0.391	8.449E-01	5.110E-01	3.290E-01	1.426E-01	114
egfr-bridge-id1104	4hou-assembly2_B	0.156	141	145	242	0.828	0.562	6.052E-01	5.109E-01	3.283E-01	2.078E-02	114
egfr-bridge-id1104	4u0z-assembly3_B	0.224	107	145	326	0.731	0.319	7.167E-01	5.217E-01	2.436E-01	5.055E-02	114
egfr-bridge-id1104	6i7k-assembly1_A	0.270	100	145	333	0.662	0.300	6.338E-01	4.265E-01	1.933E-01	1.791E-02	114
egfr-bridge-id1104	7b9v-assembly1_S	0.116	155	145	549	0.952	0.279	5.646E-01	5.398E-01	1.757E-01	2.293E-02	114
egfr-bridge-id1104	8bd7-assembly1_K	0.170	141	145	619	0.779	0.228	5.221E-01	4.134E-01	1.294E-01	7.363E-03	114
egfr-bridge-id1104	9hmf-assembly1_L	0.175	148	145	683	0.910	0.206	5.265E-01	4.875E-01	1.371E-01	9.903E-03	114
egfr-bridge-id1104	4apo-assembly2_B	0.161	136	145	154	0.814	0.864	7.259E-01	6.028E-01	5.712E-01	7.504E-02	113
egfr-bridge-id1104	7rro-assembly1_I1	0.134	119	145	192	0.821	0.594	8.075E-01	6.498E-01	5.061E-01	9.607E-02	113
egfr-bridge-id1104	6ait-assembly1_C	0.139	158	145	415	0.959	0.373	6.933E-01	6.633E-01	2.522E-01	5.055E-02	113
egfr-bridge-id1104	3qww-assembly1_A	0.142	140	145	430	0.828	0.326	6.543E-01	5.625E-01	2.236E-01	3.405E-02	113
egfr-bridge-id1104	8r08-assembly1_N	0.150	146	145	801	0.917	0.172	6.312E-01	5.848E-01	1.295E-01	3.084E-02	113
egfr-bridge-id1104	8bda-assembly1_E	0.125	184	145	1325	0.917	0.138	4.878E-01	4.468E-01	6.845E-02	5.211E-03	113
egfr-bridge-id1104	7kat-assembly1_F	0.142	147	145	190	0.917	0.716	6.219E-01	5.779E-01	4.657E-01	3.084E-02	112
egfr-bridge-id1104	7t6d-assembly1_A	0.187	155	145	389	0.931	0.396	6.374E-01	5.944E-01	2.468E-01	2.531E-02	112
egfr-bridge-id1104	8i0v-assembly1_J	0.117	153	145	563	0.952	0.272	5.955E-01	5.702E-01	1.792E-01	3.577E-02	112
egfr-bridge-id1104	6id1-assembly1_J	0.126	119	145	568	0.821	0.210	6.617E-01	5.609E-01	1.737E-01	8.284E-02	112
egfr-bridge-id1104	9f1d-assembly1_DB	0.146	178	145	837	0.841	0.211	5.297E-01	4.471E-01	8.837E-02	9.426E-03	112
egfr-bridge-id1104	5xi8-assembly1_A	0.153	150	145	175	0.890	0.851	6.746E-01	6.043E-01	5.107E-01	5.055E-02	111
egfr-bridge-id1104	5lqw-assembly1_R	0.111	153	145	219	0.952	0.699	5.739E-01	5.484E-01	3.942E-01	2.660E-02	111
egfr-bridge-id1104	4fsc-assembly1_A	0.153	163	145	264	0.959	0.606	7.354E-01	7.050E-01	4.206E-01	7.504E-02	111
egfr-bridge-id1104	6cby-assembly2_B	0.146	143	145	422	0.869	0.339	6.698E-01	5.958E-01	2.409E-01	5.862E-02	111
egfr-bridge-id1104	8qpb-assembly1_N	0.128	140	145	457	0.952	0.282	6.601E-01	5.978E-01	2.263E-01	6.471E-02	111
egfr-bridge-id1104	1zu2-assembly1_A	0.176	147	145	158	0.945	0.759	4.699E-01	3.933E-01	3.632E-01	4.721E-03	110
egfr-bridge-id1104	3qky-assembly1_A	0.178	168	145	251	0.931	0.657	4.975E-01	4.637E-01	2.821E-01	1.149E-02	110
egfr-bridge-id1104	8ruy-assembly1_f	0.275	116	145	538	0.800	0.208	6.987E-01	5.647E-01	1.808E-01	4.579E-02	110
egfr-bridge-id1104	6hd7-assembly1_t	0.158	151	145	838	0.924	0.179	5.889E-01	5.488E-01	1.183E-01	3.405E-02	110
egfr-bridge-id1104	1tjc-assembly1_B	0.200	90	145	95	0.572	0.947	8.815E-01	5.219E-01	7.712E-01	2.580E-01	109
egfr-bridge-id1104	7qij-assembly1_HC	0.191	99	145	102	0.669	0.941	8.278E-01	5.665E-01	7.776E-01	1.426E-01	109
egfr-bridge-id1104	5bt1-assembly1_B	0.157	133	145	249	0.703	0.534	7.148E-01	5.268E-01	3.289E-01	6.159E-02	109
egfr-bridge-id1104	4u0z-assembly1_A-2	0.254	106	145	322	0.703	0.323	7.081E-01	5.041E-01	2.387E-01	6.799E-02	109
egfr-bridge-id1104	8rot-assembly1_B	0.139	151	145	897	0.910	0.152	6.814E-01	6.239E-01	1.192E-01	8.284E-02	109
egfr-bridge-id1104	4jt6-assembly2_A	0.162	123	145	1054	0.834	0.114	7.807E-01	6.600E-01	1.058E-01	1.358E-01	109
egfr-bridge-id1104	5wby-assembly1_B	0.170	123	145	1058	0.834	0.113	7.809E-01	6.600E-01	1.055E-01	1.426E-01	109
egfr-bridge-id1104	2v5f-assembly1_A	0.208	91	145	97	0.579	0.938	8.871E-01	5.297E-01	7.710E-01	2.992E-01	108
egfr-bridge-id1104	9gck-assembly1_B	0.127	149	145	294	0.821	0.490	6.981E-01	5.886E-01	3.159E-01	6.471E-02	108
egfr-bridge-id1104	4u07-assembly1_A	0.244	98	145	323	0.648	0.303	7.227E-01	4.779E-01	2.262E-01	7.143E-02	108
egfr-bridge-id1104	6sar-assembly1_A	0.153	156	145	392	0.959	0.395	6.869E-01	6.570E-01	2.638E-01	7.143E-02	108
egfr-bridge-id1104	6g70-assembly1_B	0.135	118	145	510	0.772	0.231	6.421E-01	5.225E-01	1.822E-01	5.580E-02	108
egfr-bridge-id1104	8fy4-assembly1_B	0.190	163	145	551	0.786	0.296	7.435E-01	5.950E-01	1.727E-01	1.009E-01	108
egfr-bridge-id1104	3jbz-assembly1_A	0.150	146	145	960	0.959	0.149	6.875E-01	6.590E-01	1.227E-01	8.284E-02	108
egfr-bridge-id1104	8bbg-assembly1_A	0.178	123	145	1342	0.772	0.085	5.830E-01	4.643E-01	6.204E-02	3.405E-02	108
egfr-bridge-id1104	4btb-assembly1_A	0.206	87	145	231	0.552	0.377	8.485E-01	4.894E-01	3.167E-01	2.337E-01	107
egfr-bridge-id1104	3q15-assembly1_A-2	0.146	164	145	365	0.917	0.449	5.651E-01	5.188E-01	2.217E-01	3.241E-02	107
egfr-bridge-id1104	6ait-assembly1_E	0.147	156	145	410	0.959	0.378	7.235E-01	6.917E-01	2.629E-01	1.114E-01	107
egfr-bridge-id1104	5gmk-assembly1_d	0.117	153	145	549	0.952	0.279	5.680E-01	5.433E-01	1.776E-01	3.758E-02	107
egfr-bridge-id1104	6id0-assembly1_J	0.145	144	145	556	0.903	0.255	5.576E-01	5.123E-01	1.645E-01	3.241E-02	107
egfr-bridge-id1104	8bbe-assembly1_D	0.206	174	145	648	0.883	0.269	4.832E-01	4.302E-01	1.408E-01	7.008E-03	107
egfr-bridge-id1104	8c6j-assembly1_T	0.172	145	145	689	0.890	0.197	6.145E-01	5.540E-01	1.410E-01	3.405E-02	107
egfr-bridge-id1104	9fmd-assembly1_I	0.150	180	145	727	0.945	0.243	5.742E-01	5.453E-01	1.359E-01	3.084E-02	107
egfr-bridge-id1104	2yq8-assembly1_A	0.184	125	145	225	0.731	0.556	7.110E-01	5.371E-01	3.654E-01	1.426E-01	106
egfr-bridge-id1104	6z3w-assembly1_B	0.212	141	145	263	0.952	0.521	6.080E-01	5.793E-01	3.652E-01	4.811E-02	106
egfr-bridge-id1104	4u0z-assembly2_G-3	0.226	106	145	322	0.731	0.320	7.043E-01	5.083E-01	2.404E-01	8.284E-02	106
egfr-bridge-id1104	4u0u-assembly1_A	0.242	99	145	334	0.655	0.296	7.206E-01	4.800E-01	2.197E-01	8.703E-02	106
egfr-bridge-id1104	6j6g-assembly1_d	0.116	146	145	566	0.924	0.258	5.833E-01	5.424E-01	1.730E-01	5.580E-02	106
egfr-bridge-id1104	7tbl-assembly1_c1	0.116	189	145	742	0.897	0.255	4.274E-01	3.832E-01	8.799E-02	4.960E-03	106
egfr-bridge-id1104	5bt1-assembly1_A	0.157	133	145	244	0.703	0.545	6.965E-01	5.174E-01	3.300E-01	6.799E-02	105
egfr-bridge-id1104	4fsc-assembly2_B	0.147	163	145	264	0.959	0.606	7.283E-01	6.987E-01	4.170E-01	1.060E-01	105
egfr-bridge-id1104	6yxx-assembly1_BE	0.145	137	145	357	0.848	0.373	7.287E-01	6.319E-01	2.865E-01	1.009E-01	105
egfr-bridge-id1104	4o6f-assembly1_A	0.133	142	145	430	0.841	0.330	6.481E-01	5.636E-01	2.244E-01	6.799E-02	105
egfr-bridge-id1104	8ro1-assembly1_I	0.148	162	145	747	0.848	0.213	6.166E-01	5.366E-01	1.287E-01	4.811E-02	105
egfr-bridge-id1104	4hny-assembly2_C	0.134	171	145	759	0.917	0.223	6.629E-01	6.127E-01	1.378E-01	6.799E-02	105
egfr-bridge-id1104	8rcn-assembly1_B	0.109	165	145	1521	0.828	0.108	6.786E-01	5.785E-01	7.158E-02	4.579E-02	105
egfr-bridge-id1104	6ait-assembly1_A	0.133	157	145	418	0.952	0.368	6.664E-01	6.333E-01	2.405E-01	7.884E-02	104
egfr-bridge-id1104	5ylz-assembly1_I	0.117	153	145	517	0.952	0.296	5.604E-01	5.360E-01	1.850E-01	4.149E-02	104
egfr-bridge-id1104	7qij-assembly1_CC	0.168	101	145	108	0.697	0.926	8.572E-01	6.101E-01	7.944E-01	3.303E-01	103
egfr-bridge-id1104	4h7y-assembly4_D	0.176	136	145	138	0.834	0.928	7.204E-01	6.147E-01	6.411E-01	1.009E-01	103
egfr-bridge-id1104	3mkr-assembly1_A	0.151	132	145	291	0.890	0.440	7.614E-01	6.782E-01	3.637E-01	1.738E-01	103
egfr-bridge-id1104	1hz4-assembly1_A	0.165	121	145	366	0.759	0.331	8.381E-01	6.483E-01	2.744E-01	3.144E-01	103
egfr-bridge-id1104	5efr-assembly1_A	0.174	172	145	403	0.966	0.422	5.284E-01	5.086E-01	1.962E-01	3.949E-02	103
egfr-bridge-id1104	7am2-assembly1_BQ	0.149	134	145	413	0.828	0.315	7.507E-01	6.349E-01	2.495E-01	1.292E-01	103
egfr-bridge-id1104	8rm5-assembly1_N	0.144	145	145	834	0.903	0.171	6.665E-01	6.077E-01	1.262E-01	8.703E-02	103
egfr-bridge-id1104	6evp-assembly1_A	0.188	90	145	94	0.572	0.957	8.133E-01	4.931E-01	7.230E-01	2.456E-01	102
egfr-bridge-id1104	8adg-assembly1_D	0.161	130	145	209	0.800	0.617	6.886E-01	5.744E-01	4.271E-01	1.171E-01	102
egfr-bridge-id1104	6x9o-assembly1_B	0.120	150	145	244	0.841	0.615	7.090E-01	6.144E-01	3.978E-01	1.918E-01	102
egfr-bridge-id1104	4wuy-assembly1_A	0.159	132	145	414	0.779	0.319	6.332E-01	5.149E-01	2.061E-01	7.504E-02	102
egfr-bridge-id1104	3jco-assembly1_Q	0.150	159	145	431	0.931	0.369	7.289E-01	6.806E-01	2.616E-01	1.918E-01	102
egfr-bridge-id1104	7fik-assembly1_N	0.191	162	145	701	0.931	0.225	5.012E-01	4.690E-01	1.179E-01	1.705E-02	102
egfr-bridge-id1104	5zwo-assembly1_N	0.154	110	145	725	0.759	0.152	7.806E-01	6.133E-01	1.412E-01	1.918E-01	102
egfr-bridge-id1104	7tbm-assembly1_c1	0.115	190	145	743	0.897	0.256	4.111E-01	3.678E-01	9.077E-02	6.043E-03	102
egfr-bridge-id1104	4y49-assembly3_M	0.142	105	145	769	0.724	0.134	7.074E-01	5.311E-01	1.202E-01	1.292E-01	102
egfr-bridge-id1104	5wby-assembly2_A	0.170	123	145	1052	0.834	0.114	7.825E-01	6.613E-01	1.062E-01	2.337E-01	102
egfr-bridge-id1104	7fik-assembly1_K	0.183	153	145	697	0.883	0.218	5.130E-01	4.593E-01	1.155E-01	2.183E-02	101
egfr-bridge-id1104	7qij-assembly2_JC	0.180	105	145	109	0.724	0.963	8.128E-01	6.106E-01	7.813E-01	3.144E-01	100
egfr-bridge-id1104	4bt8-assembly1_A	0.188	122	145	222	0.738	0.550	6.984E-01	5.325E-01	3.644E-01	2.225E-01	100
egfr-bridge-id1104	7dxj-assembly1_B	0.119	142	145	268	0.800	0.530	6.908E-01	5.756E-01	3.460E-01	1.654E-01	100
egfr-bridge-id1104	6zqd-assembly1_UF	0.114	157	145	293	0.910	0.536	5.211E-01	4.834E-01	2.794E-01	1.623E-02	100
egfr-bridge-id1104	2ff4-assembly1_A	0.134	156	145	379	0.800	0.412	7.057E-01	5.731E-01	2.334E-01	1.114E-01	100
egfr-bridge-id1104	3zhe-assembly2_D	0.094	158	145	387	0.821	0.408	5.174E-01	4.268E-01	1.819E-01	3.084E-02	100
egfr-bridge-id1104	7dvq-assembly1_J	0.123	121	145	522	0.834	0.232	6.320E-01	5.434E-01	1.855E-01	1.230E-01	100
egfr-bridge-id1104	6o07-assembly1_A	0.162	160	145	763	0.959	0.204	6.197E-01	5.948E-01	1.392E-01	8.703E-02	100
egfr-bridge-id1104	6lyr-assembly1_D	0.152	138	145	208	0.834	0.649	7.205E-01	6.144E-01	4.513E-01	2.015E-01	99
egfr-bridge-id1104	6paf-assembly1_A	0.132	158	145	423	0.924	0.340	5.850E-01	5.455E-01	2.195E-01	7.143E-02	99
egfr-bridge-id1104	3tg5-assembly1_A	0.153	137	145	425	0.828	0.322	6.937E-01	5.927E-01	2.346E-01	1.826E-01	99
egfr-bridge-id1104	6o9o-assembly1_A	0.136	154	145	426	0.924	0.338	5.977E-01	5.580E-01	2.248E-01	8.284E-02	99
egfr-bridge-id1104	8qvw-assembly1_B	0.147	142	145	436	0.917	0.284	7.022E-01	6.097E-01	2.283E-01	1.498E-01	99
egfr-bridge-id1104	8g0l-assembly1_B	0.241	124	145	925	0.834	0.131	5.778E-01	5.044E-01	1.083E-01	5.862E-02	99
egfr-bridge-id1104	7qij-assembly1_FC	0.192	83	145	106	0.572	0.764	8.687E-01	5.087E-01	6.774E-01	5.413E-01	98
egfr-bridge-id1104	6nx4-assembly1_A	0.111	126	145	167	0.690	0.737	7.390E-01	5.332E-01	4.706E-01	2.337E-01	98
egfr-bridge-id1104	7som-assembly1_I	0.204	161	145	993	0.966	0.158	6.208E-01	5.989E-01	1.074E-01	8.703E-02	98
egfr-bridge-id1104	8rbk-assembly1_A	0.181	143	145	738	0.876	0.191	4.814E-01	4.292E-01	1.072E-01	1.791E-02	97
egfr-bridge-id1104	2lsv-assembly1_A	0.216	83	145	110	0.531	0.755	8.729E-01	4.781E-01	6.204E-01	4.228E-01	96
egfr-bridge-id1104	2if4-assembly1_A	0.178	123	145	258	0.662	0.465	6.909E-01	4.680E-01	2.846E-01	1.358E-01	96
egfr-bridge-id1104	7naz-assembly1_A	0.135	140	145	281	0.917	0.477	7.169E-01	6.629E-01	3.742E-01	2.580E-01	96
egfr-bridge-id1104	5jj6-assembly3_B	0.214	107	145	333	0.690	0.312	6.524E-01	4.639E-01	2.174E-01	9.607E-02	96
egfr-bridge-id1104	3zhe-assembly1_B	0.113	158	145	390	0.821	0.405	5.146E-01	4.230E-01	1.804E-01	4.149E-02	96
egfr-bridge-id1104	1ya0-assembly1_A	0.200	115	145	458	0.766	0.251	5.708E-01	4.449E-01	1.548E-01	8.284E-02	96
egfr-bridge-id1104	7aoi-assembly1_BE	0.149	127	145	401	0.807	0.307	7.696E-01	6.339E-01	2.511E-01	3.303E-01	95
egfr-bridge-id1104	6evl-assembly1_A	0.188	90	145	94	0.572	0.957	8.058E-01	4.890E-01	7.163E-01	4.228E-01	94
egfr-bridge-id1104	6lk8-assembly1_S	0.141	170	145	169	0.931	0.976	4.438E-01	4.154E-01	3.649E-01	2.531E-02	94
egfr-bridge-id1104	2yq8-assembly1_B	0.186	129	145	226	0.731	0.558	7.214E-01	5.425E-01	3.633E-01	3.470E-01	94
egfr-bridge-id1104	5ic8-assembly6_C	0.134	119	145	252	0.821	0.421	6.179E-01	4.760E-01	2.992E-01	9.144E-02	94
egfr-bridge-id1104	3txn-assembly1_A	0.154	162	145	353	0.979	0.450	7.339E-01	7.171E-01	3.333E-01	3.303E-01	94
egfr-bridge-id1104	6hix-assembly1_BE	0.149	127	145	392	0.807	0.314	7.668E-01	6.319E-01	2.563E-01	3.303E-01	94
egfr-bridge-id1104	6p7z-assembly1_A	0.126	158	145	425	0.924	0.339	5.819E-01	5.434E-01	2.199E-01	1.114E-01	94
egfr-bridge-id1104	5y88-assembly1_I	0.117	153	145	541	0.952	0.283	5.664E-01	5.423E-01	1.799E-01	1.114E-01	94
egfr-bridge-id1104	3k9i-assembly1_A-2	0.212	108	145	110	0.676	0.918	6.943E-01	4.904E-01	6.242E-01	1.826E-01	93
egfr-bridge-id1104	5a1v-assembly1_Q	0.173	115	145	292	0.772	0.394	8.307E-01	6.554E-01	3.452E-01	5.152E-01	93
egfr-bridge-id1104	4u0z-assembly3_H	0.240	104	145	318	0.690	0.321	6.796E-01	4.748E-01	2.281E-01	1.654E-01	93
egfr-bridge-id1104	7mxb-assembly1_A	0.144	97	145	672	0.648	0.143	8.115E-01	5.477E-01	1.303E-01	3.470E-01	93
egfr-bridge-id1104	8gix-assembly1_E	0.101	197	145	991	0.834	0.199	6.992E-01	6.004E-01	1.091E-01	3.144E-01	93
egfr-bridge-id1104	7wb4-assembly1_E	0.123	121	145	1363	0.683	0.088	5.994E-01	4.443E-01	6.295E-02	1.060E-01	93
egfr-bridge-id1104	6lk8-assembly1_U	0.146	177	145	173	0.959	0.994	4.683E-01	4.490E-01	3.854E-01	3.577E-02	92
egfr-bridge-id1104	3q5m-assembly1_A	0.135	177	145	210	0.924	0.805	5.322E-01	4.917E-01	3.489E-01	4.579E-02	92
egfr-bridge-id1104	5ic8-assembly5_A	0.123	121	145	284	0.834	0.380	6.233E-01	4.892E-01	2.789E-01	1.574E-01	92
egfr-bridge-id1104	2ond-assembly1_B	0.133	157	145	308	0.876	0.510	5.695E-01	5.085E-01	2.687E-01	8.703E-02	92
egfr-bridge-id1104	6fvu-assembly1_Q	0.110	127	145	434	0.786	0.288	7.187E-01	5.792E-01	2.196E-01	3.303E-01	92
egfr-bridge-id1104	3si5-assembly2_B	0.129	155	145	149	0.952	0.960	6.323E-01	6.048E-01	5.918E-01	1.738E-01	91
egfr-bridge-id1104	5jjx-assembly1_A	0.153	156	145	299	0.917	0.522	5.659E-01	5.250E-01	2.975E-01	1.060E-01	91
egfr-bridge-id1104	5oql-assembly1_E	0.149	134	145	331	0.910	0.353	5.609E-01	4.682E-01	2.304E-01	7.143E-02	91
egfr-bridge-id1104	4gpk-assembly1_A	0.233	150	145	343	0.897	0.429	6.711E-01	6.116E-01	2.969E-01	2.225E-01	91
egfr-bridge-id1104	5gjq-assembly1_Q	0.189	153	145	421	0.938	0.363	7.235E-01	6.829E-01	2.727E-01	3.470E-01	91
egfr-bridge-id1104	7bj1-assembly1_A	0.140	164	145	426	0.966	0.336	5.417E-01	5.234E-01	2.106E-01	9.607E-02	91
egfr-bridge-id1104	8fy3-assembly1_B	0.166	198	145	524	0.924	0.378	6.022E-01	5.592E-01	1.807E-01	1.292E-01	91
egfr-bridge-id1104	4y49-assembly2_G	0.135	118	145	770	0.807	0.148	6.401E-01	5.252E-01	1.248E-01	1.738E-01	91
egfr-bridge-id1104	8i0p-assembly1_J	0.121	140	145	249	0.903	0.534	6.070E-01	5.577E-01	3.596E-01	1.426E-01	90
egfr-bridge-id1104	5zyp-assembly1_A	0.207	135	145	340	0.807	0.397	6.698E-01	5.606E-01	2.706E-01	1.230E-01	90
egfr-bridge-id1104	6bk8-assembly1_T	0.121	189	145	483	0.993	0.391	4.697E-01	4.641E-01	1.602E-01	5.311E-02	90
egfr-bridge-id1104	4eba-assembly2_D	0.123	130	145	551	0.772	0.232	5.886E-01	4.762E-01	1.494E-01	9.607E-02	90
egfr-bridge-id1104	4b94-assembly3_C	0.157	133	145	137	0.821	0.920	7.120E-01	5.993E-01	6.287E-01	2.848E-01	89
egfr-bridge-id1104	6sn0-assembly1_D	0.137	145	145	218	0.821	0.651	7.294E-01	6.131E-01	4.304E-01	4.228E-01	89
egfr-bridge-id1104	3ly8-assembly1_A-2	0.191	120	145	323	0.752	0.365	6.832E-01	5.396E-01	2.720E-01	2.992E-01	89
egfr-bridge-id1104	5wlc-assembly1_LP	0.121	156	145	359	0.910	0.426	5.446E-01	5.060E-01	2.464E-01	5.862E-02	89
egfr-bridge-id1104	6p6k-assembly1_A	0.132	158	145	424	0.924	0.340	5.847E-01	5.453E-01	2.190E-01	1.574E-01	89
egfr-bridge-id1104	8r6s-assembly1_F	0.149	127	145	629	0.807	0.197	6.349E-01	5.340E-01	1.529E-01	2.015E-01	89
egfr-bridge-id1104	5a31-assembly1_O	0.172	133	145	685	0.834	0.187	7.307E-01	6.193E-01	1.516E-01	3.646E-01	89
egfr-bridge-id1104	4ui9-assembly1_O	0.172	133	145	685	0.834	0.187	7.307E-01	6.193E-01	1.516E-01	3.646E-01	89
egfr-bridge-id1104	3jcm-assembly1_G	0.129	154	145	734	0.924	0.210	6.543E-01	6.084E-01	1.416E-01	1.918E-01	89
egfr-bridge-id1104	6zwo-assembly1_B	0.125	120	145	1592	0.676	0.075	6.962E-01	4.863E-01	5.421E-02	2.580E-01	89
egfr-bridge-id1104	7tt1-assembly1_D	0.147	142	145	213	0.821	0.667	6.868E-01	5.847E-01	4.269E-01	3.144E-01	88
egfr-bridge-id1104	3ly9-assembly1_A-2	0.177	124	145	322	0.779	0.379	6.359E-01	5.225E-01	2.728E-01	2.848E-01	88
egfr-bridge-id1104	4eba-assembly3_E	0.131	129	145	578	0.772	0.221	5.994E-01	4.831E-01	1.447E-01	1.171E-01	88
egfr-bridge-id1104	2pzi-assembly2_B	0.171	169	145	644	0.959	0.261	6.215E-01	5.956E-01	1.596E-01	2.337E-01	88
egfr-bridge-id1104	4uqy-assembly1_A	0.165	127	145	257	0.772	0.490	5.994E-01	4.710E-01	2.766E-01	2.015E-01	87
egfr-bridge-id1104	5ic8-assembly6_B	0.126	119	145	282	0.821	0.376	6.311E-01	4.849E-01	2.743E-01	2.015E-01	87
egfr-bridge-id1104	8ro2-assembly1_J	0.118	202	145	561	0.966	0.351	4.367E-01	4.233E-01	1.378E-01	3.241E-02	87
egfr-bridge-id1104	2kck-assembly1_A	0.260	119	145	112	0.814	0.893	6.146E-01	4.438E-01	5.545E-01	1.498E-01	86
egfr-bridge-id1104	6au8-assembly1_A	0.110	145	145	280	0.855	0.511	5.045E-01	4.474E-01	2.650E-01	8.703E-02	86
egfr-bridge-id1104	7d5t-assembly1_B6	0.120	166	145	377	0.931	0.440	5.148E-01	4.865E-01	2.301E-01	7.504E-02	86
egfr-bridge-id1104	7mnj-assembly3_C	0.104	173	145	528	0.945	0.328	5.491E-01	5.217E-01	1.799E-01	1.292E-01	86
egfr-bridge-id1104	9hcj-assembly1_R0	0.141	162	145	1790	0.793	0.090	6.368E-01	5.278E-01	5.702E-02	2.015E-01	86
egfr-bridge-id1104	5wft-assembly1_A	0.118	93	145	118	0.634	0.771	6.626E-01	4.553E-01	5.383E-01	3.303E-01	85
egfr-bridge-id1104	5ic8-assembly5_D-2	0.134	119	145	259	0.821	0.409	6.071E-01	4.686E-01	2.894E-01	1.826E-01	85
egfr-bridge-id1104	3e37-assembly1_A	0.141	162	145	315	0.945	0.514	4.371E-01	4.185E-01	2.371E-01	5.862E-02	85
egfr-bridge-id1104	8r5o-assembly1_F	0.141	163	145	537	0.959	0.291	5.636E-01	5.420E-01	1.823E-01	1.574E-01	85
egfr-bridge-id1104	7mxb-assembly2_B	0.137	131	145	655	0.821	0.200	7.355E-01	6.140E-01	1.551E-01	4.442E-01	85
egfr-bridge-id1104	2kc7-assembly1_A	0.255	86	145	99	0.586	0.788	7.827E-01	4.345E-01	6.236E-01	5.687E-01	84
egfr-bridge-id1104	8sxh-assembly1_C	0.094	106	145	108	0.731	0.935	5.856E-01	4.444E-01	5.524E-01	2.225E-01	84
egfr-bridge-id1104	2lsu-assembly1_A	0.190	105	145	110	0.724	0.827	6.687E-01	4.328E-01	5.587E-01	2.337E-01	84
egfr-bridge-id1104	8xwx-assembly1_C	0.159	113	145	117	0.724	0.949	7.580E-01	5.678E-01	6.847E-01	8.036E-01	84
egfr-bridge-id1104	5jj7-assembly1_B	0.223	85	145	330	0.586	0.248	7.105E-01	4.168E-01	1.918E-01	3.470E-01	84
egfr-bridge-id1104	6g70-assembly1_A	0.165	157	145	509	0.917	0.308	5.454E-01	5.060E-01	1.744E-01	1.918E-01	84
egfr-bridge-id1104	4y49-assembly1_A	0.140	121	145	769	0.683	0.157	7.361E-01	5.202E-01	1.109E-01	5.152E-01	84
egfr-bridge-id1104	3mkq-assembly1_E	0.143	160	145	810	0.924	0.186	3.535E-01	3.283E-01	7.643E-02	1.977E-02	84
egfr-bridge-id1104	7tdz-assembly1_a	0.131	129	145	1352	0.697	0.095	5.455E-01	3.959E-01	6.189E-02	1.426E-01	84
egfr-bridge-id1104	8era-assembly1_A	0.151	145	145	2177	0.952	0.065	6.794E-01	6.481E-01	5.667E-02	4.442E-01	84
egfr-bridge-id1104	5wlc-assembly1_NJ	0.148	155	145	265	0.931	0.581	5.164E-01	4.875E-01	3.051E-01	1.358E-01	83
egfr-bridge-id1104	7ula-assembly1_B	0.120	175	145	316	0.910	0.525	6.499E-01	5.949E-01	2.968E-01	3.646E-01	83
egfr-bridge-id1104	6exn-assembly1_S	0.104	153	145	472	0.952	0.324	5.598E-01	5.345E-01	2.005E-01	2.992E-01	83
egfr-bridge-id1104	4q66-assembly1_B	0.162	117	145	507	0.738	0.225	7.884E-01	5.984E-01	1.885E-01	7.280E-01	83
egfr-bridge-id1104	6n7p-assembly1_D	0.096	156	145	544	0.869	0.285	5.406E-01	4.823E-01	1.621E-01	1.426E-01	83
egfr-bridge-id1104	4in3-assembly1_D	0.141	127	145	632	0.745	0.191	7.520E-01	5.783E-01	1.481E-01	6.277E-01	83
egfr-bridge-id1104	2pzi-assembly1_A	0.166	132	145	654	0.814	0.200	7.845E-01	6.503E-01	1.616E-01	9.319E-01	83
egfr-bridge-id1104	8rdj-assembly1_F	0.141	163	145	660	0.959	0.236	5.610E-01	5.403E-01	1.520E-01	1.738E-01	83
egfr-bridge-id1104	8ch6-assembly1_z	0.150	146	145	692	0.848	0.208	5.322E-01	4.672E-01	1.268E-01	6.471E-02	83
egfr-bridge-id1104	9dtr-assembly1_T	0.200	120	145	707	0.745	0.164	6.759E-01	5.280E-01	1.299E-01	3.470E-01	83
egfr-bridge-id1104	8qvx-assembly1_B	0.143	174	145	438	0.917	0.381	4.950E-01	4.545E-01	1.669E-01	1.009E-01	82
egfr-bridge-id1104	6pw9-assembly1_B	0.146	143	145	665	0.800	0.208	5.418E-01	4.400E-01	1.140E-01	1.574E-01	82
egfr-bridge-id1104	9hcj-assembly1_00	0.164	128	145	780	0.821	0.160	6.955E-01	5.906E-01	1.344E-01	5.687E-01	82
egfr-bridge-id1104	3bee-assembly2_B	0.147	88	145	91	0.586	0.956	7.393E-01	4.694E-01	6.933E-01	6.277E-01	81
egfr-bridge-id1104	4fj3-assembly1_A	0.136	168	145	220	0.952	0.750	5.646E-01	5.374E-01	3.750E-01	1.918E-01	81
egfr-bridge-id1104	2npm-assembly1_B	0.137	167	145	235	0.966	0.706	5.442E-01	5.243E-01	3.384E-01	1.738E-01	81
egfr-bridge-id1104	1zbp-assembly1_A	0.185	124	145	266	0.752	0.459	6.384E-01	4.871E-01	2.747E-01	3.646E-01	81
egfr-bridge-id1104	3qou-assembly1_A	0.125	151	145	282	0.800	0.525	4.420E-01	3.549E-01	1.887E-01	8.284E-02	81
egfr-bridge-id1104	3rib-assembly2_B	0.138	144	145	418	0.890	0.328	5.970E-01	5.410E-01	2.225E-01	2.711E-01	81
egfr-bridge-id1104	8ras-assembly1_F	0.141	163	145	568	0.959	0.275	5.591E-01	5.378E-01	1.729E-01	2.117E-01	81
egfr-bridge-id1104	6ah0-assembly1_N	0.133	142	145	579	0.910	0.238	5.877E-01	5.407E-01	1.663E-01	2.992E-01	81
egfr-bridge-id1104	8f5p-assembly1_D	0.183	131	145	612	0.800	0.209	5.955E-01	4.933E-01	1.500E-01	1.826E-01	81
egfr-bridge-id1104	7qij-assembly2_MC	0.154	97	145	96	0.669	0.917	8.469E-01	5.379E-01	7.777E-01	1.029E+00	80
egfr-bridge-id1104	3esl-assembly2_B	0.068	161	145	202	0.952	0.772	6.529E-01	6.235E-01	4.764E-01	4.667E-01	80
egfr-bridge-id1104	3rjv-assembly1_A	0.153	143	145	208	0.841	0.659	5.672E-01	4.824E-01	3.469E-01	1.918E-01	80
egfr-bridge-id1104	4bta-assembly1_B	0.182	115	145	211	0.710	0.526	6.846E-01	5.026E-01	3.603E-01	7.280E-01	80
egfr-bridge-id1104	8bwc-assembly1_D	0.146	191	145	218	0.938	0.858	4.856E-01	4.560E-01	3.128E-01	8.284E-02	80
egfr-bridge-id1104	3kae-assembly1_A	0.175	165	145	225	0.807	0.707	5.428E-01	4.458E-01	3.005E-01	1.574E-01	80
egfr-bridge-id1104	9dze-assembly1_S	0.184	141	145	316	0.834	0.446	5.476E-01	4.714E-01	2.589E-01	3.303E-01	80
egfr-bridge-id1104	3lew-assembly1_A	0.157	114	145	476	0.448	0.239	8.841E-01	4.117E-01	1.308E-01	1.384E+00	80
egfr-bridge-id1104	8q7n-assembly1_N	0.122	204	145	791	0.945	0.257	3.962E-01	3.740E-01	8.806E-02	4.359E-02	80
egfr-bridge-id1104	3dpy-assembly1_A	0.129	162	145	323	0.945	0.502	4.247E-01	4.050E-01	2.280E-01	9.144E-02	79
egfr-bridge-id1104	5l9u-assembly1_X	0.174	172	145	380	0.848	0.439	3.649E-01	3.222E-01	1.641E-01	1.470E-02	79
egfr-bridge-id1104	6s2k-assembly2_B	0.157	95	145	463	0.559	0.203	7.134E-01	4.311E-01	1.525E-01	4.667E-01	79
egfr-bridge-id1104	5zwm-assembly1_N	0.166	120	145	728	0.752	0.159	5.617E-01	4.427E-01	1.098E-01	1.738E-01	79
egfr-bridge-id1104	3uux-assembly1_A	0.149	107	145	127	0.690	0.843	7.816E-01	5.655E-01	6.340E-01	1.081E+00	78
egfr-bridge-id1104	9co0-assembly1_D	0.146	184	145	205	0.938	0.878	5.110E-01	4.788E-01	3.484E-01	1.654E-01	78
egfr-bridge-id1104	9cnx-assembly1_D	0.143	167	145	211	0.910	0.777	5.229E-01	4.768E-01	3.376E-01	1.826E-01	78
egfr-bridge-id1104	6xss-assembly1_A	0.295	115	145	260	0.793	0.408	7.174E-01	5.281E-01	3.003E-01	8.870E-01	78
egfr-bridge-id1104	7x9s-assembly1_A	0.200	140	145	404	0.821	0.329	7.329E-01	6.104E-01	2.404E-01	9.319E-01	78
egfr-bridge-id1104	6vp9-assembly1_B	0.192	130	145	914	0.710	0.141	6.629E-01	5.014E-01	9.737E-02	3.830E-01	78
egfr-bridge-id1104	6bcu-assembly1_B	0.149	147	145	2204	0.952	0.064	6.709E-01	6.394E-01	5.550E-02	5.975E-01	78
egfr-bridge-id1104	8sxe-assembly1_C	0.111	126	145	140	0.786	0.850	5.275E-01	4.380E-01	4.497E-01	2.456E-01	77
egfr-bridge-id1104	2yhc-assembly1_A	0.146	177	145	209	0.938	0.828	4.845E-01	4.538E-01	3.241E-01	1.498E-01	77
egfr-bridge-id1104	5ftp-assembly1_A	0.131	197	145	230	0.931	0.822	4.256E-01	3.990E-01	2.724E-01	5.862E-02	77
egfr-bridge-id1104	6rxz-assembly1_Cz	0.157	152	145	275	0.910	0.538	5.361E-01	4.956E-01	2.990E-01	2.580E-01	77
egfr-bridge-id1104	4d18-assembly2_J	0.152	131	145	403	0.841	0.323	6.921E-01	6.002E-01	2.504E-01	8.870E-01	77
egfr-bridge-id1104	4e85-assembly1_B	0.146	157	145	552	0.779	0.279	5.081E-01	4.097E-01	1.280E-01	9.607E-02	77
egfr-bridge-id1104	8fgw-assembly1_E	0.141	170	145	603	0.972	0.267	3.526E-01	3.425E-01	1.178E-01	4.811E-02	77
egfr-bridge-id1104	7mnn-assembly2_B	0.109	173	145	604	0.945	0.286	5.385E-01	5.127E-01	1.582E-01	2.711E-01	77
egfr-bridge-id1104	8ruy-assembly1_G	0.193	160	145	619	0.910	0.252	5.248E-01	4.832E-01	1.575E-01	2.580E-01	77
egfr-bridge-id1104	8gix-assembly1_D	0.091	197	145	750	0.834	0.263	6.940E-01	5.970E-01	1.413E-01	1.081E+00	77
egfr-bridge-id1104	9f44-assembly1_A	0.096	165	145	2192	0.807	0.075	6.664E-01	5.569E-01	4.929E-02	4.442E-01	77
egfr-bridge-id1104	3ffl-assembly2_D	0.150	100	145	123	0.600	0.813	8.099E-01	5.105E-01	5.919E-01	1.384E+00	76
egfr-bridge-id1104	6sn7-assembly1_D	0.174	166	145	218	0.862	0.743	4.456E-01	3.872E-01	2.672E-01	1.171E-01	76
egfr-bridge-id1104	7abi-assembly1_O	0.117	136	145	248	0.938	0.528	6.134E-01	5.641E-01	3.684E-01	6.595E-01	76
egfr-bridge-id1104	7zy4-assembly1_A	0.158	139	145	305	0.800	0.456	4.712E-01	3.890E-01	2.109E-01	1.230E-01	76
egfr-bridge-id1104	1nl4-assembly1_A	0.133	165	145	312	0.966	0.529	4.241E-01	4.111E-01	2.339E-01	1.426E-01	76
egfr-bridge-id1104	3jck-assembly1_C	0.132	159	145	378	0.917	0.415	7.110E-01	6.559E-01	2.842E-01	9.791E-01	76
egfr-bridge-id1104	6wcj-assembly1_C	0.189	132	145	394	0.800	0.332	4.459E-01	3.751E-01	1.736E-01	8.284E-02	76
egfr-bridge-id1104	8bh8-assembly1_A	0.188	106	145	523	0.648	0.185	4.592E-01	3.026E-01	9.444E-02	4.149E-02	76
egfr-bridge-id1104	3esl-assembly1_A	0.066	165	145	195	0.972	0.815	6.293E-01	6.113E-01	4.824E-01	5.687E-01	75
egfr-bridge-id1104	3ksl-assembly1_A	0.128	164	145	315	0.959	0.521	4.117E-01	3.978E-01	2.326E-01	1.114E-01	75
egfr-bridge-id1104	7mqa-assembly1_LP	0.165	151	145	566	0.883	0.265	5.274E-01	4.766E-01	1.570E-01	2.337E-01	75
egfr-bridge-id1104	7mno-assembly2_B	0.109	173	145	604	0.945	0.286	5.306E-01	5.051E-01	1.570E-01	3.303E-01	75
egfr-bridge-id1104	5l9u-assembly1_O	0.172	133	145	676	0.834	0.189	7.307E-01	6.193E-01	1.535E-01	1.029E+00	75
egfr-bridge-id1104	5k04-assembly1_A	0.233	120	145	732	0.828	0.156	4.974E-01	4.156E-01	1.153E-01	1.358E-01	75
egfr-bridge-id1104	7peb-assembly1_A	0.096	165	145	2192	0.807	0.075	6.437E-01	5.379E-01	4.831E-02	3.830E-01	75
egfr-bridge-id1104	7qij-assembly2_LC	0.163	98	145	105	0.676	0.914	8.329E-01	5.753E-01	7.644E-01	1.771E+00	74
egfr-bridge-id1104	2wvi-assembly1_A	0.132	143	145	160	0.959	0.769	5.289E-01	4.627E-01	4.279E-01	2.456E-01	74
egfr-bridge-id1104	7vep-assembly1_A	0.250	76	145	274	0.490	0.270	8.427E-01	4.344E-01	2.374E-01	1.686E+00	74
egfr-bridge-id1104	5jj6-assembly2_A	0.203	103	145	330	0.710	0.300	7.058E-01	4.993E-01	2.330E-01	9.319E-01	74
egfr-bridge-id1104	5z2c-assembly8_H	0.122	187	145	423	0.814	0.442	6.313E-01	5.209E-01	1.986E-01	5.975E-01	74
egfr-bridge-id1104	6j30-assembly1_Q	0.125	144	145	431	0.848	0.334	6.474E-01	5.637E-01	2.294E-01	5.975E-01	74
egfr-bridge-id1104	7dco-assembly1_J	0.114	157	145	554	0.966	0.280	5.170E-01	5.009E-01	1.688E-01	3.470E-01	74
egfr-bridge-id1104	6lys-assembly1_D	0.143	174	145	208	0.924	0.822	5.024E-01	4.640E-01	3.315E-01	2.337E-01	73
egfr-bridge-id1104	4cr2-assembly1_P	0.152	125	145	415	0.772	0.299	7.545E-01	6.052E-01	2.382E-01	1.081E+00	73
egfr-bridge-id1104	7mq8-assembly1_LP	0.169	153	145	567	0.883	0.265	4.990E-01	4.525E-01	1.501E-01	2.117E-01	73
egfr-bridge-id1104	9gaw-assembly1_O	0.113	176	145	699	0.945	0.252	4.953E-01	4.690E-01	1.184E-01	4.442E-01	73
egfr-bridge-id1104	6q6h-assembly1_O	0.141	155	145	703	0.834	0.220	7.169E-01	6.066E-01	1.415E-01	9.319E-01	73
egfr-bridge-id1104	7pqh-assembly1_K	0.130	168	145	1157	0.917	0.142	3.846E-01	3.538E-01	5.330E-02	7.504E-02	73
egfr-bridge-id1104	6nd1-assembly1_F	0.168	83	145	92	0.572	0.902	8.311E-01	4.992E-01	7.517E-01	1.605E+00	72
egfr-bridge-id1104	8fit-assembly2_C	0.194	175	145	219	0.959	0.776	3.719E-01	3.572E-01	2.528E-01	6.471E-02	72
egfr-bridge-id1104	6a5s-assembly2_G	0.118	169	145	228	0.945	0.728	4.669E-01	4.426E-01	3.080E-01	1.826E-01	72
egfr-bridge-id1104	7a5p-assembly1_O	0.156	153	145	261	0.924	0.559	4.812E-01	4.517E-01	2.864E-01	1.826E-01	72
egfr-bridge-id1104	5lcw-assembly1_S	0.116	154	145	277	0.952	0.509	6.175E-01	5.902E-01	3.447E-01	7.280E-01	72
egfr-bridge-id1104	7mnl-assembly2_B	0.109	165	145	594	0.938	0.278	5.375E-01	5.068E-01	1.585E-01	4.667E-01	72
egfr-bridge-id1104	3mkq-assembly1_C	0.146	177	145	811	0.821	0.218	2.846E-01	2.382E-01	6.039E-02	8.539E-03	72
egfr-bridge-id1104	4gq2-assembly1_M	0.138	144	145	904	0.807	0.152	6.108E-01	5.122E-01	1.050E-01	6.595E-01	72
egfr-bridge-id1104	6sb2-assembly1_B	0.085	163	145	2178	0.793	0.075	6.663E-01	5.524E-01	4.905E-02	7.280E-01	72
egfr-bridge-id1104	8xvv-assembly1_L	0.179	117	145	3485	0.697	0.030	6.167E-01	4.413E-01	2.257E-02	4.442E-01	72
egfr-bridge-id1104	8f5o-assembly1_E	0.139	151	145	1076	0.800	0.133	6.217E-01	5.074E-01	7.811E-02	5.152E-01	71
egfr-bridge-id1104	8qn4-assembly1_D	0.157	190	145	213	0.938	0.878	4.874E-01	4.572E-01	3.242E-01	2.117E-01	70
egfr-bridge-id1104	7d8p-assembly1_A	0.119	168	145	225	0.945	0.720	4.030E-01	3.805E-01	2.688E-01	1.292E-01	70
egfr-bridge-id1104	5ftp-assembly1_B	0.133	195	145	242	0.917	0.773	4.353E-01	4.022E-01	2.657E-01	1.498E-01	70
egfr-bridge-id1104	7ru9-assembly1_C	0.097	164	145	271	0.924	0.579	4.309E-01	4.031E-01	2.472E-01	1.654E-01	70
egfr-bridge-id1104	5khr-assembly1_O	0.166	138	145	603	0.848	0.227	7.475E-01	6.472E-01	1.809E-01	1.686E+00	70
egfr-bridge-id1104	7fik-assembly1_O	0.198	116	145	683	0.697	0.161	5.590E-01	4.131E-01	1.086E-01	3.144E-01	70
egfr-bridge-id1104	6tnt-assembly1_O	0.141	155	145	688	0.834	0.225	6.666E-01	5.631E-01	1.369E-01	8.442E-01	70
egfr-bridge-id1104	4n5c-assembly7_G	0.139	165	145	735	0.841	0.224	6.016E-01	5.108E-01	1.156E-01	7.648E-01	70
egfr-bridge-id1104	7wb4-assembly1_e	0.112	142	145	1310	0.834	0.103	4.871E-01	4.135E-01	6.990E-02	3.646E-01	70
egfr-bridge-id1104	2l6j-assembly1_A	0.192	109	145	111	0.731	0.829	5.283E-01	3.693E-01	4.549E-01	3.303E-01	69
egfr-bridge-id1104	4ymr-assembly1_B	0.158	126	145	129	0.807	0.829	5.354E-01	4.001E-01	4.467E-01	4.903E-01	69
egfr-bridge-id1104	4z29-assembly2_B	0.183	87	145	169	0.572	0.485	6.051E-01	3.838E-01	3.392E-01	8.036E-01	69
egfr-bridge-id1104	6sgb-assembly1_FX	0.165	127	145	220	0.821	0.518	6.437E-01	5.280E-01	3.746E-01	7.280E-01	69
egfr-bridge-id1104	7xbq-assembly2_B	0.128	164	145	235	0.917	0.685	5.218E-01	4.841E-01	3.156E-01	3.830E-01	69
egfr-bridge-id1104	5wyj-assembly1_R2	0.157	165	145	272	0.931	0.596	5.096E-01	4.793E-01	2.879E-01	3.470E-01	69
egfr-bridge-id1104	4di4-assembly1_A	0.118	219	145	273	0.924	0.788	4.750E-01	4.409E-01	2.563E-01	2.225E-01	69
egfr-bridge-id1104	3mkq-assembly1_A	0.170	158	145	811	0.779	0.195	3.059E-01	2.448E-01	6.124E-02	2.936E-02	69
egfr-bridge-id1104	6bcx-assembly1_B	0.098	163	145	2178	0.793	0.075	6.368E-01	5.258E-01	4.775E-02	6.277E-01	69
egfr-bridge-id1104	2n8i-assembly1_A	0.247	85	145	100	0.572	0.720	5.948E-01	3.302E-01	4.493E-01	6.929E-01	68
egfr-bridge-id1104	6e9z-assembly1_B	0.168	184	145	225	0.966	0.787	3.356E-01	3.254E-01	2.353E-01	4.149E-02	68
egfr-bridge-id1104	2v7d-assembly2_C	0.133	165	145	226	0.945	0.730	5.288E-01	4.994E-01	3.375E-01	4.024E-01	68
egfr-bridge-id1104	4e85-assembly1_A	0.147	156	145	555	0.772	0.276	5.057E-01	4.058E-01	1.253E-01	2.225E-01	68
egfr-bridge-id1104	1nzn-assembly1_A	0.135	111	145	122	0.703	0.910	7.942E-01	5.744E-01	6.709E-01	3.049E+00	67
egfr-bridge-id1104	2lah-assembly1_A	0.105	151	145	160	0.938	0.887	5.635E-01	5.329E-01	4.936E-01	5.975E-01	67
egfr-bridge-id1104	3qdn-assembly2_B	0.126	150	145	280	0.800	0.529	4.333E-01	3.485E-01	1.865E-01	2.992E-01	67
egfr-bridge-id1104	6a73-assembly2_B	0.168	125	145	290	0.772	0.428	5.550E-01	4.571E-01	2.687E-01	5.975E-01	67
egfr-bridge-id1104	3lpz-assembly1_A	0.143	160	145	314	0.814	0.510	3.625E-01	3.019E-01	1.629E-01	1.171E-01	67
egfr-bridge-id1104	9dze-assembly1_B	0.168	166	145	316	0.924	0.522	4.771E-01	4.455E-01	2.542E-01	4.667E-01	67
egfr-bridge-id1104	5y5a-assembly1_A	0.100	159	145	514	0.745	0.302	6.511E-01	4.888E-01	1.473E-01	1.193E+00	67
egfr-bridge-id1104	4q66-assembly2_K	0.159	119	145	593	0.738	0.196	7.480E-01	5.745E-01	1.595E-01	1.605E+00	67
egfr-bridge-id1104	7ywy-assembly1_a	0.171	99	145	88	0.683	0.920	5.372E-01	3.184E-01	4.943E-01	4.228E-01	66
egfr-bridge-id1104	4aez-assembly1_C	0.133	105	145	215	0.655	0.484	6.550E-01	4.513E-01	3.205E-01	8.870E-01	66
egfr-bridge-id1104	5m36-assembly1_B	0.149	167	145	219	0.959	0.744	5.158E-01	4.977E-01	3.555E-01	5.975E-01	66
egfr-bridge-id1104	9dze-assembly1_c	0.193	129	145	274	0.828	0.423	4.296E-01	3.545E-01	2.077E-01	2.992E-01	66
egfr-bridge-id1104	4e6h-assembly1_A-2	0.133	150	145	553	0.772	0.271	4.951E-01	3.923E-01	1.187E-01	3.470E-01	66
egfr-bridge-id1104	7pe7-assembly1_A	0.119	134	145	2194	0.690	0.061	6.608E-01	4.885E-01	4.169E-02	8.870E-01	66
egfr-bridge-id1104	7ni5-assembly1_A	0.089	134	145	2791	0.800	0.046	7.221E-01	5.898E-01	3.740E-02	1.771E+00	66
egfr-bridge-id1104	6f09-assembly4_Q	0.141	170	145	225	0.966	0.756	5.289E-01	5.092E-01	3.471E-01	5.687E-01	65
egfr-bridge-id1104	6e9t-assembly1_B	0.160	174	145	227	0.945	0.767	2.805E-01	2.660E-01	1.875E-01	3.241E-02	65
egfr-bridge-id1104	4d0p-assembly1_A	0.153	176	145	371	0.959	0.466	5.427E-01	5.212E-01	2.377E-01	8.036E-01	65
egfr-bridge-id1104	3jco-assembly1_P	0.160	125	145	431	0.772	0.288	7.282E-01	5.850E-01	2.243E-01	1.384E+00	65
egfr-bridge-id1104	4q66-assembly1_E	0.158	120	145	557	0.738	0.210	7.925E-01	6.021E-01	1.734E-01	2.763E+00	65
egfr-bridge-id1104	4eba-assembly1_A	0.136	154	145	585	0.779	0.258	4.793E-01	3.847E-01	1.195E-01	3.144E-01	65
egfr-bridge-id1104	8bbg-assembly1_E	0.134	179	145	1112	0.821	0.160	3.814E-01	3.140E-01	4.392E-02	1.654E-01	65
egfr-bridge-id1104	8f5p-assembly1_B	0.162	148	145	1128	0.676	0.131	3.484E-01	2.429E-01	4.926E-02	6.471E-02	65
egfr-bridge-id1104	7ni6-assembly1_B	0.149	147	145	1423	0.793	0.101	5.946E-01	4.806E-01	5.733E-02	6.929E-01	65
egfr-bridge-id1104	8f6q-assembly1_A	0.192	140	145	199	0.821	0.668	4.033E-01	3.404E-01	2.631E-01	2.580E-01	64
egfr-bridge-id1104	3efz-assembly1_A	0.134	178	145	216	0.959	0.810	4.734E-01	4.576E-01	3.344E-01	4.024E-01	64
egfr-bridge-id1104	5xw7-assembly2_B	0.157	171	145	218	0.869	0.780	3.618E-01	3.148E-01	2.159E-01	1.009E-01	64
egfr-bridge-id1104	6ygj-assembly1_F-2	0.083	167	145	228	0.945	0.719	4.694E-01	4.470E-01	3.139E-01	4.667E-01	64
egfr-bridge-id1104	3zn3-assembly1_A-2	0.117	179	145	246	0.931	0.699	3.848E-01	3.587E-01	2.294E-01	2.337E-01	64
egfr-bridge-id1104	5jjw-assembly1_A	0.125	143	145	296	0.910	0.416	4.651E-01	4.032E-01	2.212E-01	4.228E-01	64
egfr-bridge-id1104	8ruy-assembly1_g	0.192	166	145	619	0.945	0.260	3.901E-01	3.755E-01	1.398E-01	1.574E-01	64
egfr-bridge-id1104	8d9f-assembly1_A	0.117	222	145	670	0.945	0.328	5.504E-01	5.217E-01	1.344E-01	8.870E-01	64
egfr-bridge-id1104	8bjq-assembly1_D	0.165	133	145	796	0.814	0.162	4.376E-01	3.743E-01	1.075E-01	3.144E-01	64
egfr-bridge-id1104	7stx-assembly1_B	0.175	171	145	914	0.869	0.183	5.388E-01	4.782E-01	1.029E-01	5.975E-01	64
egfr-bridge-id1104	8bbf-assembly1_B	0.120	166	145	1099	0.821	0.146	2.634E-01	2.207E-01	4.946E-02	2.183E-02	64
egfr-bridge-id1104	8rch-assembly1_B	0.126	166	145	2036	0.807	0.081	4.567E-01	3.785E-01	3.719E-02	2.580E-01	64
egfr-bridge-id1104	7uxh-assembly1_C	0.116	146	145	2188	0.834	0.064	5.578E-01	4.745E-01	3.921E-02	7.648E-01	64
egfr-bridge-id1104	7vvz-assembly1_L	0.169	112	145	3513	0.648	0.031	6.386E-01	4.277E-01	2.431E-02	1.253E+00	64
egfr-bridge-id1104	5cwn-assembly1_A	0.148	162	145	207	0.945	0.739	2.703E-01	2.593E-01	2.097E-01	3.758E-02	63
egfr-bridge-id1104	6qzr-assembly2_D-3	0.132	166	145	219	0.938	0.712	4.669E-01	4.389E-01	3.088E-01	4.442E-01	63
egfr-bridge-id1104	5d2d-assembly1_B	0.150	173	145	226	0.945	0.739	4.180E-01	3.999E-01	2.894E-01	2.848E-01	63
egfr-bridge-id1104	8gh2-assembly1_E	0.153	176	145	258	0.917	0.678	4.098E-01	3.750E-01	2.199E-01	2.848E-01	63
egfr-bridge-id1104	3j8c-assembly1_E	0.152	125	145	384	0.779	0.318	6.918E-01	5.521E-01	2.356E-01	2.158E+00	63
egfr-bridge-id1104	4uer-assembly1_a	0.126	182	145	449	0.828	0.405	5.230E-01	4.483E-01	1.759E-01	5.687E-01	63
egfr-bridge-id1104	8bbg-assembly1_B	0.177	169	145	1426	0.834	0.118	3.276E-01	2.783E-01	4.413E-02	6.799E-02	63
egfr-bridge-id1104	1iyg-assembly1_A	0.146	116	145	133	0.738	0.835	7.579E-01	5.721E-01	6.187E-01	3.366E+00	62
egfr-bridge-id1104	5lu1-assembly2_E	0.107	168	145	227	0.959	0.740	4.076E-01	3.910E-01	2.794E-01	2.337E-01	62
egfr-bridge-id1104	2v7d-assembly1_A	0.111	171	145	228	0.952	0.750	4.470E-01	4.308E-01	3.022E-01	3.470E-01	62
egfr-bridge-id1104	3qdn-assembly1_A	0.127	157	145	285	0.800	0.519	4.424E-01	3.546E-01	1.841E-01	4.442E-01	62
egfr-bridge-id1104	5jj7-assembly1_A	0.213	103	145	330	0.697	0.303	6.652E-01	4.784E-01	2.277E-01	1.527E+00	62
egfr-bridge-id1104	2uy1-assembly1_B	0.097	143	145	384	0.903	0.365	5.113E-01	4.678E-01	2.067E-01	5.975E-01	62
egfr-bridge-id1104	7kts-assembly1_A	0.134	178	145	3042	0.786	0.059	4.811E-01	3.821E-01	2.919E-02	4.024E-01	62
egfr-bridge-id1104	7ya9-assembly1_A-2	0.137	109	145	125	0.690	0.872	7.737E-01	5.540E-01	6.316E-01	3.904E+00	61
egfr-bridge-id1104	5cwm-assembly1_A	0.191	141	145	226	0.910	0.575	2.705E-01	2.461E-01	1.729E-01	4.359E-02	61
egfr-bridge-id1104	7zit-assembly1_B	0.139	172	145	230	0.938	0.735	4.499E-01	4.242E-01	2.922E-01	3.646E-01	61
egfr-bridge-id1104	6yr5-assembly2_C	0.096	165	145	225	0.959	0.729	4.222E-01	4.038E-01	2.774E-01	3.303E-01	60
egfr-bridge-id1104	2xgs-assembly2_B	0.140	100	145	479	0.683	0.205	5.960E-01	4.427E-01	1.645E-01	1.384E+00	60
egfr-bridge-id1104	4n5c-assembly6_F	0.217	115	145	727	0.738	0.146	6.509E-01	4.990E-01	1.192E-01	1.527E+00	60
egfr-bridge-id1104	8y6o-assembly1_G	0.140	206	145	793	0.959	0.259	2.353E-01	2.260E-01	6.950E-02	3.758E-02	60
egfr-bridge-id1104	8u1z-assembly1_A	0.146	116	145	125	0.738	0.888	7.559E-01	5.728E-01	6.533E-01	4.309E+00	59
egfr-bridge-id1104	7tt5-assembly1_D	0.126	95	145	153	0.634	0.608	5.866E-01	3.831E-01	3.644E-01	1.081E+00	59
egfr-bridge-id1104	1ni1-assembly1_A	0.100	219	145	312	0.966	0.702	3.344E-01	3.242E-01	1.936E-01	1.654E-01	59
egfr-bridge-id1104	6fvw-assembly1_P	0.125	176	145	440	0.959	0.400	5.060E-01	4.849E-01	1.901E-01	8.442E-01	59
egfr-bridge-id1104	9ep1-assembly1_D	0.154	97	145	561	0.648	0.173	6.221E-01	4.285E-01	1.347E-01	1.454E+00	59
egfr-bridge-id1104	4in3-assembly1_B	0.142	126	145	589	0.738	0.204	7.566E-01	5.763E-01	1.572E-01	3.537E+00	59
egfr-bridge-id1104	6g7b-assembly2_A	0.118	118	145	146	0.579	0.808	5.061E-01	3.008E-01	2.988E-01	9.791E-01	58
egfr-bridge-id1104	8fbn-assembly1_E	0.157	190	145	226	0.993	0.827	3.879E-01	3.854E-01	2.804E-01	3.646E-01	58
egfr-bridge-id1104	7rdr-assembly1_A	0.083	180	145	456	0.966	0.382	3.157E-01	3.059E-01	1.233E-01	1.574E-01	58
egfr-bridge-id1104	5o2o-assembly1_A	0.134	134	145	576	0.786	0.220	4.947E-01	4.010E-01	1.144E-01	8.036E-01	58
egfr-bridge-id1104	6u3w-assembly1_B	0.107	195	145	291	0.897	0.667	4.665E-01	4.211E-01	2.328E-01	8.442E-01	57
egfr-bridge-id1104	5ctq-assembly2_C	0.149	161	145	495	0.814	0.325	3.991E-01	3.341E-01	1.140E-01	2.992E-01	57
egfr-bridge-id1104	7y85-assembly1_D	0.107	167	145	652	0.897	0.256	5.741E-01	5.208E-01	1.438E-01	1.861E+00	57
egfr-bridge-id1104	8rbz-assembly1_h	0.143	174	145	887	0.924	0.192	4.405E-01	4.080E-01	8.450E-02	6.277E-01	57
egfr-bridge-id1104	8f5o-assembly1_C	0.189	164	145	1179	0.917	0.136	3.010E-01	2.877E-01	7.058E-02	1.230E-01	57
egfr-bridge-id1104	6w1e-assembly1_A-2	0.080	137	145	202	0.814	0.673	6.111E-01	5.196E-01	3.991E-01	2.902E+00	56
egfr-bridge-id1104	5m36-assembly1_A	0.123	162	145	221	0.945	0.733	4.406E-01	4.186E-01	2.984E-01	6.929E-01	56
egfr-bridge-id1104	1yz5-assembly1_A	0.132	173	145	223	0.959	0.749	3.713E-01	3.591E-01	2.745E-01	3.303E-01	56
egfr-bridge-id1104	6fel-assembly2_D	0.142	147	145	228	0.890	0.614	3.850E-01	3.475E-01	2.452E-01	2.848E-01	56
egfr-bridge-id1104	6sip-assembly1_A	0.146	177	145	231	0.966	0.732	4.130E-01	3.977E-01	2.706E-01	5.413E-01	56
egfr-bridge-id1104	5bwk-assembly1_E	0.140	171	145	291	0.931	0.550	3.329E-01	3.116E-01	1.772E-01	2.848E-01	56
egfr-bridge-id1104	4u1d-assembly1_C	0.142	133	145	444	0.793	0.295	4.159E-01	3.499E-01	1.461E-01	5.152E-01	56
egfr-bridge-id1104	4um2-assembly1_A	0.126	142	145	510	0.793	0.257	4.246E-01	3.478E-01	1.185E-01	4.903E-01	56
egfr-bridge-id1104	6j6h-assembly1_v	0.159	132	145	722	0.786	0.179	5.899E-01	4.863E-01	1.277E-01	1.955E+00	56
egfr-bridge-id1104	8hme-assembly1_D	0.150	200	145	1084	0.966	0.182	2.285E-01	2.197E-01	4.946E-02	3.758E-02	56
egfr-bridge-id1104	8g9j-assembly1_A	0.220	168	145	201	0.972	0.816	2.203E-01	2.153E-01	1.762E-01	2.936E-02	55
egfr-bridge-id1104	6sio-assembly1_A-2	0.164	170	145	225	0.966	0.724	4.212E-01	4.110E-01	2.893E-01	5.975E-01	55
egfr-bridge-id1104	6g7c-assembly1_A	0.114	174	145	234	0.931	0.744	3.942E-01	3.689E-01	2.457E-01	5.687E-01	55
egfr-bridge-id1104	5ok9-assembly1_E	0.119	168	145	240	0.959	0.700	4.241E-01	4.063E-01	2.725E-01	5.687E-01	55
egfr-bridge-id1104	5xw7-assembly1_A	0.140	214	145	243	0.917	0.881	3.334E-01	3.052E-01	1.899E-01	2.117E-01	55
egfr-bridge-id1104	6h5f-assembly1_A	0.133	135	145	563	0.786	0.226	4.732E-01	3.817E-01	1.140E-01	9.319E-01	55
egfr-bridge-id1104	7cun-assembly1_H	0.143	174	145	912	0.924	0.186	4.402E-01	4.075E-01	8.210E-02	7.280E-01	55
egfr-bridge-id1104	8rc4-assembly1_h	0.125	168	145	956	0.897	0.172	4.846E-01	4.353E-01	8.293E-02	1.317E+00	55
egfr-bridge-id1104	4fr3-assembly1_A-2	0.127	172	145	228	0.966	0.737	4.075E-01	3.923E-01	2.718E-01	5.413E-01	54
egfr-bridge-id1104	6t5f-assembly1_B	0.121	173	145	231	0.959	0.736	4.145E-01	3.969E-01	2.755E-01	5.687E-01	54
egfr-bridge-id1104	5ok9-assembly1_F	0.125	168	145	239	0.959	0.703	4.137E-01	3.957E-01	2.679E-01	5.413E-01	54
egfr-bridge-id1104	8fbo-assembly1_C	0.161	161	145	254	0.917	0.606	3.325E-01	3.110E-01	2.176E-01	2.992E-01	54
egfr-bridge-id1104	5mpe-assembly1_R	0.172	168	145	381	0.924	0.441	6.383E-01	5.942E-01	2.581E-01	2.503E+00	54
egfr-bridge-id1104	6j2n-assembly1_R	0.190	152	145	400	0.945	0.368	5.381E-01	5.145E-01	2.282E-01	1.605E+00	54
egfr-bridge-id1104	6w2t-assembly1_1	0.146	109	145	534	0.703	0.193	5.169E-01	3.926E-01	1.305E-01	1.317E+00	54
egfr-bridge-id1104	6zwm-assembly1_A	0.108	138	145	2184	0.669	0.063	7.609E-01	5.351E-01	4.232E-02	4.527E+00	54
egfr-bridge-id1104	1pc2-assembly1_A	0.146	116	145	152	0.738	0.730	7.497E-01	5.711E-01	5.479E-01	5.796E+00	53
egfr-bridge-id1104	6e9r-assembly1_B	0.178	168	145	171	0.952	0.901	3.433E-01	3.293E-01	2.942E-01	3.646E-01	53
egfr-bridge-id1104	4p3f-assembly1_A	0.139	165	145	193	0.945	0.777	4.178E-01	3.992E-01	3.264E-01	6.595E-01	53
egfr-bridge-id1104	8btq-assembly1_A-2	0.109	174	145	231	0.966	0.736	4.266E-01	4.116E-01	2.829E-01	7.648E-01	53
egfr-bridge-id1104	3axy-assembly1_D	0.130	169	145	235	0.966	0.711	4.123E-01	3.970E-01	2.666E-01	7.280E-01	53
egfr-bridge-id1104	6g7c-assembly1_E	0.083	227	145	237	0.952	0.954	3.035E-01	2.890E-01	1.884E-01	3.646E-01	53
egfr-bridge-id1104	3pz2-assembly1_A	0.127	149	145	298	0.924	0.477	4.787E-01	4.569E-01	2.743E-01	1.384E+00	53
egfr-bridge-id1104	3q78-assembly1_A	0.115	190	145	312	0.917	0.593	3.161E-01	2.973E-01	1.872E-01	3.303E-01	53
egfr-bridge-id1104	3q79-assembly1_A	0.119	192	145	314	0.917	0.596	3.200E-01	3.029E-01	1.861E-01	3.830E-01	53
egfr-bridge-id1104	8rc4-assembly1_g	0.110	190	145	889	0.883	0.214	4.810E-01	4.341E-01	1.103E-01	1.384E+00	53
egfr-bridge-id1104	8ruy-assembly1_B	0.157	146	145	1374	0.772	0.103	4.718E-01	3.902E-01	6.479E-02	1.253E+00	53
egfr-bridge-id1104	4a5x-assembly2_B	0.134	67	145	73	0.379	0.918	7.863E-01	3.312E-01	6.113E-01	7.062E+00	52
egfr-bridge-id1104	8e12-assembly1_B	0.164	158	145	163	0.979	0.920	2.351E-01	2.291E-01	2.060E-01	1.171E-01	52
egfr-bridge-id1104	6bzd-assembly2_C	0.153	183	145	237	0.959	0.755	3.990E-01	3.867E-01	2.760E-01	6.595E-01	52
egfr-bridge-id1104	6r7n-assembly1_B	0.138	173	145	443	0.910	0.391	5.761E-01	5.332E-01	2.136E-01	3.049E+00	52
egfr-bridge-id1104	8bfi-assembly1_B	0.150	146	145	574	0.683	0.254	4.163E-01	2.969E-01	1.148E-01	6.929E-01	52
egfr-bridge-id1104	9fa7-assembly1_D	0.173	98	145	599	0.566	0.164	6.537E-01	3.947E-01	1.077E-01	2.629E+00	52
egfr-bridge-id1104	8qma-assembly1_E	0.158	139	145	632	0.828	0.207	5.382E-01	4.610E-01	1.336E-01	2.054E+00	52
egfr-bridge-id1104	9ep4-assembly1_A	0.134	179	145	884	0.910	0.198	4.421E-01	4.037E-01	8.310E-02	1.081E+00	52
egfr-bridge-id1104	3jaj-assembly1_6	0.155	154	145	179	0.945	0.771	3.692E-01	3.558E-01	3.127E-01	4.228E-01	51
egfr-bridge-id1104	5xw7-assembly5_E	0.150	173	145	199	0.890	0.849	3.159E-01	2.808E-01	2.109E-01	3.303E-01	51
egfr-bridge-id1104	9fa4-assembly1_D	0.123	130	145	608	0.807	0.206	6.076E-01	5.081E-01	1.507E-01	3.366E+00	51
egfr-bridge-id1104	8ghl-assembly1_D	0.140	150	145	818	0.800	0.169	6.088E-01	4.987E-01	1.032E-01	3.537E+00	51
egfr-bridge-id1104	8xyv-assembly2_B	0.193	93	145	98	0.641	0.949	3.579E-01	2.440E-01	3.370E-01	6.277E-01	50
egfr-bridge-id1104	6xr2-assembly1_A	0.182	170	145	169	0.986	0.917	3.621E-01	3.564E-01	3.159E-01	5.413E-01	50
egfr-bridge-id1104	5cwl-assembly2_B	0.157	159	145	175	0.966	0.811	2.765E-01	2.687E-01	2.360E-01	2.456E-01	50
egfr-bridge-id1104	6g7c-assembly1_H	0.125	175	145	233	0.931	0.751	4.059E-01	3.802E-01	2.532E-01	1.135E+00	50
egfr-bridge-id1104	6y6b-assembly1_B	0.130	176	145	233	0.938	0.742	4.237E-01	3.983E-01	2.765E-01	9.791E-01	50
egfr-bridge-id1104	9dze-assembly1_h	0.149	187	145	274	0.966	0.635	2.921E-01	2.831E-01	1.706E-01	3.830E-01	50
egfr-bridge-id1104	4gtv-assembly1_A	0.119	193	145	307	0.924	0.606	3.263E-01	3.059E-01	1.774E-01	4.903E-01	50
egfr-bridge-id1104	5o1j-assembly1_A	0.132	143	145	580	0.759	0.245	4.512E-01	3.529E-01	1.007E-01	9.319E-01	50
egfr-bridge-id1104	7b6z-assembly1_A	0.132	188	145	614	0.910	0.306	5.156E-01	4.768E-01	1.490E-01	1.686E+00	50
egfr-bridge-id1104	4pdx-assembly1_A	0.158	107	145	622	0.641	0.170	5.398E-01	3.592E-01	9.884E-02	2.158E+00	50
egfr-bridge-id1104	4n5c-assembly5_E	0.134	163	145	727	0.807	0.224	6.211E-01	5.066E-01	1.150E-01	4.527E+00	50
egfr-bridge-id1104	8e12-assembly1_C	0.146	157	145	160	0.979	0.894	2.741E-01	2.678E-01	2.482E-01	2.456E-01	49
egfr-bridge-id1104	7nfx-assembly1_u	0.127	133	145	196	0.828	0.622	3.797E-01	3.311E-01	2.696E-01	5.687E-01	49
egfr-bridge-id1104	5m73-assembly1_C	0.130	130	145	197	0.807	0.604	3.742E-01	3.179E-01	2.588E-01	6.277E-01	49
egfr-bridge-id1104	4pwx-assembly1_C	0.134	164	145	276	0.890	0.558	3.618E-01	3.251E-01	1.906E-01	8.870E-01	49
egfr-bridge-id1104	3pz1-assembly1_A	0.120	191	145	305	0.924	0.603	3.263E-01	3.062E-01	1.788E-01	5.413E-01	49
egfr-bridge-id1104	5ln3-assembly1_P	0.104	115	145	422	0.683	0.265	6.830E-01	4.962E-01	1.950E-01	3.716E+00	49
egfr-bridge-id1104	2uy1-assembly1_A	0.105	151	145	438	0.924	0.329	4.912E-01	4.565E-01	1.805E-01	2.158E+00	49
egfr-bridge-id1104	4av7-assembly3_E	0.180	83	145	634	0.545	0.129	6.172E-01	3.603E-01	9.643E-02	4.309E+00	49
egfr-bridge-id1104	6zwm-assembly1_B	0.119	134	145	2185	0.690	0.061	6.800E-01	4.984E-01	4.203E-02	4.527E+00	49
egfr-bridge-id1104	8e0m-assembly4_L	0.173	161	145	166	0.952	0.892	2.260E-01	2.157E-01	1.934E-01	9.144E-02	48
egfr-bridge-id1104	6rx2-assembly1_A-2	0.133	165	145	225	0.945	0.698	3.717E-01	3.538E-01	2.598E-01	8.870E-01	48
egfr-bridge-id1104	3kae-assembly2_B	0.150	212	145	231	0.917	0.883	2.473E-01	2.272E-01	1.666E-01	1.574E-01	48
egfr-bridge-id1104	6w1f-assembly1_B	0.080	137	145	280	0.814	0.486	6.055E-01	5.178E-01	3.057E-01	5.250E+00	48
egfr-bridge-id1104	3hxd-assembly1_A	0.117	195	145	308	0.924	0.610	3.266E-01	3.069E-01	1.771E-01	6.595E-01	48
egfr-bridge-id1104	4pdx-assembly1_B	0.149	107	145	619	0.641	0.171	5.552E-01	3.668E-01	9.983E-02	2.902E+00	48
egfr-bridge-id1104	7y8y-assembly1_B	0.145	151	145	680	0.821	0.204	5.355E-01	4.487E-01	1.137E-01	2.054E+00	48
egfr-bridge-id1104	8uc6-assembly2_B	0.165	139	145	148	0.821	0.865	3.087E-01	2.608E-01	2.561E-01	4.667E-01	47
egfr-bridge-id1104	8e0o-assembly1_C	0.166	156	145	160	0.966	0.900	2.378E-01	2.305E-01	2.141E-01	1.738E-01	47
egfr-bridge-id1104	8e12-assembly1_A	0.150	160	145	164	0.979	0.921	2.298E-01	2.241E-01	2.019E-01	1.654E-01	47
egfr-bridge-id1104	6g7c-assembly1_C	0.096	238	145	239	0.938	0.996	3.174E-01	2.973E-01	1.882E-01	8.442E-01	47
egfr-bridge-id1104	2wpv-assembly3_E	0.150	159	145	280	0.793	0.564	3.735E-01	3.088E-01	1.798E-01	1.029E+00	47
egfr-bridge-id1104	6o60-assembly1_A	0.110	154	145	300	0.959	0.493	4.293E-01	4.151E-01	2.485E-01	2.054E+00	47
egfr-bridge-id1104	5xyb-assembly1_A	0.173	156	145	348	0.772	0.443	3.282E-01	2.621E-01	1.409E-01	5.152E-01	47
egfr-bridge-id1104	5a9q-assembly1_1	0.140	164	145	1009	0.772	0.159	3.740E-01	2.993E-01	6.663E-02	8.036E-01	47
egfr-bridge-id1104	7yfp-assembly1_T	0.185	113	145	3475	0.662	0.029	6.340E-01	4.321E-01	2.289E-02	4.997E+00	47
egfr-bridge-id1104	7y6b-assembly1_B	0.087	57	145	67	0.393	0.851	7.290E-01	3.361E-01	6.389E-01	6.721E+00	46
egfr-bridge-id1104	8uc6-assembly1_C	0.194	139	145	147	0.821	0.864	3.009E-01	2.509E-01	2.533E-01	4.442E-01	46
egfr-bridge-id1104	6e9v-assembly1_Q	0.188	154	145	211	0.938	0.664	2.285E-01	2.137E-01	1.528E-01	1.060E-01	46
egfr-bridge-id1104	4y5i-assembly1_A	0.153	163	145	227	0.945	0.705	3.322E-01	3.177E-01	2.287E-01	5.975E-01	46
egfr-bridge-id1104	6t5h-assembly1_A	0.128	171	145	234	0.959	0.714	4.127E-01	3.947E-01	2.695E-01	1.454E+00	46
egfr-bridge-id1104	6vfk-assembly1_B	0.171	169	145	277	0.828	0.610	3.164E-01	2.791E-01	1.741E-01	3.144E-01	46
egfr-bridge-id1104	3hxe-assembly1_A	0.113	194	145	306	0.924	0.608	3.124E-01	2.934E-01	1.711E-01	6.929E-01	46
egfr-bridge-id1104	5mps-assembly1_T	0.142	183	145	338	0.910	0.538	3.072E-01	2.869E-01	1.644E-01	3.830E-01	46
egfr-bridge-id1104	3qtn-assembly1_B	0.127	133	145	341	0.834	0.358	3.749E-01	3.130E-01	1.779E-01	9.319E-01	46
egfr-bridge-id1104	6z0f-assembly1_A	0.104	134	145	384	0.793	0.328	3.871E-01	3.256E-01	1.474E-01	1.384E+00	46
egfr-bridge-id1104	8je2-assembly1_D	0.134	126	145	494	0.786	0.253	4.113E-01	3.263E-01	1.167E-01	1.317E+00	46
egfr-bridge-id1104	5mq0-assembly1_T	0.142	183	145	633	0.910	0.288	3.072E-01	2.869E-01	1.084E-01	3.830E-01	46
egfr-bridge-id1104	8tj5-assembly1_1	0.125	136	145	1164	0.766	0.117	4.404E-01	3.702E-01	7.291E-02	1.454E+00	46
egfr-bridge-id1104	7ni6-assembly1_A	0.149	134	145	1424	0.814	0.087	5.159E-01	4.277E-01	5.360E-02	3.049E+00	46
egfr-bridge-id1104	8esc-assembly1_Z	0.173	115	145	3543	0.724	0.030	4.780E-01	3.578E-01	2.219E-02	2.267E+00	46
egfr-bridge-id1104	8e0l-assembly1_C	0.137	167	145	162	0.979	0.951	2.893E-01	2.828E-01	2.585E-01	5.152E-01	45
egfr-bridge-id1104	4p3g-assembly1_B	0.122	172	145	203	0.959	0.778	3.684E-01	3.560E-01	2.779E-01	1.135E+00	45
egfr-bridge-id1104	7bmc-assembly1_A-2	0.132	174	145	234	0.945	0.714	4.070E-01	3.843E-01	2.597E-01	1.771E+00	45
egfr-bridge-id1104	8fbj-assembly1_A	0.191	157	145	307	0.945	0.495	2.617E-01	2.473E-01	1.337E-01	3.303E-01	45
egfr-bridge-id1104	3msv-assembly3_B	0.133	135	145	348	0.793	0.359	3.560E-01	3.025E-01	1.587E-01	5.687E-01	45
egfr-bridge-id1104	8eey-assembly1_B	0.138	152	145	735	0.848	0.180	3.488E-01	3.080E-01	8.825E-02	5.152E-01	45
egfr-bridge-id1104	7woo-assembly1_C	0.118	143	145	1325	0.814	0.108	4.275E-01	3.701E-01	6.849E-02	1.605E+00	45
egfr-bridge-id1104	7pw6-assembly1_A	0.109	165	145	1416	0.766	0.112	5.428E-01	4.395E-01	6.123E-02	3.366E+00	45
egfr-bridge-id1104	6z3a-assembly1_E	0.114	149	145	2311	0.848	0.060	4.188E-01	3.620E-01	3.536E-02	1.861E+00	45
egfr-bridge-id1104	8xyv-assembly1_A	0.228	114	145	99	0.786	0.949	3.562E-01	2.354E-01	3.359E-01	8.870E-01	44
egfr-bridge-id1104	8bbf-assembly1_C	0.135	148	145	392	0.945	0.365	3.146E-01	2.978E-01	1.518E-01	7.648E-01	44
egfr-bridge-id1104	6hiv-assembly1_DH	0.170	123	145	564	0.834	0.204	4.420E-01	3.618E-01	1.066E-01	2.158E+00	44
egfr-bridge-id1104	8wqa-assembly1_B	0.150	133	145	627	0.821	0.209	3.967E-01	3.258E-01	9.643E-02	1.527E+00	44
egfr-bridge-id1104	2cg2-assembly1_A-2	0.161	93	145	629	0.600	0.132	5.929E-01	3.585E-01	9.366E-02	5.516E+00	44
egfr-bridge-id1104	4nur-assembly1_A	0.166	90	145	633	0.579	0.126	6.180E-01	3.615E-01	9.365E-02	5.516E+00	44
egfr-bridge-id1104	7zu0-assembly1_A	0.145	117	145	954	0.676	0.122	3.964E-01	2.944E-01	6.266E-02	1.454E+00	44
egfr-bridge-id1104	8bda-assembly1_C	0.129	178	145	1074	0.821	0.166	2.515E-01	2.077E-01	4.473E-02	3.646E-01	44
egfr-bridge-id1104	8ruy-assembly1_C	0.172	139	145	1210	0.690	0.115	2.897E-01	2.069E-01	3.411E-02	4.024E-01	44
egfr-bridge-id1104	8zj2-assembly1_B	0.139	179	145	1642	0.924	0.106	4.949E-01	4.632E-01	5.569E-02	2.902E+00	44
egfr-bridge-id1104	6xr2-assembly1_B	0.211	142	145	167	0.924	0.772	2.389E-01	2.207E-01	2.001E-01	2.117E-01	43
egfr-bridge-id1104	3mkq-assembly1_B	0.124	137	145	177	0.779	0.734	3.869E-01	3.116E-01	2.623E-01	1.454E+00	43
egfr-bridge-id1104	7nfw-assembly1_A	0.133	172	145	231	0.945	0.706	3.551E-01	3.399E-01	2.438E-01	1.317E+00	43
egfr-bridge-id1104	6t80-assembly1_A	0.141	177	145	233	0.959	0.734	3.977E-01	3.827E-01	2.629E-01	1.686E+00	43
egfr-bridge-id1104	8v2d-assembly1_y	0.149	154	145	307	0.972	0.466	2.958E-01	2.877E-01	1.587E-01	7.648E-01	43
egfr-bridge-id1104	7b6h-assembly1_A	0.160	168	145	614	0.834	0.274	4.954E-01	4.275E-01	1.293E-01	2.763E+00	43
egfr-bridge-id1104	5ca3-assembly1_A	0.282	39	145	758	0.269	0.045	8.798E-01	2.071E-01	4.065E-02	9.040E+00	43
egfr-bridge-id1104	7sqc-assembly1_R0	0.157	146	145	2070	0.821	0.068	5.198E-01	4.423E-01	4.620E-02	3.904E+00	43
egfr-bridge-id1104	2r5s-assembly2_B	0.157	159	145	171	0.938	0.877	3.468E-01	3.267E-01	2.858E-01	1.029E+00	42
egfr-bridge-id1104	8gaa-assembly1_K	0.170	193	145	197	0.959	0.939	2.378E-01	2.305E-01	1.736E-01	4.024E-01	42
egfr-bridge-id1104	4p29-assembly2_B	0.118	135	145	215	0.814	0.619	5.820E-01	4.798E-01	3.368E-01	7.062E+00	42
egfr-bridge-id1104	3u0r-assembly1_A	0.149	147	145	425	0.938	0.329	3.871E-01	3.682E-01	1.706E-01	1.955E+00	42
egfr-bridge-id1104	8ppl-assembly1_Iv	0.163	141	145	430	0.938	0.309	5.247E-01	4.848E-01	1.835E-01	4.997E+00	42
egfr-bridge-id1104	2xs1-assembly1_A	0.103	194	145	697	0.814	0.277	3.809E-01	3.321E-01	1.108E-01	1.861E+00	42
egfr-bridge-id1104	3d3i-assembly1_A	0.207	53	145	758	0.366	0.054	7.381E-01	2.099E-01	4.349E-02	6.089E+00	42
egfr-bridge-id1104	7cun-assembly1_G	0.089	189	145	895	0.828	0.211	4.903E-01	4.312E-01	1.040E-01	4.101E+00	42
egfr-bridge-id1104	7pw4-assembly1_A	0.084	166	145	1944	0.786	0.079	4.997E-01	4.130E-01	4.450E-02	3.716E+00	42
egfr-bridge-id1104	8e0m-assembly3_G	0.163	159	145	159	0.979	0.962	2.393E-01	2.246E-01	2.196E-01	4.228E-01	41
egfr-bridge-id1104	8e0m-assembly2_D	0.160	156	145	161	0.972	0.907	2.249E-01	2.229E-01	2.100E-01	2.992E-01	41
egfr-bridge-id1104	8e0n-assembly1_A	0.159	163	145	171	0.917	0.860	3.144E-01	2.925E-01	2.604E-01	8.036E-01	41
egfr-bridge-id1104	4p3g-assembly1_C	0.129	170	145	184	0.959	0.848	3.580E-01	3.460E-01	2.922E-01	1.527E+00	41
egfr-bridge-id1104	4p3g-assembly1_A	0.118	144	145	219	0.828	0.594	3.255E-01	2.830E-01	2.093E-01	9.791E-01	41
egfr-bridge-id1104	5mk2-assembly1_A	0.175	154	145	355	0.800	0.397	3.712E-01	3.024E-01	1.391E-01	1.955E+00	41
egfr-bridge-id1104	3c3r-assembly1_A	0.147	136	145	357	0.772	0.373	3.915E-01	3.098E-01	1.417E-01	2.054E+00	41
egfr-bridge-id1104	9e8h-assembly1_V	0.139	151	145	470	0.676	0.321	5.058E-01	3.639E-01	1.392E-01	4.527E+00	41
egfr-bridge-id1104	5vat-assembly1_A	0.124	137	145	540	0.793	0.241	5.585E-01	4.489E-01	1.357E-01	6.397E+00	41
egfr-bridge-id1104	7ycx-assembly1_H	0.125	112	145	937	0.717	0.112	5.113E-01	3.858E-01	8.349E-02	4.527E+00	41
egfr-bridge-id1104	2k3w-assembly1_A	0.208	72	145	73	0.455	0.877	4.377E-01	1.982E-01	3.795E-01	2.054E+00	40
egfr-bridge-id1104	3o48-assembly1_A	0.148	141	145	129	0.931	0.806	3.625E-01	2.818E-01	3.079E-01	2.054E+00	40
egfr-bridge-id1104	6xns-assembly1_B	0.156	166	145	333	0.972	0.480	3.382E-01	3.298E-01	1.854E-01	1.454E+00	40
egfr-bridge-id1104	6z0f-assembly1_B	0.104	134	145	369	0.793	0.341	3.874E-01	3.165E-01	1.458E-01	2.629E+00	40
egfr-bridge-id1104	8ftu-assembly1_A	0.106	150	145	627	0.876	0.225	5.424E-01	4.837E-01	1.408E-01	5.250E+00	40
egfr-bridge-id1104	2yhe-assembly3_C	0.156	83	145	634	0.545	0.129	6.182E-01	3.558E-01	9.525E-02	9.040E+00	40
egfr-bridge-id1104	6ghp-assembly1_A-2	0.142	168	145	224	0.959	0.723	3.630E-01	3.491E-01	2.583E-01	1.771E+00	39
egfr-bridge-id1104	6vab-assembly1_B	0.115	164	145	276	0.814	0.569	3.410E-01	3.001E-01	1.865E-01	1.861E+00	39
egfr-bridge-id1104	8gel-assembly1_A	0.192	161	145	498	0.945	0.319	2.195E-01	2.122E-01	7.980E-02	3.646E-01	39
egfr-bridge-id1104	5vat-assembly2_B	0.117	136	145	542	0.800	0.242	5.562E-01	4.517E-01	1.365E-01	8.190E+00	39
egfr-bridge-id1104	2w2u-assembly1_A	0.214	84	145	75	0.552	0.933	4.028E-01	2.020E-01	3.719E-01	2.158E+00	38
egfr-bridge-id1104	7dgu-assembly1_A	0.208	91	145	97	0.579	0.866	3.347E-01	2.007E-01	2.909E-01	1.686E+00	38
egfr-bridge-id1104	8e0o-assembly1_A	0.160	156	145	141	0.979	0.936	2.219E-01	2.044E-01	2.088E-01	4.667E-01	38
egfr-bridge-id1104	9h2d-assembly2_B	0.129	178	145	259	0.931	0.645	4.101E-01	3.836E-01	2.454E-01	3.537E+00	38
egfr-bridge-id1104	5cqs-assembly1_D	0.136	205	145	324	0.917	0.617	2.608E-01	2.395E-01	1.256E-01	9.791E-01	38
egfr-bridge-id1104	5mk2-assembly2_B	0.147	156	145	361	0.800	0.391	3.646E-01	2.964E-01	1.377E-01	2.158E+00	38
egfr-bridge-id1104	8rg0-assembly1_5	0.180	105	145	520	0.669	0.198	5.516E-01	3.877E-01	1.218E-01	6.397E+00	38
egfr-bridge-id1104	7wkk-assembly1_D	0.182	126	145	1115	0.710	0.109	4.208E-01	3.123E-01	5.961E-02	3.049E+00	38
egfr-bridge-id1104	2q00-assembly1_A	0.216	120	145	120	0.586	0.942	3.266E-01	2.022E-01	2.355E-01	1.686E+00	37
egfr-bridge-id1104	8e0m-assembly1_A	0.187	155	145	164	0.952	0.902	1.958E-01	1.857E-01	2.000E-01	3.646E-01	37
egfr-bridge-id1104	6xr2-assembly2_E	0.181	171	145	171	0.979	0.906	2.360E-01	2.312E-01	2.223E-01	7.280E-01	37
egfr-bridge-id1104	6e9y-assembly1_A	0.147	163	145	227	0.966	0.648	2.198E-01	2.130E-01	1.436E-01	3.646E-01	37
egfr-bridge-id1104	8ptx-assembly1_D	0.185	124	145	298	0.690	0.413	3.100E-01	2.276E-01	1.261E-01	1.317E+00	37
egfr-bridge-id1104	1lf9-assembly2_B	0.147	88	145	674	0.448	0.131	6.441E-01	3.408E-01	8.676E-02	9.979E+00	37
egfr-bridge-id1104	5hb1-assembly1_A	0.142	140	145	742	0.772	0.183	3.700E-01	3.131E-01	9.905E-02	1.955E+00	37
egfr-bridge-id1104	7pw8-assembly1_A	0.109	165	145	1943	0.766	0.082	5.457E-01	4.436E-01	4.599E-02	7.419E+00	37
egfr-bridge-id1104	8e0m-assembly3_I	0.198	151	145	158	0.972	0.905	2.394E-01	2.352E-01	2.234E-01	8.442E-01	36
egfr-bridge-id1104	6xns-assembly2_F	0.178	168	145	327	0.979	0.495	3.499E-01	3.427E-01	1.916E-01	2.763E+00	36
egfr-bridge-id1104	8v3b-assembly1_a	0.149	154	145	416	0.945	0.344	3.005E-01	2.851E-01	1.239E-01	1.605E+00	36
egfr-bridge-id1104	8jbb-assembly1_B	0.167	137	145	461	0.814	0.278	3.587E-01	3.046E-01	1.246E-01	3.537E+00	36
egfr-bridge-id1104	6sgb-assembly1_DH	0.177	124	145	472	0.848	0.248	4.430E-01	3.686E-01	1.286E-01	5.516E+00	36
egfr-bridge-id1104	2w2u-assembly2_B	0.242	70	145	74	0.455	0.851	4.441E-01	1.998E-01	3.745E-01	4.101E+00	35
egfr-bridge-id1104	4zey-assembly1_A	0.200	75	145	84	0.490	0.810	4.085E-01	1.978E-01	3.292E-01	3.049E+00	35
egfr-bridge-id1104	2n8w-assembly1_A	0.223	112	145	104	0.683	0.865	3.516E-01	2.299E-01	3.040E-01	2.763E+00	35
egfr-bridge-id1104	2cpt-assembly1_A	0.200	75	145	117	0.483	0.581	4.092E-01	1.961E-01	2.408E-01	2.902E+00	35
egfr-bridge-id1104	4yo3-assembly1_A	0.080	136	145	157	0.841	0.777	4.492E-01	3.823E-01	3.555E-01	5.516E+00	35
egfr-bridge-id1104	6u1s-assembly1_A	0.180	166	145	310	0.938	0.506	2.120E-01	1.984E-01	1.050E-01	5.413E-01	35
egfr-bridge-id1104	4q66-assembly2_H	0.148	188	145	338	0.848	0.556	3.669E-01	3.145E-01	1.619E-01	2.902E+00	35
egfr-bridge-id1104	8h38-assembly1_B	0.130	176	145	420	0.800	0.417	3.478E-01	3.035E-01	1.466E-01	2.629E+00	35
egfr-bridge-id1104	8wya-assembly1_B	0.147	163	145	923	0.945	0.170	3.895E-01	3.678E-01	7.486E-02	3.904E+00	35
egfr-bridge-id1104	6zh2-assembly1_A	0.195	143	145	3704	0.759	0.038	3.717E-01	2.948E-01	2.085E-02	2.054E+00	35
egfr-bridge-id1104	1yxr-assembly1_A	0.211	71	145	77	0.455	0.831	4.317E-01	1.976E-01	3.599E-01	3.716E+00	34
egfr-bridge-id1104	1wfd-assembly1_A	0.151	86	145	93	0.593	0.763	4.385E-01	2.186E-01	3.348E-01	4.309E+00	34
egfr-bridge-id1104	8e0m-assembly4_J	0.172	162	145	169	0.972	0.893	2.085E-01	2.040E-01	1.871E-01	6.595E-01	34
egfr-bridge-id1104	8esq-assembly1_7	0.089	202	145	245	0.938	0.824	3.501E-01	3.319E-01	2.184E-01	3.716E+00	34
egfr-bridge-id1104	4yv6-assembly2_D	0.082	170	145	266	0.945	0.594	4.090E-01	3.911E-01	2.469E-01	6.089E+00	34
egfr-bridge-id1104	7c0q-assembly2_B	0.194	154	145	274	0.910	0.496	2.233E-01	2.029E-01	1.162E-01	6.929E-01	34
egfr-bridge-id1104	7pub-assembly1_Fh	0.131	129	145	274	0.703	0.416	3.897E-01	2.856E-01	1.667E-01	4.527E+00	34
egfr-bridge-id1104	5mjz-assembly2_B	0.165	151	145	356	0.897	0.354	3.222E-01	2.826E-01	1.277E-01	2.503E+00	34
egfr-bridge-id1104	5crv-assembly1_A	0.171	146	145	357	0.821	0.375	3.083E-01	2.557E-01	1.194E-01	2.267E+00	34
egfr-bridge-id1104	8s8e-assembly1_o	0.114	140	145	451	0.828	0.302	3.746E-01	3.224E-01	1.379E-01	3.204E+00	34
egfr-bridge-id1104	5hb0-assembly1_B	0.161	161	145	520	0.793	0.298	3.077E-01	2.564E-01	9.641E-02	1.686E+00	34
egfr-bridge-id1104	2cfz-assembly1_A	0.168	107	145	630	0.655	0.154	5.252E-01	3.577E-01	9.412E-02	9.498E+00	34
egfr-bridge-id1104	7tl5-assembly1_A	0.172	116	145	632	0.648	0.182	5.420E-01	3.670E-01	9.853E-02	9.979E+00	34
egfr-bridge-id1104	7a09-assembly1_A	0.108	129	145	692	0.814	0.184	4.581E-01	3.878E-01	1.026E-01	6.721E+00	34
egfr-bridge-id1104	7n6g-assembly1_1O	0.120	166	145	2632	0.800	0.061	3.990E-01	3.443E-01	3.384E-02	3.537E+00	34
egfr-bridge-id1104	5cqs-assembly1_A	0.140	200	145	325	0.917	0.597	2.060E-01	1.941E-01	1.133E-01	6.929E-01	33
egfr-bridge-id1104	8kc9-assembly1_B	0.173	138	145	362	0.772	0.359	3.014E-01	2.432E-01	1.361E-01	2.267E+00	33
egfr-bridge-id1104	6zce-assembly1_o	0.159	119	145	529	0.772	0.217	3.963E-01	3.249E-01	1.188E-01	5.250E+00	33
egfr-bridge-id1104	6zu9-assembly1_o	0.159	119	145	529	0.772	0.217	3.963E-01	3.249E-01	1.188E-01	5.250E+00	33
egfr-bridge-id1104	6zp4-assembly1_A	0.148	135	145	692	0.786	0.188	4.440E-01	3.671E-01	9.765E-02	6.721E+00	33
egfr-bridge-id1104	8wy8-assembly1_D	0.151	152	145	932	0.890	0.153	4.112E-01	3.672E-01	6.965E-02	6.089E+00	33
egfr-bridge-id1104	7sx3-assembly1_E	0.155	135	145	1611	0.800	0.084	3.928E-01	3.315E-01	5.264E-02	3.204E+00	33
egfr-bridge-id1104	7y6b-assembly2_E	0.115	69	145	74	0.441	0.878	5.407E-01	2.754E-01	4.733E-01	9.979E+00	32
egfr-bridge-id1104	4u7y-assembly1_A	0.211	71	145	83	0.455	0.771	4.358E-01	1.978E-01	3.341E-01	5.250E+00	32
egfr-bridge-id1104	4yo5-assembly1_D	0.145	117	145	131	0.786	0.817	3.912E-01	3.069E-01	3.327E-01	5.516E+00	32
egfr-bridge-id1104	6yvg-assembly1_A	0.192	156	145	274	0.910	0.496	2.232E-01	2.043E-01	1.179E-01	9.319E-01	32
egfr-bridge-id1104	8jbc-assembly1_A	0.151	145	145	468	0.690	0.308	4.595E-01	3.400E-01	1.217E-01	9.498E+00	32
egfr-bridge-id1104	6oxl-assembly1_A	0.155	129	145	589	0.807	0.214	3.891E-01	3.387E-01	1.290E-01	6.089E+00	32
egfr-bridge-id1104	7nfe-assembly1_A	0.111	207	145	3585	0.890	0.058	4.624E-01	4.219E-01	2.936E-02	8.190E+00	32
egfr-bridge-id1104	2v6y-assembly1_A	0.232	73	145	75	0.476	0.880	4.411E-01	2.086E-01	3.849E-01	6.089E+00	31
egfr-bridge-id1104	8e0m-assembly2_E	0.162	160	145	157	0.972	0.936	2.302E-01	2.264E-01	2.159E-01	2.054E+00	31
egfr-bridge-id1104	8qdb-assembly1_A	0.186	91	145	410	0.579	0.180	3.778E-01	1.973E-01	7.905E-02	3.716E+00	31
egfr-bridge-id1104	5hay-assembly2_B	0.143	160	145	517	1.000	0.282	2.284E-01	2.271E-01	8.748E-02	1.605E+00	31
egfr-bridge-id1104	5c6g-assembly2_C	0.079	139	145	588	0.807	0.235	3.070E-01	2.658E-01	9.908E-02	3.204E+00	31
egfr-bridge-id1104	9au7-assembly1_A	0.089	156	145	597	0.807	0.256	4.031E-01	3.442E-01	1.139E-01	4.997E+00	31
egfr-bridge-id1104	7wkk-assembly1_f	0.183	158	145	1097	0.869	0.137	3.600E-01	3.246E-01	6.391E-02	5.516E+00	31
egfr-bridge-id1104	7owg-assembly1_B-2	0.145	124	145	2152	0.793	0.054	3.725E-01	3.044E-01	3.070E-02	5.250E+00	31
egfr-bridge-id1104	1key-assembly1_C-2	0.097	184	145	210	0.959	0.824	2.318E-01	2.249E-01	1.799E-01	1.317E+00	30
egfr-bridge-id1104	6xyw-assembly1_BI	0.160	131	145	266	0.752	0.474	3.801E-01	3.064E-01	1.948E-01	7.419E+00	30
egfr-bridge-id1104	7c0q-assembly1_C	0.162	154	145	272	0.910	0.500	2.251E-01	2.152E-01	1.470E-01	1.686E+00	30
egfr-bridge-id1104	1zb1-assembly2_B	0.087	137	145	367	0.800	0.346	3.601E-01	2.997E-01	1.474E-01	6.397E+00	30
egfr-bridge-id1104	7oqc-assembly1_D	0.086	138	145	576	0.786	0.238	4.958E-01	4.094E-01	1.310E-01	9.979E+00	30
egfr-bridge-id1104	8kc9-assembly1_A	0.143	146	145	642	0.814	0.223	2.986E-01	2.590E-01	9.679E-02	4.101E+00	30
egfr-bridge-id1104	8wy8-assembly1_B	0.152	157	145	940	0.924	0.157	4.039E-01	3.737E-01	7.418E-02	8.604E+00	30
egfr-bridge-id1104	2rpa-assembly1_A	0.203	64	145	77	0.441	0.792	4.624E-01	2.066E-01	3.681E-01	7.795E+00	29
egfr-bridge-id1104	8gac-assembly1_A	0.092	141	145	103	0.972	0.932	2.806E-01	1.922E-01	2.604E-01	2.763E+00	29
egfr-bridge-id1104	7x9z-assembly1_B	0.114	157	145	145	0.931	0.945	2.480E-01	2.296E-01	2.296E-01	3.366E+00	29
egfr-bridge-id1104	5j5k-assembly1_A	0.116	146	145	151	0.972	0.874	2.261E-01	2.079E-01	2.013E-01	2.054E+00	29
egfr-bridge-id1104	6y07-assembly1_A	0.143	153	145	154	0.979	0.831	2.755E-01	2.434E-01	2.305E-01	4.101E+00	29
egfr-bridge-id1104	4toe-assembly1_C	0.116	155	145	155	0.938	0.935	2.392E-01	2.236E-01	2.098E-01	2.763E+00	29
egfr-bridge-id1104	5d8x-assembly1_H	0.129	155	145	156	0.938	0.897	2.392E-01	2.235E-01	2.086E-01	2.503E+00	29
egfr-bridge-id1104	5d8x-assembly1_O	0.129	155	145	156	0.938	0.897	2.392E-01	2.235E-01	2.085E-01	2.629E+00	29
egfr-bridge-id1104	5d8y-assembly1_R	0.129	155	145	156	0.938	0.897	2.389E-01	2.233E-01	2.083E-01	2.629E+00	29
egfr-bridge-id1104	6a09-assembly1_A	0.139	151	145	174	0.703	0.839	3.091E-01	2.218E-01	1.893E-01	4.527E+00	29
egfr-bridge-id1104	6gkg-assembly4_H	0.161	161	145	216	0.917	0.708	4.136E-01	3.852E-01	2.864E-01	8.190E+00	29
egfr-bridge-id1104	5cwq-assembly1_A	0.156	160	145	233	0.945	0.631	2.106E-01	1.991E-01	1.468E-01	1.861E+00	29
egfr-bridge-id1104	8asw-assembly1_D	0.198	131	145	343	0.821	0.362	3.659E-01	3.244E-01	1.779E-01	6.397E+00	29
egfr-bridge-id1104	7ycx-assembly1_G	0.105	189	145	910	0.828	0.208	3.122E-01	2.605E-01	7.573E-02	3.904E+00	29
egfr-bridge-id1104	8ez9-assembly1_C	0.121	123	145	3662	0.690	0.032	4.644E-01	3.329E-01	2.071E-02	9.498E+00	29
egfr-bridge-id1104	8tn6-assembly1_C	0.158	145	145	147	0.959	0.857	2.240E-01	1.953E-01	1.927E-01	3.049E+00	28
egfr-bridge-id1104	6vti-assembly1_A	0.101	108	145	148	0.586	0.716	3.809E-01	2.716E-01	2.680E-01	8.190E+00	28
egfr-bridge-id1104	5ecf-assembly1_A	0.161	149	145	151	0.903	0.894	2.062E-01	1.895E-01	1.835E-01	1.317E+00	28
egfr-bridge-id1104	4tod-assembly1_E	0.129	155	145	154	0.938	0.909	2.393E-01	2.237E-01	2.112E-01	3.204E+00	28
egfr-bridge-id1104	7n9z-assembly1_H	0.126	119	145	184	0.800	0.549	3.166E-01	2.205E-01	1.747E-01	4.757E+00	28
egfr-bridge-id1104	6xns-assembly2_E	0.158	177	145	326	0.972	0.488	2.451E-01	2.387E-01	1.430E-01	2.629E+00	28
egfr-bridge-id1104	8ppl-assembly1_I6	0.085	164	145	345	0.793	0.472	2.951E-01	2.479E-01	1.528E-01	4.757E+00	28
egfr-bridge-id1104	2jbw-assembly2_C	0.194	72	145	351	0.455	0.177	4.408E-01	1.965E-01	8.858E-02	7.795E+00	28
egfr-bridge-id1104	3cwg-assembly1_A	0.116	155	145	501	0.959	0.281	2.187E-01	2.091E-01	7.222E-02	1.861E+00	28
egfr-bridge-id1104	6fec-assembly1_1	0.142	147	145	599	0.772	0.237	3.613E-01	2.957E-01	1.009E-01	5.516E+00	28
egfr-bridge-id1104	8k17-assembly1_A	0.112	177	145	646	0.862	0.274	2.758E-01	2.383E-01	7.154E-02	4.757E+00	28
egfr-bridge-id1104	8wyb-assembly1_B	0.134	179	145	952	0.945	0.185	3.562E-01	3.390E-01	7.677E-02	7.795E+00	28
egfr-bridge-id1104	4toe-assembly1_N	0.129	155	145	154	0.938	0.909	2.391E-01	2.235E-01	2.111E-01	3.716E+00	27
egfr-bridge-id1104	5d8q-assembly1_B-2	0.129	155	145	156	0.938	0.897	2.393E-01	2.236E-01	2.086E-01	3.537E+00	27
egfr-bridge-id1104	5d8r-assembly1_H-2	0.116	154	145	156	0.938	0.897	2.502E-01	2.336E-01	2.178E-01	4.309E+00	27
egfr-bridge-id1104	5d8x-assembly1_A	0.129	155	145	156	0.938	0.897	2.391E-01	2.234E-01	2.084E-01	3.366E+00	27
egfr-bridge-id1104	5d8x-assembly1_P	0.129	155	145	156	0.938	0.897	2.393E-01	2.236E-01	2.086E-01	3.366E+00	27
egfr-bridge-id1104	5d8x-assembly1_S	0.129	155	145	156	0.938	0.897	2.392E-01	2.235E-01	2.085E-01	3.366E+00	27
egfr-bridge-id1104	5d8y-assembly1_S	0.129	155	145	156	0.938	0.897	2.389E-01	2.233E-01	2.083E-01	3.716E+00	27
egfr-bridge-id1104	4toc-assembly1_T	0.122	155	145	156	0.938	0.897	2.390E-01	2.234E-01	2.084E-01	3.716E+00	27
egfr-bridge-id1104	4tog-assembly1_D	0.122	155	145	156	0.938	0.897	2.393E-01	2.236E-01	2.086E-01	3.716E+00	27
egfr-bridge-id1104	2gnx-assembly1_A	0.087	137	145	288	0.800	0.451	3.795E-01	3.169E-01	1.845E-01	8.604E+00	27
egfr-bridge-id1104	4ezb-assembly1_A-2	0.132	106	145	299	0.710	0.321	3.199E-01	2.207E-01	1.139E-01	4.997E+00	27
egfr-bridge-id1104	8ppl-assembly1_Iu	0.116	120	145	587	0.710	0.193	2.588E-01	1.942E-01	7.199E-02	3.204E+00	27
egfr-bridge-id1104	7tdz-assembly1_I	0.094	158	145	671	0.814	0.235	2.603E-01	2.204E-01	7.018E-02	3.904E+00	27
egfr-bridge-id1104	4c1p-assembly1_A	0.148	108	145	703	0.552	0.142	3.984E-01	2.217E-01	6.574E-02	9.498E+00	27
egfr-bridge-id1104	7tdz-assembly1_i	0.094	158	145	1064	0.814	0.148	2.603E-01	2.204E-01	5.368E-02	3.904E+00	27
egfr-bridge-id1104	4toe-assembly1_A	0.113	158	145	154	0.938	0.942	2.391E-01	2.235E-01	2.110E-01	4.101E+00	26
egfr-bridge-id1104	4toe-assembly1_D	0.126	158	145	154	0.938	0.909	2.393E-01	2.236E-01	2.112E-01	3.904E+00	26
egfr-bridge-id1104	4toe-assembly1_E	0.129	155	145	154	0.938	0.909	2.391E-01	2.235E-01	2.110E-01	4.527E+00	26
egfr-bridge-id1104	4toe-assembly1_T	0.112	151	145	154	0.931	0.857	2.460E-01	2.234E-01	2.110E-01	4.527E+00	26
egfr-bridge-id1104	4tod-assembly1_W	0.125	152	145	155	0.938	0.903	2.393E-01	2.236E-01	2.099E-01	4.757E+00	26
egfr-bridge-id1104	5d8q-assembly1_C-2	0.129	155	145	156	0.938	0.897	2.391E-01	2.234E-01	2.084E-01	3.904E+00	26
egfr-bridge-id1104	5d8r-assembly1_A-2	0.122	155	145	156	0.938	0.897	2.387E-01	2.231E-01	2.082E-01	4.101E+00	26
egfr-bridge-id1104	5d8r-assembly1_F-2	0.122	155	145	156	0.938	0.897	2.392E-01	2.235E-01	2.085E-01	4.527E+00	26
egfr-bridge-id1104	5d8x-assembly1_U	0.129	155	145	156	0.938	0.897	2.392E-01	2.235E-01	2.085E-01	4.101E+00	26
egfr-bridge-id1104	5d8y-assembly1_L	0.125	152	145	156	0.938	0.897	2.390E-01	2.233E-01	2.084E-01	4.527E+00	26
egfr-bridge-id1104	5d8y-assembly1_X	0.129	155	145	156	0.938	0.897	2.391E-01	2.234E-01	2.084E-01	4.309E+00	26
egfr-bridge-id1104	4toh-assembly1_B	0.120	158	145	156	0.938	0.897	2.392E-01	2.235E-01	2.085E-01	4.101E+00	26
egfr-bridge-id1104	3e1q-assembly1_A	0.104	153	145	158	0.931	0.835	2.566E-01	2.326E-01	2.141E-01	4.997E+00	26
egfr-bridge-id1104	3jza-assembly1_B	0.112	177	145	193	0.786	0.891	3.265E-01	2.652E-01	2.088E-01	8.604E+00	26
egfr-bridge-id1104	7c0q-assembly2_D	0.176	159	145	274	0.952	0.507	2.107E-01	2.085E-01	1.425E-01	2.503E+00	26
egfr-bridge-id1104	3o2t-assembly1_A	0.175	108	145	304	0.690	0.355	3.469E-01	2.659E-01	1.631E-01	8.604E+00	26
egfr-bridge-id1104	6xns-assembly1_A	0.133	210	145	327	0.966	0.627	2.269E-01	2.184E-01	1.104E-01	3.366E+00	26
egfr-bridge-id1104	9c5a-assembly1_b	0.134	171	145	383	0.779	0.444	2.798E-01	2.345E-01	1.238E-01	5.250E+00	26
egfr-bridge-id1104	8k0m-assembly1_A	0.124	145	145	643	0.807	0.219	3.064E-01	2.628E-01	9.453E-02	7.062E+00	26
egfr-bridge-id1104	7qpg-assembly1_W	0.145	158	145	779	0.917	0.202	3.237E-01	3.017E-01	8.850E-02	7.795E+00	26
egfr-bridge-id1104	4toe-assembly1_B	0.112	151	145	154	0.931	0.857	2.462E-01	2.236E-01	2.112E-01	4.997E+00	25
egfr-bridge-id1104	4toe-assembly1_F	0.125	152	145	154	0.938	0.909	2.391E-01	2.235E-01	2.111E-01	5.516E+00	25
egfr-bridge-id1104	4toe-assembly1_W	0.125	152	145	155	0.938	0.903	2.392E-01	2.235E-01	2.098E-01	5.516E+00	25
egfr-bridge-id1104	5d8q-assembly1_G-2	0.116	155	145	156	0.938	0.929	2.391E-01	2.234E-01	2.084E-01	4.997E+00	25
egfr-bridge-id1104	5d8r-assembly1_I	0.103	154	145	156	0.952	0.846	2.457E-01	2.232E-01	2.083E-01	5.250E+00	25
egfr-bridge-id1104	5d8r-assembly1_B-2	0.122	155	145	156	0.938	0.897	2.391E-01	2.234E-01	2.084E-01	4.997E+00	25
egfr-bridge-id1104	5d8r-assembly1_D-2	0.097	154	145	156	0.931	0.846	2.452E-01	2.233E-01	2.083E-01	4.997E+00	25
egfr-bridge-id1104	5d8r-assembly1_K-2	0.122	155	145	156	0.938	0.897	2.387E-01	2.231E-01	2.082E-01	5.250E+00	25
egfr-bridge-id1104	5d8x-assembly1_E	0.125	152	145	156	0.938	0.897	2.391E-01	2.234E-01	2.084E-01	5.796E+00	25
egfr-bridge-id1104	5d8x-assembly1_V	0.129	155	145	156	0.938	0.897	2.391E-01	2.235E-01	2.085E-01	4.757E+00	25
egfr-bridge-id1104	5d8y-assembly1_A	0.125	152	145	156	0.938	0.897	2.389E-01	2.232E-01	2.083E-01	5.796E+00	25
egfr-bridge-id1104	5d8y-assembly1_B	0.129	155	145	156	0.938	0.897	2.388E-01	2.232E-01	2.082E-01	4.757E+00	25
egfr-bridge-id1104	5d8y-assembly1_C	0.125	152	145	156	0.938	0.897	2.390E-01	2.233E-01	2.084E-01	5.796E+00	25
egfr-bridge-id1104	5d8y-assembly1_E	0.129	155	145	156	0.938	0.897	2.391E-01	2.234E-01	2.084E-01	4.757E+00	25
egfr-bridge-id1104	5d8y-assembly1_H	0.125	152	145	156	0.938	0.897	2.390E-01	2.234E-01	2.084E-01	5.250E+00	25
egfr-bridge-id1104	5d8y-assembly1_J	0.129	155	145	156	0.938	0.897	2.389E-01	2.233E-01	2.083E-01	4.757E+00	25
egfr-bridge-id1104	5d8y-assembly1_O	0.116	155	145	156	0.938	0.929	2.390E-01	2.233E-01	2.084E-01	5.250E+00	25
egfr-bridge-id1104	5d8y-assembly1_T	0.129	155	145	156	0.938	0.897	2.388E-01	2.232E-01	2.083E-01	4.757E+00	25
egfr-bridge-id1104	5d8y-assembly1_V	0.129	155	145	156	0.938	0.897	2.388E-01	2.232E-01	2.082E-01	5.250E+00	25
egfr-bridge-id1104	6nlg-assembly1_A	0.122	155	145	156	0.938	0.897	2.391E-01	2.234E-01	2.085E-01	5.250E+00	25
egfr-bridge-id1104	1nf6-assembly2_F	0.169	159	145	171	0.972	0.848	2.449E-01	2.369E-01	2.025E-01	6.721E+00	25
egfr-bridge-id1104	7vg4-assembly3_E	0.144	152	145	196	0.959	0.724	2.227E-01	2.134E-01	1.657E-01	3.366E+00	25
egfr-bridge-id1104	1key-assembly1_A-2	0.074	188	145	212	0.966	0.844	2.633E-01	2.555E-01	2.056E-01	4.101E+00	25
egfr-bridge-id1104	8fbk-assembly1_A	0.133	150	145	218	0.972	0.601	2.952E-01	2.834E-01	2.142E-01	8.604E+00	25
egfr-bridge-id1104	4y5j-assembly1_A	0.105	161	145	227	0.752	0.674	2.745E-01	2.417E-01	1.848E-01	5.516E+00	25
egfr-bridge-id1104	8cvt-assembly1_a	0.136	161	145	373	0.738	0.416	4.056E-01	3.245E-01	1.556E-01	9.498E+00	25
egfr-bridge-id1104	8k0i-assembly1_a	0.131	144	145	399	0.800	0.351	3.083E-01	2.630E-01	1.354E-01	8.604E+00	25
egfr-bridge-id1104	5f0k-assembly3_C	0.069	201	145	439	0.959	0.451	3.017E-01	2.914E-01	1.395E-01	7.419E+00	25
egfr-bridge-id1104	5hay-assembly1_A	0.131	160	145	559	0.979	0.261	2.342E-01	2.289E-01	8.260E-02	4.101E+00	25
egfr-bridge-id1104	8wfn-assembly1_B	0.179	178	145	976	0.903	0.177	3.479E-01	3.164E-01	6.595E-02	9.498E+00	25
egfr-bridge-id1104	6jx6-assembly1_D	0.125	136	145	148	0.800	0.831	2.733E-01	2.203E-01	2.161E-01	5.250E+00	24
egfr-bridge-id1104	4toe-assembly1_J	0.129	155	145	154	0.938	0.909	2.392E-01	2.235E-01	2.111E-01	5.796E+00	24
egfr-bridge-id1104	4toe-assembly1_M	0.125	152	145	154	0.938	0.909	2.393E-01	2.236E-01	2.112E-01	6.397E+00	24
egfr-bridge-id1104	4toe-assembly1_S	0.129	155	145	154	0.938	0.909	2.391E-01	2.234E-01	2.110E-01	6.089E+00	24
egfr-bridge-id1104	4toe-assembly1_U	0.129	155	145	154	0.938	0.909	2.392E-01	2.235E-01	2.111E-01	6.089E+00	24
egfr-bridge-id1104	4toc-assembly1_V	0.122	155	145	155	0.938	0.903	2.390E-01	2.233E-01	2.096E-01	5.796E+00	24
egfr-bridge-id1104	5d8y-assembly1_F	0.129	155	145	156	0.938	0.897	2.389E-01	2.233E-01	2.083E-01	5.516E+00	24
egfr-bridge-id1104	5d8y-assembly1_Q	0.129	155	145	156	0.938	0.897	2.390E-01	2.233E-01	2.084E-01	5.796E+00	24
egfr-bridge-id1104	5d8y-assembly1_W	0.129	155	145	156	0.938	0.897	2.389E-01	2.233E-01	2.083E-01	5.796E+00	24
egfr-bridge-id1104	4toh-assembly1_C	0.122	155	145	156	0.938	0.897	2.391E-01	2.235E-01	2.085E-01	5.516E+00	24
egfr-bridge-id1104	1g73-assembly2_B	0.161	142	145	157	0.979	0.752	2.474E-01	2.046E-01	1.905E-01	5.250E+00	24
egfr-bridge-id1104	8apo-assembly1_BE	0.143	160	145	171	0.979	0.737	2.152E-01	1.910E-01	1.667E-01	3.537E+00	24
egfr-bridge-id1104	3qb5-assembly1_A-2	0.074	188	145	213	0.959	0.826	2.168E-01	2.121E-01	1.700E-01	3.366E+00	24
egfr-bridge-id1104	1key-assembly1_B-2	0.091	185	145	221	0.959	0.814	2.455E-01	2.385E-01	1.823E-01	4.101E+00	24
egfr-bridge-id1104	8oyy-assembly2_B	0.217	147	145	232	0.883	0.608	2.961E-01	2.666E-01	1.794E-01	7.795E+00	24
egfr-bridge-id1104	8tsb-assembly1_B	0.151	139	145	270	0.924	0.493	2.129E-01	1.966E-01	1.155E-01	3.537E+00	24
egfr-bridge-id1104	6ve0-assembly1_A	0.140	150	145	303	0.848	0.442	2.306E-01	1.963E-01	9.805E-02	3.537E+00	24
egfr-bridge-id1104	3zxp-assembly1_B	0.151	145	145	384	0.779	0.372	2.896E-01	2.399E-01	1.230E-01	9.040E+00	24
egfr-bridge-id1104	8u1x-assembly1_B	0.082	134	145	488	0.800	0.258	3.474E-01	2.978E-01	1.292E-01	9.979E+00	24
egfr-bridge-id1104	7zo0-assembly1_A	0.134	201	145	761	0.793	0.256	2.856E-01	2.317E-01	6.343E-02	7.419E+00	24
egfr-bridge-id1104	8jh6-assembly1_B	0.144	138	145	126	0.952	0.968	2.787E-01	2.417E-01	2.686E-01	9.979E+00	23
egfr-bridge-id1104	8tn1-assembly1_B	0.131	144	145	147	0.959	0.905	2.601E-01	2.381E-01	2.350E-01	9.979E+00	23
egfr-bridge-id1104	4toe-assembly1_P	0.125	152	145	154	0.938	0.909	2.393E-01	2.236E-01	2.112E-01	7.419E+00	23
egfr-bridge-id1104	5krw-assembly1_A	0.086	151	145	155	0.931	0.748	2.143E-01	1.778E-01	1.678E-01	3.537E+00	23
egfr-bridge-id1104	5d8r-assembly1_C-2	0.122	155	145	156	0.938	0.897	2.391E-01	2.234E-01	2.084E-01	6.721E+00	23
egfr-bridge-id1104	5d8y-assembly1_D	0.120	158	145	156	0.938	0.897	2.389E-01	2.233E-01	2.083E-01	6.721E+00	23
egfr-bridge-id1104	5d8y-assembly1_K	0.129	155	145	156	0.938	0.897	2.390E-01	2.234E-01	2.084E-01	6.397E+00	23
egfr-bridge-id1104	5d8y-assembly1_P	0.116	155	145	156	0.938	0.929	2.389E-01	2.233E-01	2.083E-01	7.062E+00	23
egfr-bridge-id1104	4toh-assembly1_A	0.122	155	145	156	0.938	0.897	2.391E-01	2.235E-01	2.085E-01	7.062E+00	23
egfr-bridge-id1104	4toh-assembly1_D	0.122	155	145	156	0.938	0.897	2.392E-01	2.235E-01	2.085E-01	6.721E+00	23
egfr-bridge-id1104	4e6k-assembly1_C	0.122	155	145	157	0.938	0.892	2.393E-01	2.236E-01	2.074E-01	6.721E+00	23
egfr-bridge-id1104	2mtd-assembly1_A	0.163	147	145	164	0.959	0.829	1.702E-01	1.634E-01	1.504E-01	2.382E+00	23
egfr-bridge-id1104	8e2i-assembly1_F	0.108	157	145	173	0.938	0.786	2.352E-01	2.200E-01	1.863E-01	4.997E+00	23
egfr-bridge-id1104	2qqy-assembly1_A	0.107	149	145	139	0.903	0.964	2.634E-01	2.375E-01	2.472E-01	8.604E+00	22
egfr-bridge-id1104	2d5k-assembly1_B	0.083	156	145	149	0.897	0.953	2.773E-01	2.479E-01	2.415E-01	9.498E+00	22
egfr-bridge-id1104	5d8s-assembly1_G-2	0.116	155	145	156	0.938	0.897	2.392E-01	2.235E-01	2.085E-01	7.795E+00	22
egfr-bridge-id1104	5d8y-assembly1_I	0.129	155	145	156	0.938	0.897	2.391E-01	2.234E-01	2.085E-01	7.795E+00	22
egfr-bridge-id1104	4e6k-assembly1_A-2	0.122	155	145	157	0.938	0.892	2.392E-01	2.235E-01	2.073E-01	7.795E+00	22
egfr-bridge-id1104	4e6k-assembly1_A-3	0.122	155	145	157	0.938	0.892	2.392E-01	2.235E-01	2.073E-01	7.795E+00	22
egfr-bridge-id1104	4e6k-assembly1_A-4	0.122	155	145	157	0.938	0.892	2.392E-01	2.235E-01	2.073E-01	7.795E+00	22
egfr-bridge-id1104	1bcf-assembly1_A	0.107	149	145	158	0.924	0.829	2.604E-01	2.344E-01	2.158E-01	9.498E+00	22
egfr-bridge-id1104	1few-assembly1_A	0.146	150	145	173	0.979	0.757	2.393E-01	2.164E-01	1.837E-01	6.089E+00	22
egfr-bridge-id1104	7eqf-assembly1_A	0.110	136	145	184	0.828	0.685	1.968E-01	1.684E-01	1.391E-01	3.716E+00	22
egfr-bridge-id1104	3pja-assembly2_G-2	0.079	188	145	212	0.972	0.830	2.570E-01	2.509E-01	2.026E-01	6.397E+00	22
egfr-bridge-id1104	4wyv-assembly1_A	0.082	182	145	213	0.959	0.826	2.808E-01	2.724E-01	2.174E-01	7.062E+00	22
egfr-bridge-id1104	8v8v-assembly2_D	0.163	147	145	271	0.979	0.517	2.000E-01	1.929E-01	1.131E-01	4.101E+00	22
egfr-bridge-id1104	5f0k-assembly2_B	0.098	142	145	430	0.821	0.328	2.489E-01	2.377E-01	1.191E-01	8.604E+00	22
egfr-bridge-id1104	2chp-assembly1_A	0.103	155	145	148	0.931	0.973	1.961E-01	1.844E-01	1.815E-01	5.250E+00	21
egfr-bridge-id1104	1n1q-assembly1_A	0.108	156	145	149	0.938	0.946	2.008E-01	1.882E-01	1.836E-01	5.516E+00	21
egfr-bridge-id1104	5d8r-assembly1_G	0.118	152	145	156	0.938	0.897	2.386E-01	2.230E-01	2.081E-01	9.498E+00	21
egfr-bridge-id1104	5d8s-assembly1_H-2	0.110	154	145	156	0.931	0.891	2.408E-01	2.235E-01	2.085E-01	9.979E+00	21
egfr-bridge-id1104	5d8y-assembly1_U	0.129	155	145	156	0.938	0.897	2.389E-01	2.233E-01	2.083E-01	8.604E+00	21
egfr-bridge-id1104	7q83-assembly2_D	0.149	154	145	156	0.945	0.840	1.629E-01	1.497E-01	1.638E-01	2.503E+00	21
egfr-bridge-id1104	8auw-assembly1_D	0.115	156	145	157	0.938	0.841	2.468E-01	2.239E-01	2.088E-01	7.419E+00	21
egfr-bridge-id1104	4xkt-assembly1_A-2	0.112	151	145	157	0.931	0.841	2.461E-01	2.235E-01	2.072E-01	9.498E+00	21
egfr-bridge-id1104	4xku-assembly1_A	0.105	151	145	157	0.931	0.841	2.460E-01	2.235E-01	2.072E-01	9.979E+00	21
egfr-bridge-id1104	3uno-assembly1_R	0.125	151	145	170	0.945	0.835	2.493E-01	2.348E-01	2.021E-01	9.979E+00	21
egfr-bridge-id1104	1zs3-assembly1_H	0.125	167	145	171	0.897	0.971	1.790E-01	1.604E-01	1.460E-01	4.101E+00	21
egfr-bridge-id1104	8v8i-assembly2_D	0.167	137	145	222	0.910	0.590	2.092E-01	1.922E-01	1.352E-01	4.997E+00	21
egfr-bridge-id1104	4kzg-assembly8_H	0.117	205	145	307	0.924	0.655	2.493E-01	2.410E-01	1.489E-01	7.419E+00	21
egfr-bridge-id1104	3j9m-assembly1_A4	0.119	168	145	414	0.807	0.403	2.258E-01	2.018E-01	1.023E-01	5.516E+00	21
egfr-bridge-id1104	7tbj-assembly1_A2	0.131	167	145	1269	0.979	0.124	2.548E-01	2.523E-01	5.217E-02	9.498E+00	21
egfr-bridge-id1104	1jig-assembly1_A	0.122	163	145	146	0.938	0.966	2.056E-01	1.932E-01	1.920E-01	7.062E+00	20
egfr-bridge-id1104	2c41-assembly1_C	0.127	165	145	157	1.000	0.962	2.116E-01	2.102E-01	1.953E-01	8.190E+00	20
egfr-bridge-id1104	3iq1-assembly1_B	0.106	160	145	159	0.959	0.887	1.886E-01	1.806E-01	1.666E-01	4.757E+00	20
egfr-bridge-id1104	7pp2-assembly1_A	0.096	145	145	442	0.821	0.317	2.331E-01	2.002E-01	8.541E-02	7.419E+00	19
egfr-bridge-id1104	8bcy-assembly1_B	0.129	139	145	165	0.917	0.818	1.861E-01	1.735E-01	1.571E-01	7.419E+00	18
egfr-bridge-id1104	5m4y-assembly2_C	0.158	151	145	181	0.924	0.740	1.467E-01	1.381E-01	1.330E-01	4.309E+00	18
egfr-bridge-id1104	5hjf-assembly1_D	0.090	165	145	185	0.945	0.681	1.962E-01	1.760E-01	1.443E-01	8.604E+00	17
egfr-bridge-id1104	8c7d-assembly1_A	0.172	168	145	195	0.959	0.815	1.724E-01	1.658E-01	1.328E-01	8.190E+00	17
egfr-bridge-id1104	6tqx-assembly1_A	0.142	126	145	285	0.779	0.418	2.109E-01	1.719E-01	9.689E-02	9.040E+00	17
egfr-bridge-id1104	8ff9-assembly1_B	0.073	150	145	156	0.855	0.853	1.975E-01	1.743E-01	1.646E-01	9.979E+00	16
egfr-bridge-id1104	6lkp-assembly1_C	0.107	158	145	172	0.945	0.733	1.942E-01	1.741E-01	1.514E-01	9.040E+00	16
egfr-siteA-id3017	3t49-assembly1_A	0.076	78	75	70	0.987	0.957	6.040E-01	5.420E-01	5.748E-01	1.563E+00	51
egfr-siteA-id3017	8j9b-assembly1_K-2	0.191	73	75	331	0.973	0.193	7.445E-01	6.413E-01	1.677E-01	6.857E+00	42
egfr-siteA-id3017	1x8z-assembly1_A-2	0.063	94	75	151	0.960	0.623	4.567E-01	4.363E-01	2.597E-01	1.981E+00	40
egfr-siteA-id3017	1x8z-assembly3_A	0.063	94	75	151	0.960	0.623	4.567E-01	4.363E-01	2.597E-01	1.981E+00	40
egfr-siteA-id3017	1x91-assembly1_A	0.076	92	75	149	0.933	0.617	4.438E-01	4.181E-01	2.509E-01	1.474E+00	38
egfr-siteA-id3017	7dgw-assembly1_A	0.196	61	75	94	0.747	0.649	6.302E-01	5.132E-01	4.343E-01	6.092E+00	37
egfr-siteA-id3017	6d32-assembly1_A	0.194	77	75	573	0.973	0.134	5.027E-01	4.869E-01	9.219E-02	3.578E+00	37
egfr-siteA-id3017	4cqi-assembly1_A	0.171	76	75	107	0.960	0.710	4.349E-01	4.165E-01	3.110E-01	2.509E+00	36
egfr-siteA-id3017	7kwg-assembly1_t	0.122	57	75	80	0.720	0.712	5.626E-01	4.322E-01	4.099E-01	7.718E+00	33
egfr-siteA-id3017	7zly-assembly1_A	0.171	76	75	394	0.933	0.193	5.181E-01	4.850E-01	1.256E-01	5.743E+00	33
egfr-siteA-id3017	6nur-assembly1_C	0.194	67	75	70	0.827	0.957	5.726E-01	5.008E-01	5.236E-01	8.189E+00	32
egfr-siteA-id3017	7nhl-assembly1_u	0.122	57	75	80	0.720	0.712	5.370E-01	4.154E-01	3.946E-01	7.718E+00	32
egfr-siteA-id3017	7bqn-assembly1_A	0.123	89	75	121	0.933	0.736	3.784E-01	3.565E-01	2.499E-01	3.578E+00	32
egfr-siteA-id3017	8to0-assembly1_b	0.145	62	75	191	0.800	0.325	5.842E-01	4.700E-01	1.973E-01	6.464E+00	32
egfr-siteA-id3017	4z7x-assembly1_A	0.106	75	75	211	0.973	0.346	4.923E-01	4.781E-01	2.274E-01	7.275E+00	32
egfr-siteA-id3017	4wlr-assembly1_A	0.162	74	75	296	0.987	0.236	5.124E-01	4.755E-01	1.320E-01	5.743E+00	32
egfr-siteA-id3017	3t48-assembly1_A	0.131	61	75	71	0.667	0.859	5.570E-01	4.081E-01	4.259E-01	8.688E+00	31
egfr-siteA-id3017	2qff-assembly1_A	0.100	80	75	74	0.960	0.932	4.317E-01	4.019E-01	4.059E-01	4.809E+00	31
egfr-siteA-id3017	8y39-assembly1_t	0.122	57	75	81	0.720	0.704	5.499E-01	4.254E-01	3.999E-01	9.217E+00	31
egfr-siteA-id3017	7jg7-assembly1_2	0.166	60	75	83	0.787	0.711	4.867E-01	4.047E-01	3.745E-01	5.743E+00	31
egfr-siteA-id3017	8ap6-assembly1_P1	0.166	54	75	78	0.720	0.679	5.616E-01	4.284E-01	4.153E-01	9.778E+00	30
egfr-siteA-id3017	3l3o-assembly1_M	0.077	77	75	84	0.973	0.786	5.397E-01	4.810E-01	4.382E-01	8.688E+00	30
egfr-siteA-id3017	7nju-assembly1_R	0.163	61	75	84	0.800	0.714	4.618E-01	3.913E-01	3.597E-01	5.102E+00	30
egfr-siteA-id3017	7nkk-assembly1_P	0.163	61	75	86	0.800	0.698	4.801E-01	4.037E-01	3.634E-01	6.092E+00	30
egfr-siteA-id3017	3zo6-assembly1_F	0.185	54	75	69	0.720	0.768	5.371E-01	4.115E-01	4.386E-01	9.778E+00	29
egfr-siteA-id3017	3ub0-assembly2_F	0.149	67	75	78	0.853	0.821	5.042E-01	4.520E-01	4.401E-01	9.217E+00	29
egfr-siteA-id3017	7jg7-assembly1_6	0.150	53	75	80	0.707	0.650	5.326E-01	4.064E-01	3.868E-01	9.217E+00	29
egfr-siteA-id3017	8j0s-assembly1_4	0.133	60	75	81	0.800	0.728	4.765E-01	3.976E-01	3.753E-01	7.275E+00	29
egfr-siteA-id3017	8jr0-assembly1_1	0.133	60	75	81	0.800	0.728	4.775E-01	3.985E-01	3.761E-01	6.857E+00	29
egfr-siteA-id3017	7nkk-assembly1_Q	0.163	61	75	85	0.800	0.706	4.912E-01	4.115E-01	3.731E-01	6.857E+00	29
egfr-siteA-id3017	7dgu-assembly1_A	0.164	85	75	97	0.960	0.876	3.799E-01	3.696E-01	3.217E-01	5.413E+00	29
egfr-siteA-id3017	7bqq-assembly1_A	0.173	92	75	130	0.987	0.708	4.224E-01	4.145E-01	2.755E-01	7.275E+00	29
egfr-siteA-id3017	4h6h-assembly2_B	0.086	81	75	80	0.933	0.875	3.806E-01	3.574E-01	3.407E-01	4.533E+00	28
egfr-siteA-id3017	8j0s-assembly1_2	0.133	60	75	81	0.800	0.728	4.777E-01	4.000E-01	3.774E-01	8.189E+00	28
egfr-siteA-id3017	8j0s-assembly1_5	0.133	60	75	81	0.800	0.728	4.709E-01	3.946E-01	3.725E-01	7.718E+00	28
egfr-siteA-id3017	8j0t-assembly1_1	0.133	60	75	81	0.800	0.728	4.737E-01	3.954E-01	3.733E-01	8.189E+00	28
egfr-siteA-id3017	7jg7-assembly1_8	0.133	60	75	81	0.800	0.728	4.803E-01	4.003E-01	3.777E-01	8.189E+00	28
egfr-siteA-id3017	8jr0-assembly1_8	0.133	60	75	81	0.800	0.728	4.853E-01	4.037E-01	3.807E-01	8.189E+00	28
egfr-siteA-id3017	6rur-assembly1_N	0.100	80	75	84	0.960	0.821	4.196E-01	3.895E-01	3.569E-01	6.857E+00	28
egfr-siteA-id3017	4n06-assembly1_A	0.177	62	75	346	0.747	0.179	4.252E-01	3.491E-01	1.018E-01	5.413E+00	28
egfr-siteA-id3017	8pwn-assembly1_A	0.170	94	75	389	0.960	0.242	4.032E-01	3.872E-01	1.088E-01	4.809E+00	28
egfr-siteA-id3017	7ane-assembly1_z	0.173	52	75	971	0.693	0.051	4.837E-01	3.697E-01	4.057E-02	7.275E+00	28
egfr-siteA-id3017	8g0b-assembly1_2	0.166	60	75	81	0.787	0.728	4.870E-01	4.050E-01	3.819E-01	9.217E+00	27
egfr-siteA-id3017	7jg6-assembly1_8	0.166	60	75	81	0.787	0.728	4.840E-01	4.030E-01	3.802E-01	9.217E+00	27
egfr-siteA-id3017	8jr0-assembly1_2	0.133	60	75	81	0.800	0.728	4.801E-01	4.001E-01	3.776E-01	9.217E+00	27
egfr-siteA-id3017	8jr0-assembly1_9	0.133	60	75	81	0.800	0.728	4.749E-01	3.963E-01	3.741E-01	9.217E+00	27
egfr-siteA-id3017	8jr1-assembly1_9	0.133	60	75	81	0.800	0.728	4.767E-01	3.976E-01	3.752E-01	8.688E+00	27
egfr-siteA-id3017	7njn-assembly1_L	0.150	60	75	83	0.787	0.711	4.775E-01	3.983E-01	3.689E-01	9.217E+00	27
egfr-siteA-id3017	7njl-assembly1_P	0.163	61	75	85	0.800	0.706	4.696E-01	3.965E-01	3.608E-01	8.688E+00	27
egfr-siteA-id3017	4v5b-assembly1_BO	0.156	64	75	88	0.787	0.727	4.290E-01	3.601E-01	3.201E-01	6.464E+00	27
egfr-siteA-id3017	8g0d-assembly1_5	0.166	60	75	81	0.787	0.728	4.758E-01	3.972E-01	3.749E-01	9.217E+00	26
egfr-siteA-id3017	7njv-assembly1_N	0.163	61	75	84	0.800	0.714	4.691E-01	3.965E-01	3.642E-01	9.778E+00	26
egfr-siteA-id3017	7njl-assembly1_R	0.163	61	75	85	0.800	0.706	4.655E-01	3.935E-01	3.583E-01	9.217E+00	26
egfr-siteA-id3017	7njm-assembly1_Q	0.163	61	75	85	0.800	0.706	4.747E-01	4.001E-01	3.638E-01	9.217E+00	26
egfr-siteA-id3017	6dg5-assembly1_A	0.195	82	75	93	0.973	0.882	3.230E-01	3.124E-01	2.618E-01	7.275E+00	24
egfr-siteA-id3017	8eja-assembly1_B	0.174	86	75	112	0.960	0.759	3.744E-01	3.599E-01	2.656E-01	8.688E+00	24
egfr-siteA-id3017	5jsb-assembly1_B	0.160	87	75	116	0.973	0.741	3.802E-01	3.691E-01	2.639E-01	9.778E+00	24
egfr-siteA-id3017	6b0f-assembly1_A	0.238	63	75	204	0.707	0.299	3.834E-01	2.913E-01	1.535E-01	7.718E+00	24
egfr-siteA-id3017	8j58-assembly1_6	0.111	63	75	79	0.787	0.785	3.949E-01	3.358E-01	3.241E-01	8.688E+00	23
egfr-siteA-id3017	6tb3-assembly1_BW	0.184	76	75	112	0.960	0.643	3.598E-01	3.442E-01	2.457E-01	8.688E+00	23
egfr-siteA-id3017	5xjm-assembly1_A	0.125	104	75	375	0.973	0.275	3.749E-01	3.630E-01	1.019E-01	8.189E+00	23
egfr-siteA-id3017	6drz-assembly1_A	0.125	104	75	388	0.960	0.260	3.766E-01	3.606E-01	9.743E-02	7.718E+00	23
egfr-siteA-id3017	5ndz-assembly1_A	0.172	58	75	556	0.720	0.104	4.117E-01	3.330E-01	6.663E-02	8.688E+00	23
egfr-siteA-id3017	4ni9-assembly1_C	0.194	77	75	148	0.893	0.480	3.397E-01	3.105E-01	1.875E-01	8.189E+00	22
egfr-siteA-id3017	2qxs-assembly1_B	0.185	81	75	226	0.880	0.350	3.184E-01	2.840E-01	1.377E-01	6.464E+00	22
egfr-siteA-id3017	1jal-assembly1_A	0.181	77	75	348	0.933	0.193	3.547E-01	3.202E-01	1.053E-01	9.217E+00	22
egfr-siteA-id3017	8dz8-assembly7_G	0.207	82	75	94	0.973	0.872	2.927E-01	2.849E-01	2.452E-01	9.778E+00	21
egfr-siteA-id3017	1lvf-assembly2_B	0.151	86	75	104	0.960	0.779	3.063E-01	2.919E-01	2.182E-01	8.688E+00	21
egfr-siteA-id3017	2q9q-assembly2_F	0.174	86	75	196	0.920	0.413	3.337E-01	3.103E-01	1.415E-01	9.217E+00	21
egfr-siteA-id3017	7rs8-assembly2_D	0.141	127	75	217	0.987	0.585	2.923E-01	2.891E-01	1.337E-01	6.092E+00	21
egfr-siteA-id3017	7rrx-assembly1_B	0.153	124	75	220	0.987	0.564	2.957E-01	2.906E-01	1.335E-01	6.857E+00	21
egfr-siteA-id3017	6df6-assembly2_D	0.193	88	75	231	0.880	0.372	3.214E-01	2.840E-01	1.394E-01	8.189E+00	21
egfr-siteA-id3017	2qgt-assembly1_A	0.204	83	75	237	0.880	0.342	3.182E-01	2.825E-01	1.344E-01	7.275E+00	21
egfr-siteA-id3017	7ujw-assembly1_C	0.200	80	75	208	0.880	0.375	3.151E-01	2.905E-01	1.558E-01	9.778E+00	20
egfr-siteA-id3017	7uj7-assembly2_C	0.168	113	75	211	0.933	0.531	2.966E-01	2.807E-01	1.350E-01	8.189E+00	20
egfr-siteA-id3017	7rrx-assembly2_D-3	0.145	131	75	216	0.987	0.602	2.924E-01	2.894E-01	1.345E-01	8.189E+00	20
egfr-siteA-id3017	4pgk-assembly1_A	0.173	75	75	221	0.827	0.326	2.953E-01	2.581E-01	1.308E-01	8.688E+00	20
egfr-siteA-id3017	4pgi-assembly1_A	0.184	76	75	222	0.840	0.329	3.035E-01	2.593E-01	1.319E-01	8.688E+00	20
egfr-siteA-id3017	6sq0-assembly1_A	0.204	83	75	229	0.880	0.354	3.133E-01	2.814E-01	1.397E-01	8.189E+00	20
egfr-siteA-id3017	6zoq-assembly1_A	0.193	88	75	234	0.960	0.355	2.953E-01	2.846E-01	1.415E-01	8.189E+00	20
egfr-siteA-id3017	2qtu-assembly1_A	0.182	82	75	219	0.880	0.365	2.734E-01	2.529E-01	1.398E-01	7.718E+00	19
egfr-siteA-id3017	8vyx-assembly1_B	0.147	129	75	221	0.987	0.584	2.928E-01	2.897E-01	1.319E-01	8.688E+00	19
egfr-siteA-id3017	1bgf-assembly1_A-2	0.178	84	75	124	0.973	0.621	2.868E-01	2.792E-01	1.868E-01	8.688E+00	18
egfr-siteA-id2015	2lse-assembly1_A	0.210	76	75	101	0.960	0.743	6.067E-01	5.825E-01	4.628E-01	1.149E+00	54
egfr-siteA-id2015	3t49-assembly1_A	0.089	78	75	70	0.987	0.957	5.977E-01	5.379E-01	5.696E-01	2.463E+00	46
egfr-siteA-id2015	1x8z-assembly1_A-2	0.095	94	75	151	0.960	0.623	5.493E-01	5.282E-01	3.095E-01	1.733E+00	46
egfr-siteA-id2015	1x8z-assembly3_A	0.095	94	75	151	0.960	0.623	5.493E-01	5.282E-01	3.095E-01	1.733E+00	46
egfr-siteA-id2015	8j9b-assembly1_I-2	0.202	69	75	335	0.920	0.185	7.895E-01	6.641E-01	1.678E-01	5.598E+00	46
egfr-siteA-id2015	4n06-assembly1_A	0.173	75	75	346	0.720	0.217	8.847E-01	6.433E-01	1.488E-01	9.489E+00	45
egfr-siteA-id2015	8j9b-assembly1_K-2	0.178	73	75	331	0.973	0.193	7.283E-01	6.305E-01	1.678E-01	6.295E+00	43
egfr-siteA-id2015	4cqi-assembly1_A	0.171	76	75	107	0.960	0.710	4.285E-01	4.107E-01	3.074E-01	1.948E+00	37
egfr-siteA-id2015	6d32-assembly1_A	0.194	77	75	573	0.973	0.134	4.943E-01	4.786E-01	9.164E-02	3.713E+00	36
egfr-siteA-id2015	4z7x-assembly1_A	0.106	75	75	211	0.973	0.346	4.940E-01	4.806E-01	2.303E-01	5.598E+00	35
egfr-siteA-id2015	4wlr-assembly1_A	0.150	73	75	296	0.973	0.243	4.929E-01	4.696E-01	1.314E-01	6.295E+00	31
egfr-siteA-id2015	4h6h-assembly2_B	0.074	81	75	80	0.973	0.875	4.557E-01	4.305E-01	4.115E-01	7.505E+00	29
egfr-siteA-id2015	7bqn-assembly1_A	0.188	101	75	121	0.960	0.835	3.181E-01	3.091E-01	2.329E-01	3.114E+00	29
egfr-siteA-id2015	1i4t-assembly1_B	0.223	94	75	179	0.987	0.503	5.018E-01	4.895E-01	2.147E-01	8.439E+00	29
egfr-siteA-id2015	5vo5-assembly1_A	0.192	78	75	179	0.973	0.436	5.133E-01	4.941E-01	2.159E-01	9.489E+00	29
egfr-siteA-id2015	4h6i-assembly1_A	0.066	75	75	77	0.987	0.831	4.779E-01	4.262E-01	4.187E-01	8.439E+00	28
egfr-siteA-id2015	7jg7-assembly1_2	0.135	59	75	83	0.787	0.711	4.950E-01	4.097E-01	3.786E-01	8.439E+00	28
egfr-siteA-id2015	7nkk-assembly1_P	0.163	61	75	86	0.800	0.698	4.653E-01	3.932E-01	3.548E-01	7.505E+00	28
egfr-siteA-id2015	8pwn-assembly1_A	0.170	94	75	389	0.960	0.242	3.863E-01	3.711E-01	1.050E-01	4.428E+00	28
egfr-siteA-id2015	8j0s-assembly1_4	0.133	60	75	81	0.800	0.728	4.594E-01	3.873E-01	3.661E-01	8.439E+00	27
egfr-siteA-id2015	8j0s-assembly1_5	0.133	60	75	81	0.800	0.728	4.550E-01	3.839E-01	3.630E-01	8.439E+00	27
egfr-siteA-id2015	8y39-assembly1_t	0.093	75	75	81	0.987	0.728	4.305E-01	3.503E-01	3.288E-01	8.949E+00	27
egfr-siteA-id2015	2qff-assembly1_A	0.100	80	75	74	0.960	0.932	4.266E-01	3.967E-01	4.007E-01	8.439E+00	26
egfr-siteA-id2015	7kwg-assembly1_t	0.089	78	75	80	0.987	0.738	4.280E-01	3.577E-01	3.406E-01	8.949E+00	26
egfr-siteA-id2015	8jr0-assembly1_1	0.133	60	75	81	0.800	0.728	4.595E-01	3.875E-01	3.663E-01	9.489E+00	26
egfr-siteA-id2015	8uu6-assembly1_t	0.123	73	75	81	0.960	0.704	4.404E-01	3.500E-01	3.305E-01	8.949E+00	26
egfr-siteA-id2015	7nju-assembly1_R	0.133	60	75	84	0.800	0.714	4.685E-01	3.954E-01	3.630E-01	9.489E+00	26
egfr-siteA-id2015	6nz1-assembly1_B	0.174	86	75	97	0.947	0.876	3.251E-01	3.066E-01	2.453E-01	4.695E+00	26
egfr-siteA-id2015	7nhl-assembly1_u	0.093	75	75	80	0.987	0.738	3.973E-01	3.277E-01	3.116E-01	8.439E+00	25
egfr-siteA-id2015	6dg5-assembly1_A	0.195	82	75	93	0.973	0.882	3.509E-01	3.394E-01	2.841E-01	7.078E+00	25
egfr-siteA-id2015	4oyd-assembly2_D	0.208	91	75	117	0.960	0.726	3.769E-01	3.608E-01	2.521E-01	6.295E+00	25
egfr-siteA-id2015	8fdu-assembly1_A	0.117	85	75	1001	0.960	0.085	3.917E-01	3.751E-01	3.826E-02	6.675E+00	25
egfr-siteA-id2015	4dnd-assembly1_A	0.141	78	75	95	0.960	0.800	3.443E-01	3.313E-01	2.820E-01	9.489E+00	24
egfr-siteA-id2015	7zcg-assembly1_A	0.225	80	75	159	0.987	0.484	4.140E-01	4.046E-01	2.071E-01	8.949E+00	24
egfr-siteA-id2015	8dz8-assembly7_G	0.207	82	75	94	0.973	0.872	2.961E-01	2.869E-01	2.431E-01	6.675E+00	23
egfr-siteA-id2015	6drz-assembly1_A	0.164	97	75	388	0.960	0.250	3.939E-01	3.797E-01	1.074E-01	9.489E+00	23
egfr-siteA-id2015	7ug7-assembly1_SO	0.194	72	75	88	0.960	0.716	3.654E-01	3.193E-01	2.837E-01	8.949E+00	22
egfr-siteA-id2015	8tf5-assembly1_A	0.161	105	75	364	0.960	0.288	3.537E-01	3.428E-01	1.080E-01	7.958E+00	22
egfr-siteA-id2015	2q9q-assembly2_F	0.186	86	75	196	0.920	0.413	3.371E-01	3.140E-01	1.440E-01	9.489E+00	21
egfr-siteA-id2015	1is2-assembly1_B	0.153	78	75	629	0.947	0.124	2.603E-01	2.440E-01	4.601E-02	6.295E+00	20
egfr-siteA-id2015	4bpu-assembly4_D	0.135	96	75	209	0.907	0.459	2.739E-01	2.546E-01	1.262E-01	8.949E+00	18
egfr-siteA-id3020	2lse-assembly1_A	0.210	76	75	101	0.960	0.743	6.023E-01	5.775E-01	4.608E-01	9.096E-01	56
egfr-siteA-id3020	3t49-assembly1_A	0.076	78	75	70	0.987	0.957	6.081E-01	5.459E-01	5.788E-01	2.490E+00	46
egfr-siteA-id3020	8j9b-assembly1_I-2	0.202	69	75	335	0.920	0.185	7.910E-01	6.651E-01	1.679E-01	6.424E+00	45
egfr-siteA-id3020	8j9b-assembly1_K-2	0.178	73	75	331	0.973	0.193	7.318E-01	6.312E-01	1.677E-01	7.673E+00	41
egfr-siteA-id3020	4cqi-assembly1_A	0.171	76	75	107	0.960	0.710	4.267E-01	4.090E-01	3.066E-01	1.852E+00	37
egfr-siteA-id3020	4z7x-assembly1_A	0.106	75	75	211	0.973	0.346	4.926E-01	4.793E-01	2.292E-01	4.243E+00	37
egfr-siteA-id3020	6d32-assembly1_A	0.194	77	75	573	0.973	0.134	5.016E-01	4.854E-01	9.209E-02	3.552E+00	37
egfr-siteA-id3020	4wlr-assembly1_A	0.150	73	75	296	0.973	0.243	4.991E-01	4.751E-01	1.319E-01	5.068E+00	33
egfr-siteA-id3020	4n06-assembly1_A	0.126	71	75	346	0.720	0.205	6.374E-01	4.848E-01	1.344E-01	9.724E+00	33
egfr-siteA-id3020	7bqn-assembly1_A	0.134	89	75	121	0.933	0.736	3.765E-01	3.540E-01	2.476E-01	3.156E+00	32
egfr-siteA-id3020	7jg7-assembly1_2	0.135	59	75	83	0.787	0.711	4.971E-01	4.110E-01	3.797E-01	7.673E+00	29
egfr-siteA-id3020	7nkk-assembly1_P	0.163	61	75	86	0.800	0.698	4.680E-01	3.951E-01	3.563E-01	6.424E+00	29
egfr-siteA-id3020	6nz1-assembly1_B	0.174	86	75	97	0.947	0.876	3.261E-01	3.076E-01	2.459E-01	3.156E+00	29
egfr-siteA-id3020	8pwn-assembly1_A	0.170	94	75	389	0.960	0.242	4.014E-01	3.856E-01	1.079E-01	3.769E+00	29
egfr-siteA-id3020	2qff-assembly1_A	0.100	80	75	74	0.960	0.932	4.317E-01	4.027E-01	4.066E-01	6.816E+00	28
egfr-siteA-id3020	7nju-assembly1_R	0.133	60	75	84	0.800	0.714	4.717E-01	3.975E-01	3.648E-01	7.673E+00	28
egfr-siteA-id3020	7nkk-assembly1_Q	0.133	60	75	85	0.800	0.706	4.986E-01	4.165E-01	3.772E-01	8.141E+00	28
egfr-siteA-id3020	6dg5-assembly1_A	0.195	82	75	93	0.973	0.882	3.454E-01	3.342E-01	2.814E-01	4.777E+00	28
egfr-siteA-id3020	4uel-assembly1_A	0.162	74	75	302	0.987	0.232	5.124E-01	4.755E-01	1.294E-01	8.638E+00	28
egfr-siteA-id3020	7kwg-assembly1_t	0.076	78	75	80	0.987	0.738	4.307E-01	3.595E-01	3.422E-01	8.141E+00	27
egfr-siteA-id3020	8j0s-assembly1_4	0.133	60	75	81	0.800	0.728	4.641E-01	3.890E-01	3.675E-01	8.141E+00	27
egfr-siteA-id3020	8y39-assembly1_t	0.080	75	75	81	0.987	0.728	4.295E-01	3.496E-01	3.281E-01	8.638E+00	27
egfr-siteA-id3020	4h6h-assembly2_B	0.086	81	75	80	0.933	0.875	3.860E-01	3.651E-01	3.466E-01	6.424E+00	26
egfr-siteA-id3020	8j0s-assembly1_5	0.133	60	75	81	0.800	0.728	4.570E-01	3.854E-01	3.643E-01	9.165E+00	26
egfr-siteA-id3020	6tb3-assembly1_BW	0.184	76	75	112	0.960	0.643	3.592E-01	3.433E-01	2.482E-01	5.706E+00	26
egfr-siteA-id3020	8fdu-assembly1_A	0.117	85	75	1001	0.960	0.085	3.991E-01	3.835E-01	3.847E-02	6.054E+00	26
egfr-siteA-id3020	7nhl-assembly1_u	0.080	75	75	80	0.987	0.738	3.977E-01	3.278E-01	3.117E-01	8.638E+00	25
egfr-siteA-id3020	7dgu-assembly1_A	0.164	85	75	97	0.960	0.876	4.106E-01	3.992E-01	3.472E-01	9.724E+00	25
egfr-siteA-id3020	4oyd-assembly2_D	0.208	91	75	117	0.960	0.726	3.762E-01	3.602E-01	2.528E-01	6.424E+00	25
egfr-siteA-id3020	7zcg-assembly1_A	0.200	80	75	159	0.987	0.484	4.176E-01	4.080E-01	2.077E-01	7.673E+00	25
egfr-siteA-id3020	4dnd-assembly1_A	0.141	78	75	95	0.960	0.800	3.550E-01	3.425E-01	2.903E-01	9.724E+00	24
egfr-siteA-id3020	8dz8-assembly7_G	0.207	82	75	94	0.973	0.872	2.933E-01	2.843E-01	2.416E-01	6.816E+00	23
egfr-siteA-id3020	1jal-assembly1_A	0.194	77	75	348	0.933	0.193	3.589E-01	3.262E-01	1.079E-01	8.141E+00	23
egfr-siteA-id3020	8tf5-assembly1_A	0.161	105	75	364	0.960	0.288	3.511E-01	3.412E-01	1.100E-01	6.424E+00	23
egfr-siteA-id3020	5olo-assembly1_A	0.184	76	75	385	0.920	0.195	4.228E-01	3.957E-01	1.109E-01	9.724E+00	23
egfr-siteA-id3020	7ug7-assembly1_SO	0.180	72	75	88	0.960	0.716	3.660E-01	3.219E-01	2.864E-01	9.165E+00	22
egfr-siteA-id3020	2q9q-assembly2_F	0.186	86	75	196	0.920	0.413	3.457E-01	3.216E-01	1.461E-01	7.673E+00	22
egfr-siteA-id3020	6drz-assembly1_A	0.153	104	75	388	0.960	0.268	3.643E-01	3.490E-01	9.624E-02	8.638E+00	22
egfr-siteA-id3020	8t8f-assembly1_E	0.191	73	75	353	0.973	0.193	3.195E-01	2.896E-01	7.232E-02	8.141E+00	21
egfr-siteA-id3020	1lvf-assembly2_B	0.170	82	75	104	0.960	0.779	2.969E-01	2.829E-01	2.112E-01	8.638E+00	20
egfr-siteA-id3020	4bpu-assembly4_D	0.210	76	75	209	0.947	0.359	2.929E-01	2.787E-01	1.322E-01	8.638E+00	20
egfr-siteA-id3020	5n7k-assembly4_D	0.253	75	75	114	0.960	0.623	2.643E-01	2.496E-01	1.811E-01	8.141E+00	19
egfr-siteA-id3020	1is2-assembly1_B	0.153	78	75	629	0.947	0.124	2.497E-01	2.345E-01	4.668E-02	6.054E+00	19
egfr-siteA-id3020	8xuq-assembly1_G	0.126	111	75	885	0.987	0.125	2.567E-01	2.522E-01	4.752E-02	8.638E+00	19
egfr-siteA-id3020	2qtu-assembly1_A	0.182	82	75	219	0.880	0.365	2.727E-01	2.566E-01	1.400E-01	9.724E+00	17
egfr-siteA-id89	2lse-assembly1_A	0.253	79	75	101	0.960	0.782	6.710E-01	6.435E-01	5.080E-01	6.569E-01	64
egfr-siteA-id89	3t49-assembly1_A	0.115	78	75	70	0.987	0.957	5.962E-01	5.370E-01	5.683E-01	1.879E+00	49
egfr-siteA-id89	8jo4-assembly1_A	0.160	75	75	350	0.973	0.203	7.448E-01	7.037E-01	1.777E-01	9.633E+00	41
egfr-siteA-id89	6w2q-assembly1_A	0.209	81	75	196	0.973	0.327	5.152E-01	4.372E-01	1.819E-01	3.177E+00	39
egfr-siteA-id89	8j9b-assembly1_H-2	0.246	69	75	348	0.893	0.181	6.218E-01	5.416E-01	1.498E-01	5.373E+00	39
egfr-siteA-id89	4cqi-assembly1_A	0.213	75	75	107	0.933	0.701	4.392E-01	4.113E-01	3.073E-01	1.772E+00	38
egfr-siteA-id89	4z7x-assembly2_B	0.120	75	75	208	0.973	0.351	5.127E-01	5.004E-01	2.361E-01	4.254E+00	38
egfr-siteA-id89	1x91-assembly1_A	0.097	92	75	149	0.933	0.617	4.894E-01	4.607E-01	2.687E-01	2.373E+00	37
egfr-siteA-id89	4z7x-assembly1_A	0.120	75	75	211	0.973	0.346	5.052E-01	4.928E-01	2.328E-01	4.781E+00	37
egfr-siteA-id89	6d32-assembly1_A	0.205	78	75	573	0.973	0.134	4.845E-01	4.715E-01	9.087E-02	2.827E+00	37
egfr-siteA-id89	2oo2-assembly1_A-2	0.166	60	75	76	0.720	0.789	5.867E-01	4.601E-01	4.557E-01	6.786E+00	36
egfr-siteA-id89	1x8z-assembly1_A-2	0.085	94	75	151	0.960	0.623	3.653E-01	3.501E-01	2.201E-01	2.373E+00	33
egfr-siteA-id89	1x8z-assembly3_A	0.085	94	75	151	0.960	0.623	3.653E-01	3.501E-01	2.201E-01	2.373E+00	33
egfr-siteA-id89	1y2m-assembly1_C	0.204	88	75	664	0.960	0.128	4.702E-01	4.545E-01	8.388E-02	4.254E+00	33
egfr-siteA-id89	7jzn-assembly1_E	0.162	74	75	64	0.947	0.969	6.092E-01	5.139E-01	5.859E-01	9.633E+00	32
egfr-siteA-id89	4h6h-assembly2_B	0.103	77	75	80	0.973	0.825	5.959E-01	5.296E-01	5.014E-01	9.633E+00	32
egfr-siteA-id89	7dgu-assembly1_A	0.162	86	75	97	0.960	0.876	4.019E-01	3.908E-01	3.390E-01	4.013E+00	32
egfr-siteA-id89	8ube-assembly1_B	0.202	94	75	122	0.973	0.770	5.687E-01	5.526E-01	3.829E-01	8.572E+00	32
egfr-siteA-id89	4ons-assembly2_C	0.212	80	75	205	0.973	0.390	4.846E-01	4.668E-01	1.818E-01	5.068E+00	32
egfr-siteA-id89	1yxr-assembly1_A	0.200	55	75	77	0.640	0.714	4.883E-01	3.201E-01	3.125E-01	6.786E+00	29
egfr-siteA-id89	7udo-assembly1_A	0.256	78	75	172	0.933	0.436	3.742E-01	3.538E-01	1.946E-01	5.068E+00	29
egfr-siteA-id89	8pwn-assembly1_A	0.172	87	75	389	0.960	0.224	4.570E-01	4.384E-01	1.170E-01	7.194E+00	29
egfr-siteA-id89	4oyd-assembly2_D	0.228	83	75	117	0.960	0.692	3.726E-01	3.567E-01	2.482E-01	4.781E+00	28
egfr-siteA-id89	6its-assembly1_A	0.229	74	75	147	0.920	0.456	4.205E-01	3.755E-01	2.061E-01	5.373E+00	28
egfr-siteA-id89	8j9b-assembly1_J-2	0.237	80	75	343	0.933	0.230	4.626E-01	4.346E-01	1.309E-01	7.627E+00	28
egfr-siteA-id89	8du3-assembly1_A	0.179	78	75	390	0.947	0.195	4.858E-01	4.663E-01	1.254E-01	9.087E+00	28
egfr-siteA-id89	5t8l-assembly1_A	0.164	73	75	125	0.973	0.552	4.694E-01	4.295E-01	2.680E-01	9.633E+00	27
egfr-siteA-id89	4ons-assembly1_A	0.225	80	75	230	0.973	0.309	4.963E-01	4.659E-01	1.637E-01	9.087E+00	27
egfr-siteA-id89	5olo-assembly1_A	0.159	94	75	385	0.960	0.239	4.115E-01	3.939E-01	1.045E-01	6.402E+00	27
egfr-siteA-id89	8uu6-assembly1_t	0.136	73	75	81	0.960	0.704	4.488E-01	3.582E-01	3.366E-01	9.633E+00	26
egfr-siteA-id89	7zcg-assembly1_A	0.166	78	75	159	0.987	0.484	4.069E-01	3.980E-01	2.078E-01	7.627E+00	26
egfr-siteA-id89	7unh-assembly1_A	0.231	69	75	246	0.880	0.268	4.209E-01	3.752E-01	1.556E-01	8.085E+00	26
egfr-siteA-id89	4v57-assembly2_CO	0.169	65	75	88	0.787	0.727	4.190E-01	3.534E-01	3.140E-01	8.572E+00	25
egfr-siteA-id89	8tf5-assembly1_A	0.170	88	75	364	0.907	0.242	4.477E-01	4.128E-01	1.168E-01	9.633E+00	25
egfr-siteA-id89	6nz1-assembly1_B	0.186	86	75	97	0.947	0.876	3.293E-01	3.105E-01	2.483E-01	7.194E+00	24
egfr-siteA-id89	6r2g-assembly1_A	0.152	72	75	150	0.960	0.480	3.498E-01	3.369E-01	2.004E-01	9.087E+00	24
egfr-siteA-id89	6tz5-assembly1_AA	0.116	77	75	175	0.987	0.417	3.797E-01	3.674E-01	1.804E-01	9.633E+00	24
egfr-siteA-id89	6dg5-assembly1_A	0.178	84	75	93	0.973	0.882	2.917E-01	2.825E-01	2.390E-01	6.039E+00	23
egfr-siteA-id89	7bqn-assembly1_A	0.134	89	75	121	0.933	0.736	3.435E-01	3.180E-01	2.116E-01	8.085E+00	23
egfr-siteA-id89	6ox7-assembly1_C	0.220	77	75	129	0.973	0.581	2.868E-01	2.758E-01	1.659E-01	7.627E+00	20
egfr-siteA-id89	1few-assembly1_A	0.157	95	75	173	0.973	0.549	3.144E-01	3.051E-01	1.564E-01	8.085E+00	20
egfr-siteA-id89	5xua-assembly2_C	0.207	77	75	138	0.920	0.486	2.490E-01	2.214E-01	1.416E-01	7.194E+00	19
egfr-bridge-id85	7obi-assembly2_B	0.550	118	145	134	0.814	0.881	9.773E-01	7.912E-01	8.551E-01	2.058E-08	431
egfr-bridge-id85	2hyz-assembly1_A-2	0.550	120	145	136	0.828	0.853	9.443E-01	7.556E-01	8.038E-01	7.585E-09	431
egfr-bridge-id85	8cp8-assembly2_B	0.550	120	145	136	0.828	0.853	9.251E-01	7.430E-01	7.896E-01	7.585E-09	419
egfr-bridge-id85	2wqh-assembly1_A-2	0.610	100	145	104	0.690	0.962	9.760E-01	6.728E-01	9.305E-01	3.068E-08	410
egfr-bridge-id85	8cqq-assembly1_A	0.445	155	145	272	0.966	0.562	8.152E-01	7.823E-01	4.237E-01	2.659E-09	408
egfr-bridge-id85	8cqp-assembly3_C	0.537	119	145	134	0.821	0.888	9.659E-01	7.900E-01	8.533E-01	5.584E-08	407
egfr-bridge-id85	1na0-assembly2_B	0.525	120	145	119	0.828	0.975	8.550E-01	6.924E-01	8.279E-01	5.088E-09	406
egfr-bridge-id85	8ch0-assembly1_A	0.550	120	145	136	0.828	0.853	9.170E-01	7.375E-01	7.834E-01	1.381E-08	405
egfr-bridge-id85	1na0-assembly1_A	0.525	120	145	119	0.828	0.975	8.446E-01	6.852E-01	8.186E-01	9.735E-09	394
egfr-bridge-id85	6v8e-assembly1_A	0.457	118	145	119	0.814	0.958	8.857E-01	7.013E-01	8.435E-01	3.225E-08	385
egfr-bridge-id85	6b85-assembly1_J	0.422	109	145	215	0.752	0.507	9.383E-01	7.095E-01	4.859E-01	1.241E-07	377
egfr-bridge-id85	6v8e-assembly2_F	0.457	118	145	119	0.814	0.958	8.611E-01	6.839E-01	8.211E-01	3.390E-08	375
egfr-bridge-id85	8ump-assembly1_A	0.442	122	145	120	0.841	0.983	8.580E-01	7.040E-01	8.383E-01	4.351E-08	373
egfr-bridge-id85	8fe7-assembly4_G	0.268	119	145	705	0.821	0.169	9.103E-01	7.510E-01	1.636E-01	2.149E-07	367
egfr-bridge-id85	6vfh-assembly1_A	0.462	119	145	119	0.821	0.966	8.364E-01	6.735E-01	8.035E-01	4.574E-08	366
egfr-bridge-id85	5a01-assembly3_C	0.267	116	145	681	0.800	0.170	9.602E-01	7.682E-01	1.683E-01	4.543E-07	366
egfr-bridge-id85	4gyw-assembly2_A	0.268	119	145	695	0.821	0.171	9.516E-01	7.802E-01	1.681E-01	4.112E-07	366
egfr-bridge-id85	3kd7-assembly1_A	0.595	99	145	102	0.683	0.971	9.436E-01	6.500E-01	9.087E-01	2.259E-07	364
egfr-bridge-id85	5hgv-assembly2_C	0.261	111	145	674	0.766	0.165	9.610E-01	7.367E-01	1.628E-01	3.911E-07	362
egfr-bridge-id85	5hgv-assembly1_A	0.268	119	145	695	0.821	0.171	9.512E-01	7.800E-01	1.681E-01	5.277E-07	362
egfr-bridge-id85	3kd7-assembly5_E	0.593	96	145	100	0.662	0.960	9.685E-01	6.428E-01	9.218E-01	3.204E-07	361
egfr-bridge-id85	3kd7-assembly2_B	0.602	98	145	100	0.676	0.980	9.746E-01	6.589E-01	9.463E-01	3.367E-07	360
egfr-bridge-id85	6vfk-assembly1_A	0.458	120	145	120	0.828	0.967	8.397E-01	6.799E-01	8.077E-01	1.181E-07	350
egfr-bridge-id85	4gyw-assembly1_C	0.261	111	145	674	0.766	0.165	9.613E-01	7.368E-01	1.628E-01	8.269E-07	349
egfr-bridge-id85	8dti-assembly1_B	0.396	116	145	629	0.800	0.184	9.264E-01	7.454E-01	1.802E-01	6.773E-07	347
egfr-bridge-id85	8cm9-assembly2_B	0.275	116	145	699	0.800	0.166	9.271E-01	7.460E-01	1.625E-01	8.269E-07	347
egfr-bridge-id85	3pe3-assembly4_D	0.266	120	145	701	0.828	0.171	9.014E-01	7.495E-01	1.650E-01	5.831E-07	347
egfr-bridge-id85	8cm9-assembly4_D	0.266	120	145	704	0.828	0.170	9.005E-01	7.490E-01	1.642E-01	6.443E-07	345
egfr-bridge-id85	6vfj-assembly1_B	0.433	120	145	119	0.828	0.975	8.696E-01	7.025E-01	8.429E-01	3.367E-07	338
egfr-bridge-id85	6e37-assembly1_A	0.275	116	145	692	0.800	0.168	9.092E-01	7.339E-01	1.632E-01	1.296E-06	337
egfr-bridge-id85	6q4m-assembly1_A	0.273	117	145	698	0.807	0.168	8.972E-01	7.314E-01	1.626E-01	1.296E-06	336
egfr-bridge-id85	5lvv-assembly1_A	0.268	119	145	720	0.821	0.165	8.609E-01	7.160E-01	1.576E-01	7.867E-07	336
egfr-bridge-id85	8dtg-assembly1_A	0.343	134	145	802	0.924	0.162	8.730E-01	7.846E-01	1.544E-01	7.484E-07	335
egfr-bridge-id85	8far-assembly1_A	0.357	109	145	136	0.752	0.801	9.378E-01	7.093E-01	7.540E-01	1.505E-06	334
egfr-bridge-id85	8fe6-assembly4_G	0.268	119	145	696	0.821	0.171	9.175E-01	7.562E-01	1.661E-01	1.838E-06	331
egfr-bridge-id85	5hrz-assembly1_A	0.441	120	145	122	0.828	0.951	8.565E-01	6.937E-01	8.109E-01	5.831E-07	330
egfr-bridge-id85	4n3c-assembly1_A	0.275	116	145	697	0.800	0.166	8.799E-01	7.129E-01	1.604E-01	1.432E-06	329
egfr-bridge-id85	4xif-assembly1_A	0.268	119	145	702	0.821	0.170	9.193E-01	7.573E-01	1.647E-01	1.838E-06	329
egfr-bridge-id85	6vl6-assembly1_A	0.453	119	145	122	0.821	0.943	8.604E-01	6.893E-01	8.086E-01	5.547E-07	326
egfr-bridge-id85	8fwd-assembly1_7	0.357	109	145	139	0.752	0.784	9.151E-01	6.958E-01	7.238E-01	1.432E-06	325
egfr-bridge-id85	6ibo-assembly1_A	0.273	117	145	695	0.807	0.168	8.875E-01	7.248E-01	1.628E-01	2.135E-06	325
egfr-bridge-id85	7y4i-assembly1_A	0.422	109	145	822	0.752	0.133	9.276E-01	7.037E-01	1.303E-01	2.031E-06	325
egfr-bridge-id85	8fwd-assembly1_C	0.357	109	145	139	0.752	0.784	9.196E-01	6.986E-01	7.269E-01	1.663E-06	323
egfr-bridge-id85	6tka-assembly1_AAA	0.266	120	145	694	0.828	0.173	8.408E-01	7.048E-01	1.630E-01	1.296E-06	322
egfr-bridge-id85	8fwd-assembly1_3	0.357	109	145	139	0.752	0.784	9.187E-01	6.980E-01	7.263E-01	2.031E-06	320
egfr-bridge-id85	5lwv-assembly1_A	0.273	117	145	711	0.807	0.165	8.735E-01	7.145E-01	1.583E-01	2.359E-06	320
egfr-bridge-id85	8dth-assembly1_A	0.422	109	145	736	0.752	0.148	9.444E-01	7.139E-01	1.459E-01	3.345E-06	320
egfr-bridge-id85	5vie-assembly1_C	0.263	114	145	667	0.786	0.171	9.087E-01	7.216E-01	1.663E-01	3.345E-06	319
egfr-bridge-id85	6vfi-assembly1_B	0.470	117	145	118	0.807	0.958	8.619E-01	6.782E-01	8.214E-01	7.484E-07	318
egfr-bridge-id85	5bnw-assembly1_A	0.275	116	145	694	0.800	0.167	8.885E-01	7.198E-01	1.617E-01	3.345E-06	316
egfr-bridge-id85	8fwd-assembly1_P	0.474	97	145	100	0.669	0.970	9.474E-01	6.391E-01	9.115E-01	3.885E-06	315
egfr-bridge-id85	3vtx-assembly2_B	0.295	142	145	183	0.979	0.754	8.212E-01	7.807E-01	6.329E-01	1.233E-06	315
egfr-bridge-id85	6eou-assembly1_A	0.331	151	145	343	0.945	0.437	7.856E-01	7.410E-01	3.259E-01	5.020E-07	315
egfr-bridge-id85	5nps-assembly1_A	0.273	117	145	693	0.807	0.169	8.840E-01	7.223E-01	1.631E-01	3.885E-06	314
egfr-bridge-id85	3vty-assembly4_D	0.282	145	145	171	0.903	0.842	7.661E-01	6.917E-01	5.923E-01	2.899E-07	313
egfr-bridge-id85	1na3-assembly1_A	0.642	84	145	86	0.579	0.977	9.549E-01	5.580E-01	9.231E-01	3.885E-06	312
egfr-bridge-id85	7y4i-assembly1_B	0.422	109	145	815	0.752	0.134	9.247E-01	7.019E-01	1.313E-01	4.986E-06	309
egfr-bridge-id85	1w3b-assembly1_B	0.340	144	145	368	0.897	0.389	7.922E-01	7.087E-01	2.897E-01	6.129E-07	307
egfr-bridge-id85	6vl6-assembly1_B	0.479	96	145	98	0.662	0.980	9.415E-01	6.300E-01	9.144E-01	6.400E-06	304
egfr-bridge-id85	8fwd-assembly1_L	0.474	97	145	100	0.669	0.970	9.429E-01	6.369E-01	9.073E-01	7.072E-06	302
egfr-bridge-id85	1na3-assembly2_B	0.642	84	145	86	0.579	0.977	9.529E-01	5.568E-01	9.212E-01	7.433E-06	301
egfr-bridge-id85	1w3b-assembly1_A	0.340	144	145	388	0.897	0.369	7.909E-01	7.086E-01	2.745E-01	1.010E-06	300
egfr-bridge-id85	8fwd-assembly1_0	0.474	97	145	100	0.669	0.970	9.468E-01	6.390E-01	9.110E-01	9.540E-06	298
egfr-bridge-id85	8umr-assembly1_A	0.442	122	145	120	0.841	0.983	8.558E-01	7.039E-01	8.365E-01	2.359E-06	298
egfr-bridge-id85	8gck-assembly1_B	0.268	119	145	128	0.814	0.930	8.605E-01	7.067E-01	7.926E-01	4.986E-06	293
egfr-bridge-id85	2vyi-assembly2_B	0.278	122	145	123	0.841	0.959	8.458E-01	6.945E-01	8.081E-01	3.345E-06	292
egfr-bridge-id85	9gaw-assembly1_P	0.255	141	145	491	0.972	0.279	8.796E-01	8.292E-01	2.622E-01	7.814E-06	292
egfr-bridge-id85	5vie-assembly1_A	0.240	125	145	666	0.862	0.182	8.734E-01	7.341E-01	1.728E-01	5.792E-06	292
egfr-bridge-id85	8fwd-assembly1_2	0.474	97	145	100	0.669	0.970	9.534E-01	6.420E-01	9.171E-01	1.572E-05	291
egfr-bridge-id85	8fuf-assembly1_A	0.266	120	145	695	0.828	0.173	8.845E-01	7.371E-01	1.654E-01	9.076E-06	291
egfr-bridge-id85	5lfm-assembly6_F	0.289	121	145	178	0.834	0.680	9.024E-01	7.582E-01	6.263E-01	1.003E-05	289
egfr-bridge-id85	3cv0-assembly1_A	0.244	139	145	300	0.959	0.463	8.909E-01	8.513E-01	4.307E-01	1.165E-05	289
egfr-bridge-id85	6nsv-assembly1_A	0.264	121	145	128	0.828	0.945	8.490E-01	7.092E-01	7.946E-01	6.088E-06	287
egfr-bridge-id85	3q4a-assembly1_B	0.266	120	145	132	0.821	0.909	8.507E-01	7.052E-01	7.684E-01	6.088E-06	287
egfr-bridge-id85	9f8w-assembly1_A	0.276	112	145	313	0.772	0.358	9.032E-01	7.061E-01	3.402E-01	1.287E-05	287
egfr-bridge-id85	8gck-assembly2_A	0.268	119	145	126	0.814	0.944	8.649E-01	7.105E-01	8.083E-01	7.814E-06	286
egfr-bridge-id85	8ehz-assembly1_A	0.264	121	145	129	0.828	0.938	8.842E-01	7.357E-01	8.204E-01	1.054E-05	286
egfr-bridge-id85	7tb1-assembly2_B	0.264	121	145	126	0.828	0.960	8.215E-01	6.884E-01	7.807E-01	4.986E-06	285
egfr-bridge-id85	7ntf-assembly1_B	0.300	143	145	822	0.897	0.174	7.864E-01	7.047E-01	1.345E-01	1.116E-06	285
egfr-bridge-id85	3cvn-assembly1_A	0.270	133	145	300	0.917	0.433	9.142E-01	8.192E-01	4.095E-01	1.572E-05	284
egfr-bridge-id85	5g05-assembly1_H	0.255	141	145	488	0.972	0.281	8.795E-01	8.291E-01	2.637E-01	1.224E-05	283
egfr-bridge-id85	6q6h-assembly1_J	0.277	119	145	496	0.821	0.240	9.360E-01	7.694E-01	2.333E-01	2.343E-05	283
egfr-bridge-id85	3asf-assembly1_A	0.258	120	145	174	0.828	0.690	8.690E-01	7.260E-01	6.140E-01	1.003E-05	282
egfr-bridge-id85	3cvl-assembly1_A	0.246	134	145	294	0.910	0.456	9.080E-01	8.264E-01	4.232E-01	2.589E-05	277
egfr-bridge-id85	8os1-assembly1_B	0.204	142	145	306	0.924	0.464	8.641E-01	7.988E-01	3.991E-01	1.287E-05	277
egfr-bridge-id85	7yea-assembly1_B	0.337	151	145	1017	0.945	0.147	7.790E-01	7.348E-01	1.143E-01	3.345E-06	277
egfr-bridge-id85	8ei0-assembly1_A	0.268	119	145	132	0.814	0.902	8.601E-01	7.069E-01	7.705E-01	1.422E-05	276
egfr-bridge-id85	2c0m-assembly4_F	0.244	143	145	302	0.924	0.474	8.261E-01	7.639E-01	3.898E-01	7.433E-06	276
egfr-bridge-id85	9f8w-assembly2_B	0.243	148	145	319	0.952	0.458	8.225E-01	7.814E-01	3.806E-01	1.108E-05	275
egfr-bridge-id85	5fzr-assembly1_B	0.343	102	145	105	0.703	0.971	8.972E-01	6.435E-01	8.661E-01	9.540E-06	274
egfr-bridge-id85	2j9q-assembly1_B	0.244	143	145	269	0.924	0.532	8.603E-01	7.953E-01	4.486E-01	1.224E-05	274
egfr-bridge-id85	4cgv-assembly4_D	0.278	122	145	123	0.841	0.959	8.650E-01	7.111E-01	8.264E-01	1.353E-05	271
egfr-bridge-id85	5fzq-assembly1_B	0.343	102	145	105	0.703	0.971	8.936E-01	6.413E-01	8.627E-01	1.108E-05	270
egfr-bridge-id85	8fyu-assembly2_A	0.268	119	145	126	0.814	0.944	8.643E-01	7.099E-01	8.077E-01	2.120E-05	270
egfr-bridge-id85	4cgv-assembly3_C	0.278	122	145	126	0.841	0.937	8.615E-01	7.078E-01	8.050E-01	1.572E-05	269
egfr-bridge-id85	5lfl-assembly6_F	0.225	151	145	178	0.952	0.848	7.791E-01	7.393E-01	6.121E-01	5.242E-06	268
egfr-bridge-id85	8ye5-assembly1_A	0.245	122	145	125	0.841	0.936	8.701E-01	7.094E-01	8.126E-01	2.860E-05	267
egfr-bridge-id85	6zbk-assembly1_A	0.275	116	145	117	0.800	0.957	8.766E-01	6.835E-01	8.348E-01	2.120E-05	265
egfr-bridge-id85	5a31-assembly1_F	0.266	135	145	498	0.924	0.261	8.997E-01	8.062E-01	2.472E-01	3.671E-05	265
egfr-bridge-id85	2j9q-assembly1_A	0.276	141	145	300	0.924	0.470	8.205E-01	7.597E-01	3.921E-01	1.003E-05	264
egfr-bridge-id85	8os1-assembly2_A	0.202	148	145	299	0.966	0.495	8.666E-01	8.340E-01	4.261E-01	3.492E-05	263
egfr-bridge-id85	9gaw-assembly1_J	0.238	155	145	499	0.966	0.307	7.931E-01	7.624E-01	2.334E-01	1.108E-05	263
egfr-bridge-id85	3sz7-assembly1_A	0.262	118	145	151	0.814	0.768	8.560E-01	6.917E-01	6.661E-01	1.825E-05	262
egfr-bridge-id85	3r9a-assembly1_D	0.268	134	145	292	0.910	0.459	8.525E-01	7.783E-01	4.088E-01	2.120E-05	262
egfr-bridge-id85	5fzr-assembly2_D	0.343	102	145	105	0.703	0.971	8.687E-01	6.276E-01	8.394E-01	1.353E-05	261
egfr-bridge-id85	4kyo-assembly1_D	0.255	137	145	285	0.924	0.481	8.564E-01	7.916E-01	4.237E-01	2.463E-05	261
egfr-bridge-id85	3cvq-assembly1_A	0.279	111	145	289	0.766	0.384	9.340E-01	7.201E-01	3.708E-01	6.357E-05	261
egfr-bridge-id85	6q6h-assembly1_P	0.255	141	145	484	0.972	0.283	8.774E-01	8.271E-01	2.654E-01	4.482E-05	261
egfr-bridge-id85	2avp-assembly1_A	0.676	65	145	68	0.448	0.956	9.978E-01	4.446E-01	9.401E-01	8.159E-05	260
egfr-bridge-id85	8ye5-assembly1_B	0.245	118	145	119	0.814	0.950	8.536E-01	6.758E-01	8.083E-01	3.322E-05	259
egfr-bridge-id85	6hpg-assembly1_A	0.279	118	145	121	0.814	0.909	9.020E-01	6.889E-01	8.176E-01	4.264E-05	259
egfr-bridge-id85	3cvp-assembly1_A	0.256	148	145	279	0.931	0.527	8.166E-01	7.578E-01	4.047E-01	2.229E-05	259
egfr-bridge-id85	6gxz-assembly1_A	0.305	95	145	149	0.655	0.638	9.464E-01	6.257E-01	6.095E-01	6.047E-05	258
egfr-bridge-id85	8a61-assembly1_F	0.295	149	145	502	0.931	0.295	7.595E-01	7.060E-01	2.201E-01	1.054E-05	257
egfr-bridge-id85	4kxk-assembly1_D	0.246	138	145	288	0.910	0.479	8.470E-01	7.722E-01	4.090E-01	2.463E-05	256
egfr-bridge-id85	5lyn-assembly1_B	0.261	126	145	133	0.869	0.932	8.334E-01	7.161E-01	7.756E-01	2.463E-05	255
egfr-bridge-id85	1fch-assembly2_B	0.289	145	145	297	0.986	0.475	8.136E-01	7.885E-01	4.126E-01	2.017E-05	255
egfr-bridge-id85	4ui9-assembly1_P	0.229	109	145	491	0.752	0.222	9.423E-01	7.125E-01	2.175E-01	9.015E-05	255
egfr-bridge-id85	7yeh-assembly1_A	0.349	143	145	1020	0.876	0.140	7.921E-01	6.953E-01	1.074E-01	1.224E-05	255
egfr-bridge-id85	1elw-assembly1_A	0.254	122	145	117	0.841	0.983	8.906E-01	7.124E-01	8.693E-01	4.264E-05	254
egfr-bridge-id85	6q3q-assembly1_B	0.284	116	145	121	0.800	0.926	8.393E-01	6.579E-01	7.762E-01	2.463E-05	254
egfr-bridge-id85	5lyp-assembly1_A	0.250	128	145	137	0.883	0.920	8.386E-01	7.310E-01	7.706E-01	3.007E-05	254
egfr-bridge-id85	4eqf-assembly1_A	0.230	117	145	281	0.807	0.402	8.920E-01	7.006E-01	3.734E-01	4.482E-05	254
egfr-bridge-id85	4ui9-assembly1_K	0.198	111	145	493	0.766	0.225	8.808E-01	6.867E-01	2.157E-01	5.473E-05	254
egfr-bridge-id85	3esk-assembly1_A	0.288	125	145	128	0.814	0.938	8.493E-01	6.962E-01	7.818E-01	4.264E-05	253
egfr-bridge-id85	8cus-assembly1_A	0.318	132	145	135	0.814	0.970	7.556E-01	6.163E-01	6.597E-01	1.003E-05	253
egfr-bridge-id85	9gaw-assembly1_K	0.207	140	145	518	0.903	0.263	8.242E-01	7.467E-01	2.276E-01	3.492E-05	253
egfr-bridge-id85	3ash-assembly2_B	0.279	111	145	172	0.766	0.645	8.301E-01	6.503E-01	5.577E-01	3.671E-05	252
egfr-bridge-id85	9gag-assembly1_A	0.256	148	145	297	0.959	0.498	8.266E-01	7.918E-01	4.102E-01	3.322E-05	252
egfr-bridge-id85	4xi0-assembly1_E	0.234	149	145	177	0.959	0.819	7.892E-01	7.543E-01	6.291E-01	1.825E-05	251
egfr-bridge-id85	7kdt-assembly1_A	0.237	135	145	467	0.910	0.281	8.546E-01	7.741E-01	2.583E-01	5.473E-05	251
egfr-bridge-id85	7ntf-assembly1_A	0.337	151	145	918	0.945	0.163	7.909E-01	7.444E-01	1.269E-01	1.825E-05	251
egfr-bridge-id85	6tlj-assembly1_P	0.192	151	145	491	0.945	0.305	7.971E-01	7.519E-01	2.358E-01	2.721E-05	250
egfr-bridge-id85	3upv-assembly1_A	0.225	120	145	125	0.814	0.960	8.699E-01	7.132E-01	8.184E-01	5.473E-05	249
egfr-bridge-id85	3as4-assembly1_A	0.279	111	145	170	0.766	0.653	8.491E-01	6.625E-01	5.730E-01	5.206E-05	249
egfr-bridge-id85	3r9a-assembly1_B	0.258	139	145	289	0.910	0.481	8.483E-01	7.734E-01	4.088E-01	4.482E-05	249
egfr-bridge-id85	2c0l-assembly1_A	0.242	140	145	292	0.890	0.473	8.525E-01	7.595E-01	3.935E-01	5.753E-05	245
egfr-bridge-id85	5jjt-assembly1_A	0.268	119	145	471	0.821	0.238	9.224E-01	7.171E-01	2.300E-01	9.961E-05	245
egfr-bridge-id85	6fd7-assembly1_A	0.282	124	145	127	0.855	0.945	8.521E-01	7.135E-01	8.034E-01	6.047E-05	242
egfr-bridge-id85	4rg9-assembly1_A	0.284	116	145	471	0.800	0.246	8.770E-01	7.101E-01	2.338E-01	1.216E-04	242
egfr-bridge-id85	3as5-assembly1_A	0.275	120	145	183	0.828	0.645	8.189E-01	6.766E-01	5.481E-01	5.753E-05	241
egfr-bridge-id85	4rg6-assembly1_A	0.327	113	145	474	0.772	0.238	8.809E-01	6.889E-01	2.241E-01	9.477E-05	241
egfr-bridge-id85	4cgw-assembly2_B	0.303	102	145	108	0.697	0.944	8.976E-01	6.322E-01	8.361E-01	1.101E-04	240
egfr-bridge-id85	6q6g-assembly1_K	0.201	144	145	518	0.931	0.270	8.199E-01	7.639E-01	2.343E-01	7.761E-05	240
egfr-bridge-id85	6gxz-assembly2_C	0.269	115	145	156	0.793	0.712	8.444E-01	6.557E-01	6.129E-01	6.047E-05	239
egfr-bridge-id85	1a17-assembly1_A	0.262	118	145	159	0.814	0.717	8.889E-01	7.070E-01	6.490E-01	1.279E-04	237
egfr-bridge-id85	1wm5-assembly1_A	0.274	102	145	205	0.703	0.483	9.604E-01	6.573E-01	4.687E-01	2.214E-04	237
egfr-bridge-id85	8pkp-assembly1_J	0.327	113	145	476	0.772	0.237	8.986E-01	7.007E-01	2.249E-01	1.641E-04	237
egfr-bridge-id85	5jjt-assembly2_B	0.277	119	145	479	0.821	0.240	9.131E-01	7.294E-01	2.315E-01	1.813E-04	237
egfr-bridge-id85	3fp4-assembly1_A	0.296	118	145	483	0.814	0.236	8.187E-01	6.426E-01	1.965E-01	4.953E-05	237
egfr-bridge-id85	5g04-assembly1_F	0.238	155	145	498	0.966	0.307	7.862E-01	7.565E-01	2.333E-01	4.953E-05	237
egfr-bridge-id85	7dhg-assembly1_C	0.244	139	145	470	0.924	0.283	8.319E-01	7.640E-01	2.543E-01	8.576E-05	236
egfr-bridge-id85	4rg9-assembly1_B	0.275	120	145	472	0.828	0.254	8.578E-01	7.166E-01	2.378E-01	1.641E-04	236
egfr-bridge-id85	3fp3-assembly1_A	0.219	114	145	498	0.786	0.229	8.216E-01	6.613E-01	2.128E-01	9.477E-05	236
egfr-bridge-id85	1elw-assembly2_B	0.256	113	145	115	0.779	0.948	8.849E-01	6.736E-01	8.352E-01	1.157E-04	234
egfr-bridge-id85	3asd-assembly1_A	0.279	111	145	137	0.766	0.810	8.285E-01	6.420E-01	6.768E-01	8.576E-05	234
egfr-bridge-id85	2c2l-assembly3_C	0.273	117	145	281	0.800	0.416	8.408E-01	6.821E-01	3.700E-01	1.216E-04	234
egfr-bridge-id85	5djs-assembly1_A	0.245	114	145	520	0.745	0.212	9.095E-01	6.799E-01	1.957E-01	1.906E-04	234
egfr-bridge-id85	2nc9-assembly1_A	0.296	125	145	131	0.814	0.916	8.217E-01	6.742E-01	7.404E-01	4.953E-05	233
egfr-bridge-id85	4kyo-assembly1_B	0.246	138	145	286	0.924	0.483	8.483E-01	7.843E-01	4.187E-01	1.216E-04	233
egfr-bridge-id85	8gi0-assembly1_E	0.206	145	145	303	0.910	0.462	8.139E-01	7.415E-01	3.719E-01	5.473E-05	232
egfr-bridge-id85	3asg-assembly1_A	0.268	119	145	182	0.821	0.643	8.109E-01	6.658E-01	5.431E-01	9.477E-05	231
egfr-bridge-id85	2c2l-assembly4_D	0.264	121	145	281	0.828	0.431	8.436E-01	7.064E-01	3.839E-01	1.413E-04	231
egfr-bridge-id85	2xpi-assembly1_D	0.235	119	145	518	0.821	0.226	8.972E-01	7.303E-01	2.168E-01	3.140E-04	231
egfr-bridge-id85	1e96-assembly1_B	0.280	100	145	185	0.690	0.524	9.580E-01	6.440E-01	5.081E-01	3.469E-04	230
egfr-bridge-id85	3fwv-assembly2_B	0.296	125	145	128	0.814	0.938	7.795E-01	6.444E-01	7.200E-01	5.206E-05	229
egfr-bridge-id85	5g05-assembly1_K	0.225	142	145	493	0.917	0.280	7.938E-01	7.298E-01	2.371E-01	7.384E-05	229
egfr-bridge-id85	8tau-assembly1_P	0.327	113	145	496	0.772	0.228	8.776E-01	6.864E-01	2.138E-01	1.725E-04	229
egfr-bridge-id85	6i57-assembly1_A	0.188	122	145	125	0.841	0.944	8.502E-01	7.001E-01	8.010E-01	1.485E-04	228
egfr-bridge-id85	8tau-assembly1_V	0.200	125	145	534	0.855	0.234	8.784E-01	7.554E-01	2.199E-01	2.003E-04	228
egfr-bridge-id85	2vgx-assembly1_A	0.203	118	145	134	0.814	0.851	8.740E-01	6.917E-01	7.451E-01	1.813E-04	227
egfr-bridge-id85	4j8e-assembly1_A	0.275	98	145	119	0.676	0.824	9.303E-01	6.363E-01	7.676E-01	3.833E-04	226
egfr-bridge-id85	4j8d-assembly2_B	0.237	118	145	159	0.814	0.711	8.406E-01	6.625E-01	6.088E-01	1.485E-04	226
egfr-bridge-id85	5o01-assembly2_B	0.248	145	145	254	0.834	0.563	8.266E-01	6.962E-01	4.148E-01	9.015E-05	226
egfr-bridge-id85	1fch-assembly1_A	0.266	135	145	302	0.910	0.447	8.428E-01	7.694E-01	3.923E-01	1.813E-04	226
egfr-bridge-id85	7qdy-assembly1_B	0.272	125	145	1212	0.779	0.103	8.583E-01	6.757E-01	8.873E-02	1.725E-04	226
egfr-bridge-id85	4gcn-assembly2_B	0.254	122	145	127	0.793	0.929	8.536E-01	6.832E-01	7.723E-01	2.214E-04	225
egfr-bridge-id85	2vgx-assembly1_B	0.210	128	145	145	0.834	0.855	8.389E-01	7.049E-01	7.049E-01	1.561E-04	224
egfr-bridge-id85	8qca-assembly1_B	0.184	141	145	756	0.959	0.181	7.562E-01	7.148E-01	1.609E-01	7.024E-05	224
egfr-bridge-id85	2q7f-assembly2_B	0.272	165	145	194	0.979	0.851	6.613E-01	6.469E-01	5.038E-01	1.919E-05	223
egfr-bridge-id85	8gft-assembly1_E	0.271	118	145	459	0.814	0.248	8.294E-01	6.624E-01	2.276E-01	1.485E-04	223
egfr-bridge-id85	4am9-assembly1_A	0.200	125	145	131	0.821	0.931	8.349E-01	6.882E-01	7.572E-01	1.561E-04	222
egfr-bridge-id85	4nrh-assembly2_B	0.168	119	145	170	0.821	0.676	8.742E-01	7.002E-01	6.038E-01	2.571E-04	222
egfr-bridge-id85	1hh8-assembly1_A	0.255	98	145	192	0.676	0.495	9.501E-01	6.265E-01	4.770E-01	4.236E-04	222
egfr-bridge-id85	6xt9-assembly1_H	0.221	122	145	398	0.841	0.296	8.163E-01	6.761E-01	2.686E-01	1.101E-04	222
egfr-bridge-id85	8pkp-assembly1_V	0.189	153	145	534	0.959	0.285	8.053E-01	7.680E-01	2.200E-01	1.906E-04	222
egfr-bridge-id85	7aie-assembly1_A	0.225	155	145	207	0.924	0.749	8.157E-01	7.555E-01	5.489E-01	1.561E-04	221
egfr-bridge-id85	5o09-assembly1_1C	0.256	148	145	238	0.862	0.622	8.236E-01	7.164E-01	4.543E-01	1.413E-04	221
egfr-bridge-id85	3edt-assembly3_H	0.221	158	145	254	0.945	0.622	7.856E-01	7.434E-01	4.537E-01	1.216E-04	221
egfr-bridge-id85	5g04-assembly1_J	0.221	140	145	504	0.903	0.270	8.058E-01	7.297E-01	2.304E-01	1.725E-04	220
egfr-bridge-id85	4rg7-assembly1_B	0.246	142	145	467	0.972	0.293	7.707E-01	7.283E-01	2.464E-01	1.413E-04	219
egfr-bridge-id85	8a61-assembly1_H	0.285	154	145	505	0.966	0.303	7.361E-01	7.082E-01	2.214E-01	7.761E-05	219
egfr-bridge-id85	6fdt-assembly1_A	0.274	113	145	120	0.779	0.908	8.359E-01	6.414E-01	7.602E-01	1.485E-04	218
egfr-bridge-id85	3edt-assembly2_D	0.221	158	145	255	0.945	0.620	7.868E-01	7.446E-01	4.527E-01	1.485E-04	218
egfr-bridge-id85	7kw7-assembly1_E	0.227	136	145	327	0.931	0.404	7.866E-01	7.174E-01	3.338E-01	1.344E-04	218
egfr-bridge-id85	6vbv-assembly1_4	0.224	129	145	391	0.890	0.320	8.254E-01	7.165E-01	2.870E-01	2.106E-04	218
egfr-bridge-id85	5a31-assembly1_J	0.223	143	145	504	0.924	0.270	8.038E-01	7.430E-01	2.328E-01	2.106E-04	218
egfr-bridge-id85	9g8o-assembly1_B	0.254	118	145	934	0.800	0.125	8.862E-01	7.164E-01	1.198E-01	3.469E-04	218
egfr-bridge-id85	7aie-assembly4_D	0.224	156	145	205	0.931	0.761	8.121E-01	7.581E-01	5.564E-01	1.813E-04	217
egfr-bridge-id85	2vgy-assembly1_A-2	0.208	125	145	132	0.828	0.932	8.696E-01	7.227E-01	7.892E-01	3.469E-04	216
egfr-bridge-id85	2xcc-assembly1_B	0.218	119	145	132	0.821	0.871	8.556E-01	6.865E-01	7.485E-01	2.327E-04	216
egfr-bridge-id85	4ui9-assembly1_J	0.221	140	145	504	0.903	0.270	8.065E-01	7.304E-01	2.306E-01	2.106E-04	216
egfr-bridge-id85	8a61-assembly1_D	0.178	157	145	560	0.972	0.273	7.549E-01	7.306E-01	2.054E-01	6.357E-05	216
egfr-bridge-id85	6voa-assembly1_F	0.220	118	145	475	0.814	0.240	8.321E-01	6.680E-01	2.225E-01	2.987E-04	215
egfr-bridge-id85	7qdz-assembly1_B	0.254	118	145	1145	0.800	0.102	8.931E-01	7.212E-01	9.820E-02	4.920E-04	215
egfr-bridge-id85	5l9t-assembly1_C	0.189	153	145	475	0.959	0.320	7.794E-01	7.442E-01	2.438E-01	1.906E-04	214
egfr-bridge-id85	4gco-assembly1_A	0.224	116	145	120	0.800	0.933	8.563E-01	6.730E-01	7.989E-01	3.647E-04	213
egfr-bridge-id85	2xcb-assembly1_A	0.222	117	145	133	0.807	0.850	8.721E-01	6.867E-01	7.441E-01	4.236E-04	213
egfr-bridge-id85	8gh3-assembly1_F	0.205	146	145	254	0.952	0.575	8.533E-01	8.109E-01	4.854E-01	4.029E-04	213
egfr-bridge-id85	2gw1-assembly1_B	0.303	122	145	487	0.834	0.240	8.236E-01	6.743E-01	2.200E-01	2.841E-04	213
egfr-bridge-id85	5g05-assembly1_C	0.231	138	145	524	0.897	0.260	7.966E-01	7.144E-01	2.082E-01	1.813E-04	213
egfr-bridge-id85	2e2e-assembly1_B	0.218	137	145	171	0.903	0.778	7.879E-01	7.168E-01	6.203E-01	1.813E-04	212
egfr-bridge-id85	3edt-assembly1_B	0.227	158	145	258	0.945	0.612	7.830E-01	7.408E-01	4.453E-01	2.106E-04	212
egfr-bridge-id85	6y4l-assembly1_A	0.212	141	145	271	0.952	0.506	7.396E-01	7.015E-01	4.100E-01	1.485E-04	212
egfr-bridge-id85	8gh2-assembly1_F	0.239	121	145	296	0.834	0.409	8.619E-01	7.255E-01	3.714E-01	2.446E-04	212
egfr-bridge-id85	6af0-assembly1_A	0.250	168	145	905	0.959	0.185	7.157E-01	6.867E-01	1.363E-01	7.761E-05	212
egfr-bridge-id85	6fdp-assembly1_A	0.275	116	145	120	0.800	0.933	8.439E-01	6.634E-01	7.871E-01	3.140E-04	211
egfr-bridge-id85	3as5-assembly2_B	0.222	153	145	169	0.959	0.899	7.199E-01	6.886E-01	6.001E-01	7.024E-05	211
egfr-bridge-id85	6q6h-assembly1_U	0.195	143	145	515	0.890	0.276	7.884E-01	7.003E-01	2.093E-01	2.703E-04	211
egfr-bridge-id85	4jl0-assembly2_B	0.218	119	145	124	0.821	0.927	8.695E-01	6.960E-01	8.047E-01	4.236E-04	210
egfr-bridge-id85	7bev-assembly1_A	0.262	118	145	126	0.814	0.897	8.186E-01	6.494E-01	7.374E-01	2.214E-04	210
egfr-bridge-id85	3wxx-assembly2_C	0.205	117	145	150	0.807	0.753	8.713E-01	6.864E-01	6.651E-01	4.920E-04	210
egfr-bridge-id85	2pl2-assembly1_B	0.231	147	145	194	0.938	0.716	7.753E-01	7.295E-01	5.620E-01	2.003E-04	210
egfr-bridge-id85	5khu-assembly1_F	0.253	134	145	473	0.924	0.275	8.754E-01	7.866E-01	2.587E-01	5.436E-04	210
egfr-bridge-id85	8tau-assembly1_S	0.226	141	145	506	0.903	0.269	7.946E-01	7.198E-01	2.266E-01	2.214E-04	210
egfr-bridge-id85	6hc2-assembly4_S	0.259	158	145	362	0.993	0.434	8.307E-01	8.200E-01	3.544E-01	5.172E-04	209
egfr-bridge-id85	8a61-assembly1_P	0.226	119	145	556	0.821	0.214	8.888E-01	7.351E-01	2.047E-01	6.977E-04	209
egfr-bridge-id85	3uq3-assembly1_A	0.244	135	145	258	0.897	0.523	8.089E-01	7.272E-01	4.235E-01	2.841E-04	208
egfr-bridge-id85	5g05-assembly1_F	0.292	113	145	460	0.779	0.246	8.901E-01	7.018E-01	2.343E-01	8.955E-04	208
egfr-bridge-id85	8tar-assembly1_U	0.189	153	145	540	0.959	0.281	7.675E-01	7.329E-01	2.126E-01	3.140E-04	208
egfr-bridge-id85	2dba-assembly1_A	0.233	120	145	148	0.807	0.784	8.161E-01	6.632E-01	6.510E-01	2.703E-04	207
egfr-bridge-id85	3ceq-assembly1_A	0.241	141	145	250	0.834	0.564	7.653E-01	6.525E-01	4.042E-01	1.561E-04	207
egfr-bridge-id85	8xup-assembly1_B	0.243	156	145	260	0.952	0.581	7.346E-01	6.970E-01	4.067E-01	1.561E-04	206
egfr-bridge-id85	3ieg-assembly2_B	0.270	122	145	359	0.821	0.329	8.191E-01	6.734E-01	2.908E-01	4.452E-04	206
egfr-bridge-id85	5khr-assembly1_C	0.192	151	145	468	0.945	0.321	7.685E-01	7.247E-01	2.429E-01	2.841E-04	206
egfr-bridge-id85	8q9t-assembly1_E	0.177	141	145	1060	0.959	0.129	7.743E-01	7.315E-01	1.178E-01	2.987E-04	206
egfr-bridge-id85	2vq2-assembly1_A-2	0.248	137	145	220	0.883	0.595	7.697E-01	6.861E-01	4.738E-01	1.725E-04	205
egfr-bridge-id85	7ai4-assembly1_A	0.234	145	145	243	0.862	0.597	8.112E-01	7.075E-01	4.459E-01	3.469E-04	205
egfr-bridge-id85	6hc2-assembly1_C	0.259	158	145	367	0.993	0.428	8.241E-01	8.141E-01	3.481E-01	6.637E-04	204
egfr-bridge-id85	8ffw-assembly1_D	0.250	136	145	409	0.814	0.315	8.062E-01	6.609E-01	2.495E-01	3.300E-04	204
egfr-bridge-id85	5l9u-assembly1_P	0.200	150	145	425	0.938	0.351	6.935E-01	6.492E-01	2.444E-01	1.413E-04	204
egfr-bridge-id85	2bug-assembly1_A	0.262	118	145	131	0.814	0.870	8.422E-01	6.728E-01	7.376E-01	5.714E-04	203
egfr-bridge-id85	3sf4-assembly3_C	0.260	161	145	346	0.993	0.454	7.949E-01	7.851E-01	3.570E-01	4.236E-04	203
egfr-bridge-id85	5a6c-assembly2_A	0.215	139	145	363	0.862	0.383	8.777E-01	7.612E-01	3.219E-01	1.149E-03	203
egfr-bridge-id85	4ja7-assembly1_A	0.271	118	145	466	0.814	0.245	8.697E-01	6.929E-01	2.308E-01	8.955E-04	203
egfr-bridge-id85	9gaw-assembly1_U	0.194	154	145	488	0.966	0.314	6.840E-01	6.578E-01	2.182E-01	1.813E-04	202
egfr-bridge-id85	5a31-assembly1_C	0.195	143	145	524	0.890	0.271	7.741E-01	6.890E-01	2.047E-01	3.300E-04	202
egfr-bridge-id85	8tau-assembly1_K	0.207	140	145	531	0.903	0.256	8.163E-01	7.401E-01	2.214E-01	5.714E-04	202
egfr-bridge-id85	4j8f-assembly1_A	0.241	116	145	551	0.800	0.201	8.429E-01	6.534E-01	1.863E-01	6.977E-04	202
egfr-bridge-id85	7qds-assembly1_B	0.281	110	145	1006	0.690	0.109	8.360E-01	5.914E-01	9.342E-02	3.469E-04	202
egfr-bridge-id85	2ho1-assembly1_A	0.195	143	145	222	0.876	0.622	7.164E-01	6.301E-01	4.247E-01	1.344E-04	201
egfr-bridge-id85	3zfw-assembly2_B	0.242	136	145	225	0.800	0.604	8.211E-01	6.666E-01	4.474E-01	5.172E-04	200
egfr-bridge-id85	3zfw-assembly1_A	0.242	136	145	226	0.800	0.602	8.223E-01	6.670E-01	4.463E-01	5.172E-04	200
egfr-bridge-id85	6f9i-assembly1_B	0.236	148	145	264	0.876	0.561	7.796E-01	6.901E-01	4.047E-01	3.140E-04	200
egfr-bridge-id85	3hym-assembly10_H	0.221	140	145	302	0.903	0.450	7.869E-01	7.118E-01	3.617E-01	3.833E-04	200
egfr-bridge-id85	8pkp-assembly1_U	0.198	151	145	503	0.945	0.298	6.892E-01	6.509E-01	2.088E-01	2.003E-04	200
egfr-bridge-id85	6yj6-assembly1_A	0.147	129	145	819	0.890	0.153	6.240E-01	5.529E-01	1.269E-01	7.761E-05	200
egfr-bridge-id85	4cgw-assembly1_A	0.267	112	145	115	0.772	0.930	8.348E-01	6.204E-01	7.732E-01	6.977E-04	199
egfr-bridge-id85	4r7s-assembly1_A	0.234	158	145	256	0.986	0.602	7.435E-01	7.299E-01	4.387E-01	2.703E-04	199
egfr-bridge-id85	3hym-assembly10_L	0.231	138	145	299	0.903	0.448	7.950E-01	7.199E-01	3.696E-01	4.236E-04	198
egfr-bridge-id85	8re8-assembly1_A	0.243	123	145	429	0.828	0.284	7.970E-01	6.716E-01	2.500E-01	6.007E-04	198
egfr-bridge-id85	6f9i-assembly1_A	0.220	150	145	261	0.883	0.575	7.712E-01	6.855E-01	4.059E-01	2.841E-04	197
egfr-bridge-id85	3sf4-assembly1_A	0.264	159	145	355	0.979	0.437	7.952E-01	7.758E-01	3.437E-01	5.714E-04	197
egfr-bridge-id85	5dse-assembly1_A	0.197	152	145	537	0.897	0.281	7.387E-01	6.630E-01	1.924E-01	3.300E-04	197
egfr-bridge-id85	4ga1-assembly1_A	0.191	136	145	143	0.897	0.930	6.966E-01	6.290E-01	6.367E-01	1.906E-04	196
egfr-bridge-id85	8wej-assembly1_D	0.274	102	145	219	0.703	0.452	9.534E-01	6.541E-01	4.379E-01	2.092E-03	196
egfr-bridge-id85	8a61-assembly1_J	0.235	119	145	509	0.821	0.234	8.941E-01	7.402E-01	2.240E-01	1.551E-03	196
egfr-bridge-id85	4buj-assembly2_F	0.172	151	145	1351	0.966	0.112	7.276E-01	7.025E-01	9.603E-02	2.571E-04	196
egfr-bridge-id85	9fef-assembly1_E	0.225	133	145	247	0.917	0.530	8.261E-01	7.488E-01	4.608E-01	6.977E-04	195
egfr-bridge-id85	5l0y-assembly5_H	0.175	131	145	133	0.834	0.940	8.287E-01	6.969E-01	7.544E-01	9.413E-04	194
egfr-bridge-id85	1ihg-assembly1_A	0.234	145	145	364	0.890	0.376	7.583E-01	6.773E-01	2.894E-01	3.833E-04	194
egfr-bridge-id85	1wao-assembly4_4	0.271	118	145	466	0.814	0.245	8.789E-01	6.999E-01	2.322E-01	1.551E-03	194
egfr-bridge-id85	8a5y-assembly1_K	0.194	139	145	505	0.910	0.267	8.129E-01	7.416E-01	2.332E-01	9.413E-04	194
egfr-bridge-id85	2xpi-assembly1_A	0.200	160	145	520	0.959	0.298	7.294E-01	6.963E-01	2.096E-01	4.029E-04	194
egfr-bridge-id85	4wng-assembly1_A	0.222	175	145	330	0.993	0.524	7.865E-01	7.771E-01	3.726E-01	6.007E-04	193
egfr-bridge-id85	1kt1-assembly1_A	0.270	133	145	374	0.814	0.345	7.876E-01	6.471E-01	2.677E-01	5.172E-04	193
egfr-bridge-id85	5khu-assembly1_K	0.229	135	145	493	0.869	0.266	8.011E-01	7.004E-01	2.255E-01	4.920E-04	193
egfr-bridge-id85	6c9m-assembly2_C	0.201	114	145	773	0.786	0.147	7.866E-01	6.371E-01	1.377E-01	6.977E-04	193
egfr-bridge-id85	5mc6-assembly1_i	0.257	105	145	1365	0.724	0.077	8.729E-01	6.439E-01	7.463E-02	8.104E-04	193
egfr-bridge-id85	3u4t-assembly2_B	0.181	160	145	258	0.979	0.616	7.226E-01	7.048E-01	4.149E-01	3.140E-04	192
egfr-bridge-id85	6swu-assembly3_E	0.218	151	145	281	0.897	0.537	8.010E-01	7.235E-01	4.016E-01	6.637E-04	192
egfr-bridge-id85	5khu-assembly1_P	0.231	121	145	442	0.786	0.274	8.958E-01	7.068E-01	2.407E-01	1.713E-03	192
egfr-bridge-id85	7rqf-assembly1_A	0.217	147	145	523	0.959	0.272	7.498E-01	7.176E-01	2.250E-01	4.029E-04	192
egfr-bridge-id85	5nnp-assembly1_A	0.175	148	145	665	0.986	0.217	6.970E-01	6.851E-01	1.801E-01	4.236E-04	192
egfr-bridge-id85	5dse-assembly2_C	0.200	135	145	712	0.834	0.188	6.944E-01	5.868E-01	1.356E-01	2.446E-04	192
egfr-bridge-id85	6swu-assembly3_F	0.191	162	145	281	0.952	0.577	7.825E-01	7.457E-01	4.175E-01	6.314E-04	190
egfr-bridge-id85	7v1m-assembly1_H	0.215	200	145	200	1.000	1.000	7.834E-01	7.785E-01	5.792E-01	9.413E-04	189
egfr-bridge-id85	3ceq-assembly1_B	0.236	152	145	269	0.897	0.565	7.217E-01	6.545E-01	3.798E-01	2.841E-04	189
egfr-bridge-id85	5jhe-assembly1_A-2	0.242	140	145	388	0.814	0.351	8.028E-01	6.603E-01	2.645E-01	8.519E-04	189
egfr-bridge-id85	6bq1-assembly1_B	0.200	135	145	728	0.834	0.184	7.195E-01	6.071E-01	1.343E-01	3.469E-04	189
egfr-bridge-id85	3rkv-assembly1_A	0.251	139	145	147	0.834	0.925	7.703E-01	6.523E-01	6.444E-01	7.709E-04	188
egfr-bridge-id85	6ejn-assembly1_B	0.203	162	145	267	0.952	0.607	7.568E-01	7.218E-01	4.246E-01	6.977E-04	188
egfr-bridge-id85	6swu-assembly1_B	0.221	140	145	288	0.828	0.486	7.994E-01	6.703E-01	3.618E-01	7.334E-04	188
egfr-bridge-id85	3sf4-assembly2_B	0.205	175	145	350	0.986	0.494	8.363E-01	8.207E-01	3.652E-01	1.893E-03	188
egfr-bridge-id85	5khu-assembly1_H	0.327	113	145	479	0.772	0.236	8.667E-01	6.806E-01	2.210E-01	1.335E-03	188
egfr-bridge-id85	5khu-assembly1_J	0.224	138	145	504	0.890	0.266	7.959E-01	7.113E-01	2.257E-01	7.709E-04	188
egfr-bridge-id85	5l0y-assembly7_G	0.170	135	145	144	0.834	0.882	8.289E-01	6.958E-01	7.003E-01	1.551E-03	187
egfr-bridge-id85	6qdl-assembly1_A	0.231	121	145	885	0.828	0.132	7.957E-01	6.555E-01	1.225E-01	1.149E-03	187
egfr-bridge-id85	9cpc-assembly1_1D	0.146	116	145	211	0.800	0.526	8.716E-01	6.760E-01	4.762E-01	2.311E-03	186
egfr-bridge-id85	5aio-assembly1_A	0.160	143	145	415	0.890	0.333	5.732E-01	5.191E-01	2.138E-01	7.761E-05	186
egfr-bridge-id85	7ai4-assembly2_B	0.208	173	145	235	0.979	0.732	6.751E-01	6.598E-01	4.305E-01	2.703E-04	185
egfr-bridge-id85	6swu-assembly1_A	0.220	145	145	294	0.855	0.490	8.040E-01	6.944E-01	3.666E-01	1.040E-03	185
egfr-bridge-id85	5l0y-assembly6_F	0.177	135	145	140	0.834	0.929	8.293E-01	6.976E-01	7.205E-01	1.801E-03	184
egfr-bridge-id85	6ejn-assembly1_A	0.239	138	145	271	0.814	0.509	7.706E-01	6.425E-01	3.697E-01	8.104E-04	184
egfr-bridge-id85	8hmd-assembly1_C	0.178	168	145	1334	0.890	0.125	7.513E-01	6.711E-01	8.360E-02	8.955E-04	184
egfr-bridge-id85	5l0w-assembly1_B	0.166	132	145	209	0.814	0.612	8.419E-01	6.907E-01	4.919E-01	2.092E-03	183
egfr-bridge-id85	4wnf-assembly1_A	0.206	174	145	255	0.959	0.682	7.916E-01	7.583E-01	4.599E-01	1.403E-03	183
egfr-bridge-id85	3nf1-assembly1_A	0.229	148	145	283	0.876	0.523	8.090E-01	7.156E-01	3.902E-01	1.335E-03	183
egfr-bridge-id85	6q6h-assembly1_V	0.192	151	145	530	0.945	0.270	6.816E-01	6.434E-01	1.979E-01	3.469E-04	183
egfr-bridge-id85	2lni-assembly1_A	0.206	126	145	133	0.869	0.917	7.621E-01	6.542E-01	7.040E-01	8.519E-04	182
egfr-bridge-id85	2fbn-assembly1_B	0.231	134	145	151	0.814	0.861	7.668E-01	6.359E-01	6.144E-01	1.270E-03	182
egfr-bridge-id85	4wne-assembly1_A	0.226	172	145	326	0.993	0.521	7.879E-01	7.785E-01	3.775E-01	1.270E-03	182
egfr-bridge-id85	5a7d-assembly4_D	0.217	152	145	345	0.938	0.432	8.179E-01	7.674E-01	3.471E-01	1.990E-03	182
egfr-bridge-id85	7dkh-assembly2_E	0.167	137	145	913	0.841	0.150	8.035E-01	6.822E-01	1.232E-01	9.895E-04	182
egfr-bridge-id85	7o6s-assembly1_A	0.172	133	145	137	0.917	0.912	7.933E-01	6.892E-01	7.259E-01	1.149E-03	181
egfr-bridge-id85	4wnd-assembly1_A	0.206	155	145	329	0.972	0.456	8.121E-01	7.872E-01	3.727E-01	2.430E-03	181
egfr-bridge-id85	4a1s-assembly1_B	0.192	151	145	342	0.945	0.427	7.940E-01	7.506E-01	3.437E-01	1.893E-03	181
egfr-bridge-id85	6c95-assembly1_A	0.201	114	145	773	0.786	0.147	8.266E-01	6.652E-01	1.397E-01	1.893E-03	181
egfr-bridge-id85	4g2v-assembly1_A	0.222	162	145	321	0.959	0.489	7.986E-01	7.639E-01	3.695E-01	1.801E-03	180
egfr-bridge-id85	3zgq-assembly1_A	0.217	129	145	475	0.745	0.272	9.091E-01	6.847E-01	2.188E-01	4.649E-03	180
egfr-bridge-id85	6tm5-assembly1_P	0.194	149	145	492	0.931	0.301	6.774E-01	6.307E-01	2.054E-01	5.172E-04	180
egfr-bridge-id85	8j07-assembly1_u9	0.135	118	145	204	0.814	0.554	8.591E-01	6.794E-01	4.958E-01	3.278E-03	179
egfr-bridge-id85	8ggd-assembly1_E	0.198	156	145	275	0.986	0.549	7.776E-01	7.633E-01	4.272E-01	9.413E-04	179
egfr-bridge-id85	3ro2-assembly1_A	0.204	161	145	328	0.986	0.485	8.218E-01	8.066E-01	3.834E-01	2.967E-03	179
egfr-bridge-id85	5l9t-assembly1_Y	0.174	155	145	416	0.966	0.370	7.065E-01	6.803E-01	2.602E-01	8.955E-04	179
egfr-bridge-id85	5jqy-assembly1_A	0.193	98	145	429	0.676	0.228	8.724E-01	6.065E-01	2.173E-01	2.311E-03	179
egfr-bridge-id85	8f5o-assembly1_D	0.281	103	145	1180	0.710	0.086	7.697E-01	5.698E-01	8.223E-02	9.895E-04	178
egfr-bridge-id85	7b1u-assembly1_A	0.170	129	145	128	0.890	0.945	8.072E-01	6.793E-01	7.616E-01	1.551E-03	177
egfr-bridge-id85	1kt0-assembly1_A	0.274	142	145	357	0.800	0.389	7.347E-01	5.893E-01	2.462E-01	5.436E-04	177
egfr-bridge-id85	6c9m-assembly1_A	0.183	136	145	771	0.917	0.174	7.060E-01	6.557E-01	1.522E-01	1.093E-03	177
egfr-bridge-id85	6swu-assembly2_D	0.208	144	145	287	0.855	0.502	8.014E-01	6.928E-01	3.742E-01	1.713E-03	176
egfr-bridge-id85	4g1t-assembly1_A	0.218	142	145	426	0.890	0.329	6.865E-01	6.181E-01	2.459E-01	5.436E-04	176
egfr-bridge-id85	7e6j-assembly1_A	0.161	136	145	429	0.821	0.312	7.393E-01	6.149E-01	2.238E-01	7.334E-04	176
egfr-bridge-id85	5nnp-assembly2_E	0.176	147	145	658	0.917	0.211	6.590E-01	6.071E-01	1.543E-01	4.452E-04	176
egfr-bridge-id85	4ga0-assembly1_A	0.191	136	145	143	0.897	0.930	6.919E-01	6.249E-01	6.325E-01	7.334E-04	175
egfr-bridge-id85	5l0y-assembly3_C	0.177	135	145	150	0.834	0.873	8.185E-01	6.900E-01	6.701E-01	2.685E-03	175
egfr-bridge-id85	7zr6-assembly1_P	0.271	118	145	441	0.814	0.259	8.076E-01	6.465E-01	2.334E-01	1.551E-03	175
egfr-bridge-id85	8j8p-assembly1_C	0.130	138	145	906	0.828	0.152	8.081E-01	6.773E-01	1.235E-01	1.801E-03	175
egfr-bridge-id85	7azv-assembly1_B	0.168	119	145	133	0.821	0.835	8.543E-01	6.658E-01	7.202E-01	2.967E-03	174
egfr-bridge-id85	7axy-assembly1_B	0.168	119	145	136	0.821	0.816	8.534E-01	6.657E-01	7.059E-01	2.967E-03	174
egfr-bridge-id85	4ga2-assembly1_A	0.192	135	145	144	0.890	0.917	6.841E-01	6.147E-01	6.184E-01	7.334E-04	174
egfr-bridge-id85	4i1a-assembly3_A	0.204	147	145	274	0.890	0.533	7.915E-01	7.084E-01	3.986E-01	1.713E-03	174
egfr-bridge-id85	8re6-assembly1_A	0.167	131	145	428	0.779	0.306	7.671E-01	6.085E-01	2.226E-01	1.093E-03	174
egfr-bridge-id85	8sxg-assembly1_C	0.212	141	145	532	0.966	0.256	7.710E-01	7.240E-01	2.242E-01	2.685E-03	174
egfr-bridge-id85	7xn7-assembly1_q	0.238	147	145	930	0.945	0.155	7.449E-01	7.054E-01	1.313E-01	1.403E-03	174
egfr-bridge-id85	5mgx-assembly3_G	0.191	141	145	266	0.834	0.504	7.411E-01	6.257E-01	3.618E-01	1.403E-03	173
egfr-bridge-id85	8j07-assembly1_d3	0.189	158	145	419	0.993	0.375	8.116E-01	8.019E-01	3.072E-01	2.092E-03	173
egfr-bridge-id85	5w5i-assembly1_C	0.225	155	145	436	0.945	0.337	7.903E-01	7.466E-01	2.678E-01	2.199E-03	173
egfr-bridge-id85	6c6k-assembly1_A	0.209	129	145	456	0.745	0.283	9.117E-01	6.868E-01	2.277E-01	7.285E-03	173
egfr-bridge-id85	5l0y-assembly2_B	0.200	135	145	149	0.834	0.879	8.163E-01	6.891E-01	6.722E-01	3.118E-03	172
egfr-bridge-id85	7v6q-assembly2_H	0.214	168	145	200	0.952	0.840	7.802E-01	7.423E-01	5.569E-01	1.893E-03	172
egfr-bridge-id85	6ww7-assembly1_B	0.219	155	145	281	0.903	0.552	6.456E-01	5.900E-01	3.334E-01	2.987E-04	172
egfr-bridge-id85	7zr5-assembly1_P	0.271	118	145	429	0.814	0.266	8.596E-01	6.878E-01	2.500E-01	3.278E-03	172
egfr-bridge-id85	8bbe-assembly1_D	0.187	144	145	648	0.938	0.216	7.163E-01	6.713E-01	1.655E-01	1.093E-03	172
egfr-bridge-id85	8bbg-assembly1_D	0.187	144	145	1316	0.938	0.106	7.163E-01	6.713E-01	8.751E-02	1.149E-03	172
egfr-bridge-id85	5l0y-assembly4_D	0.170	135	145	150	0.834	0.867	8.274E-01	6.964E-01	6.751E-01	4.423E-03	170
egfr-bridge-id85	8j0o-assembly1_B	0.231	134	145	296	0.903	0.439	6.731E-01	6.145E-01	3.391E-01	6.314E-04	170
egfr-bridge-id85	5w5h-assembly1_A	0.216	125	145	451	0.745	0.277	9.075E-01	6.830E-01	2.299E-01	8.462E-03	169
egfr-bridge-id85	7tj4-assembly2_C	0.168	113	145	122	0.779	0.893	8.216E-01	6.358E-01	7.393E-01	3.808E-03	168
egfr-bridge-id85	7w5m-assembly1_A	0.162	185	145	227	0.979	0.815	7.495E-01	7.319E-01	4.977E-01	2.199E-03	168
egfr-bridge-id85	5ojf-assembly3_C	0.246	150	145	262	0.883	0.573	7.130E-01	6.365E-01	3.827E-01	1.270E-03	168
egfr-bridge-id85	7adp-assembly1_B	0.258	116	145	273	0.779	0.414	7.227E-01	5.860E-01	3.393E-01	8.955E-04	168
egfr-bridge-id85	3ma5-assembly1_A	0.170	88	145	90	0.607	0.967	8.488E-01	5.308E-01	8.156E-01	5.967E-03	167
egfr-bridge-id85	7ep7-assembly1_A	0.210	166	145	327	0.959	0.492	8.128E-01	7.774E-01	3.681E-01	5.400E-03	167
egfr-bridge-id85	5aem-assembly1_A	0.142	147	145	407	0.959	0.351	5.797E-01	5.570E-01	2.326E-01	4.680E-04	167
egfr-bridge-id85	8ffv-assembly1_D	0.240	154	145	409	0.938	0.333	6.776E-01	6.347E-01	2.430E-01	8.955E-04	167
egfr-bridge-id85	8re7-assembly1_A	0.160	162	145	429	0.807	0.378	6.776E-01	5.517E-01	2.066E-01	8.519E-04	167
egfr-bridge-id85	5nnr-assembly1_A	0.168	154	145	666	0.966	0.219	6.375E-01	6.164E-01	1.601E-01	8.104E-04	167
egfr-bridge-id85	7o04-assembly1_B	0.168	119	145	131	0.821	0.832	8.442E-01	6.468E-01	7.092E-01	4.207E-03	166
egfr-bridge-id85	3ro3-assembly1_A	0.221	131	145	159	0.821	0.792	8.445E-01	6.978E-01	6.399E-01	7.285E-03	166
egfr-bridge-id85	5a31-assembly1_Y	0.174	155	145	496	0.966	0.310	7.065E-01	6.803E-01	2.207E-01	2.199E-03	166
egfr-bridge-id85	6gmh-assembly1_Q	0.245	102	145	884	0.676	0.115	8.580E-01	5.944E-01	1.063E-01	5.137E-03	166
egfr-bridge-id85	2kcl-assembly1_A	0.186	91	145	99	0.628	0.909	8.837E-01	5.647E-01	8.027E-01	8.895E-03	165
egfr-bridge-id85	2xev-assembly1_A	0.243	123	145	121	0.800	0.975	8.156E-01	6.628E-01	7.796E-01	4.649E-03	165
egfr-bridge-id85	3gw4-assembly1_A	0.180	155	145	192	0.979	0.760	7.526E-01	7.343E-01	5.721E-01	2.822E-03	165
egfr-bridge-id85	7v6q-assembly1_D	0.209	181	145	212	0.952	0.849	7.628E-01	7.255E-01	5.152E-01	2.092E-03	165
egfr-bridge-id85	4jhr-assembly1_A	0.208	163	145	290	0.986	0.548	7.983E-01	7.836E-01	4.204E-01	6.272E-03	165
egfr-bridge-id85	3q15-assembly2_B-3	0.228	114	145	332	0.697	0.343	9.034E-01	6.371E-01	2.879E-01	7.285E-03	165
egfr-bridge-id85	8qoy-assembly1_A	0.169	171	145	1036	0.828	0.163	5.790E-01	4.812E-01	7.854E-02	2.571E-04	165
egfr-bridge-id85	5l0y-assembly5_E	0.181	132	145	151	0.814	0.834	8.146E-01	6.687E-01	6.440E-01	5.400E-03	164
egfr-bridge-id85	5l0y-assembly1_A	0.189	137	145	155	0.834	0.845	7.995E-01	6.751E-01	6.351E-01	4.207E-03	164
egfr-bridge-id85	1p5q-assembly1_A	0.236	152	145	283	0.924	0.473	6.745E-01	6.224E-01	3.355E-01	1.040E-03	164
egfr-bridge-id85	1qz2-assembly1_C	0.240	154	145	285	0.938	0.477	6.739E-01	6.311E-01	3.388E-01	9.895E-04	164
egfr-bridge-id85	4jhr-assembly1_B	0.208	163	145	289	0.986	0.550	7.984E-01	7.837E-01	4.218E-01	6.593E-03	164
egfr-bridge-id85	4i9e-assembly1_B	0.181	116	145	383	0.710	0.303	9.068E-01	6.525E-01	2.566E-01	1.200E-02	164
egfr-bridge-id85	8pkp-assembly1_Y	0.168	148	145	499	0.924	0.297	7.239E-01	6.695E-01	2.141E-01	3.278E-03	164
egfr-bridge-id85	2vsy-assembly1_A	0.218	110	145	547	0.738	0.201	8.004E-01	6.053E-01	1.780E-01	4.207E-03	164
egfr-bridge-id85	8ggh-assembly1_E	0.220	127	145	289	0.848	0.439	8.316E-01	7.125E-01	3.780E-01	2.822E-03	163
egfr-bridge-id85	9gaw-assembly1_Z	0.188	154	145	455	0.945	0.332	6.980E-01	6.598E-01	2.337E-01	2.430E-03	163
egfr-bridge-id85	8qcb-assembly1_B	0.198	141	145	644	0.814	0.217	7.067E-01	5.802E-01	1.437E-01	1.208E-03	163
egfr-bridge-id85	7v1k-assembly1_A-2	0.208	192	145	220	0.993	0.855	6.283E-01	6.202E-01	4.192E-01	6.637E-04	162
egfr-bridge-id85	7v1l-assembly1_B-2	0.209	186	145	221	0.993	0.824	6.606E-01	6.520E-01	4.377E-01	1.149E-03	162
egfr-bridge-id85	6fuz-assembly1_A	0.223	134	145	267	0.786	0.502	8.378E-01	6.687E-01	3.816E-01	5.967E-03	162
egfr-bridge-id85	6fv0-assembly1_A	0.226	137	145	270	0.807	0.507	8.301E-01	6.794E-01	3.856E-01	5.676E-03	162
egfr-bridge-id85	4g1t-assembly1_B	0.218	128	145	429	0.766	0.294	7.713E-01	6.111E-01	2.300E-01	2.967E-03	162
egfr-bridge-id85	7owv-assembly1_B	0.178	129	145	140	0.883	0.864	7.877E-01	6.653E-01	6.865E-01	3.446E-03	161
egfr-bridge-id85	3gz1-assembly1_A	0.163	116	145	144	0.800	0.799	8.338E-01	6.714E-01	6.757E-01	6.930E-03	161
egfr-bridge-id85	3ks2-assembly1_A	0.179	117	145	137	0.793	0.832	8.261E-01	6.590E-01	6.940E-01	5.676E-03	160
egfr-bridge-id85	7ayw-assembly1_A	0.158	139	145	138	0.890	0.949	7.555E-01	6.736E-01	7.051E-01	2.967E-03	160
egfr-bridge-id85	7v1m-assembly2_G	0.216	185	145	195	0.966	0.949	7.063E-01	6.783E-01	5.199E-01	2.311E-03	160
egfr-bridge-id85	2y4u-assembly1_A	0.264	121	145	424	0.821	0.278	7.992E-01	6.614E-01	2.474E-01	5.676E-03	160
egfr-bridge-id85	5w5i-assembly1_A	0.203	172	145	430	0.966	0.400	6.688E-01	6.429E-01	2.368E-01	1.893E-03	160
egfr-bridge-id85	4i2z-assembly1_A	0.232	125	145	899	0.828	0.135	7.829E-01	6.582E-01	1.208E-01	5.967E-03	160
egfr-bridge-id85	5a7d-assembly2_E	0.220	168	145	352	0.931	0.466	8.106E-01	7.559E-01	3.357E-01	5.967E-03	159
egfr-bridge-id85	5udj-assembly1_A	0.170	170	145	460	0.903	0.370	7.675E-01	6.957E-01	2.331E-01	4.887E-03	159
egfr-bridge-id85	4xnh-assembly1_A	0.201	119	145	786	0.814	0.149	7.393E-01	6.164E-01	1.357E-01	5.400E-03	159
egfr-bridge-id85	9fpz-assembly1_B	0.211	118	145	834	0.814	0.141	7.378E-01	6.196E-01	1.296E-01	5.137E-03	159
egfr-bridge-id85	7ado-assembly1_B	0.212	165	145	275	0.972	0.585	6.030E-01	5.857E-01	3.425E-01	4.029E-04	158
egfr-bridge-id85	3lca-assembly1_A	0.202	212	145	482	0.924	0.432	4.105E-01	3.776E-01	1.472E-01	6.357E-05	158
egfr-bridge-id85	5udl-assembly1_A	0.170	170	145	460	0.903	0.370	7.674E-01	6.950E-01	2.330E-01	5.676E-03	157
egfr-bridge-id85	8hmc-assembly1_C	0.208	134	145	640	0.924	0.206	7.566E-01	6.949E-01	1.849E-01	4.002E-03	157
egfr-bridge-id85	6qdk-assembly1_A	0.255	129	145	882	0.828	0.141	7.616E-01	6.393E-01	1.197E-01	4.423E-03	157
egfr-bridge-id85	5fjy-assembly2_C-2	0.229	144	145	267	0.855	0.539	7.438E-01	6.468E-01	3.790E-01	4.423E-03	156
egfr-bridge-id85	7kra-assembly1_B	0.184	146	145	290	0.855	0.490	7.765E-01	6.738E-01	3.612E-01	3.278E-03	156
egfr-bridge-id85	8rsv-assembly2_B	0.181	116	145	365	0.710	0.318	8.401E-01	6.168E-01	2.617E-01	1.142E-02	156
egfr-bridge-id85	5khu-assembly1_X	0.186	134	145	396	0.924	0.331	8.154E-01	7.420E-01	2.994E-01	8.462E-03	154
egfr-bridge-id85	7mnl-assembly1_A	0.188	138	145	746	0.897	0.178	6.911E-01	6.241E-01	1.419E-01	3.278E-03	154
egfr-bridge-id85	9b9g-assembly1_D	0.191	157	145	578	0.959	0.270	6.343E-01	6.072E-01	1.775E-01	1.335E-03	153
egfr-bridge-id85	4kvm-assembly1_A	0.171	134	145	718	0.924	0.181	7.446E-01	6.762E-01	1.629E-01	7.658E-03	152
egfr-bridge-id85	7tdz-assembly1_P	0.127	157	145	798	0.903	0.192	6.613E-01	6.007E-01	1.244E-01	2.199E-03	152
egfr-bridge-id85	8rtc-assembly1_A	0.157	133	145	355	0.821	0.375	7.863E-01	6.596E-01	2.943E-01	1.540E-02	151
egfr-bridge-id85	8tau-assembly1_Y	0.190	152	145	501	0.945	0.295	6.950E-01	6.568E-01	2.115E-01	3.808E-03	151
egfr-bridge-id85	3gz2-assembly1_B	0.144	145	145	143	0.979	0.979	7.213E-01	6.946E-01	7.033E-01	5.400E-03	150
egfr-bridge-id85	9bax-assembly1_F	0.188	159	145	592	0.959	0.264	5.879E-01	5.631E-01	1.660E-01	8.955E-04	150
egfr-bridge-id85	7cc7-assembly1_A	0.171	163	145	227	0.869	0.692	7.555E-01	6.607E-01	4.378E-01	8.895E-03	149
egfr-bridge-id85	4j0u-assembly1_A	0.219	164	145	471	0.952	0.331	7.555E-01	7.185E-01	2.444E-01	8.050E-03	149
egfr-bridge-id85	7mnn-assembly1_A	0.188	138	145	750	0.897	0.177	6.745E-01	6.096E-01	1.410E-01	3.118E-03	149
egfr-bridge-id85	7r5j-assembly1_00	0.155	154	145	756	0.910	0.204	6.629E-01	6.052E-01	1.339E-01	2.822E-03	149
egfr-bridge-id85	8arc-assembly2_C	0.178	95	145	107	0.655	0.888	8.738E-01	5.913E-01	7.790E-01	1.880E-02	148
egfr-bridge-id85	5m72-assembly1_A	0.148	141	145	150	0.952	0.880	7.635E-01	6.991E-01	6.792E-01	9.350E-03	148
egfr-bridge-id85	7rro-assembly1_I2	0.163	116	145	192	0.800	0.578	8.342E-01	6.530E-01	5.065E-01	1.394E-02	148
egfr-bridge-id85	6c6k-assembly2_B	0.172	168	145	454	0.890	0.361	7.785E-01	6.940E-01	2.343E-01	1.033E-02	148
egfr-bridge-id85	4y6c-assembly1_A-2	0.129	186	145	212	0.986	0.868	6.529E-01	6.416E-01	4.624E-01	2.967E-03	147
egfr-bridge-id85	8glv-assembly1_Lf	0.219	155	145	396	0.924	0.379	5.318E-01	4.999E-01	2.371E-01	7.334E-04	147
egfr-bridge-id85	4hnw-assembly1_A	0.188	154	145	782	0.959	0.187	6.439E-01	6.178E-01	1.387E-01	4.207E-03	147
egfr-bridge-id85	3u3w-assembly1_B	0.178	157	145	280	0.972	0.543	7.380E-01	7.166E-01	4.019E-01	8.895E-03	146
egfr-bridge-id85	6hft-assembly1_A	0.217	124	145	312	0.828	0.388	8.225E-01	6.893E-01	3.383E-01	1.977E-02	146
egfr-bridge-id85	5tqb-assembly1_B	0.131	160	145	335	0.910	0.478	6.777E-01	6.280E-01	3.181E-01	5.137E-03	146
egfr-bridge-id85	7aoi-assembly1_BF	0.165	121	145	341	0.724	0.355	8.057E-01	6.049E-01	2.778E-01	1.142E-02	146
egfr-bridge-id85	8rte-assembly1_A	0.205	146	145	350	0.890	0.417	7.841E-01	7.042E-01	3.211E-01	1.326E-02	146
egfr-bridge-id85	2kcv-assembly1_A	0.193	88	145	99	0.593	0.889	8.208E-01	5.109E-01	7.186E-01	1.142E-02	145
egfr-bridge-id85	4yvo-assembly1_A	0.230	113	145	119	0.697	0.950	8.976E-01	6.327E-01	7.626E-01	2.947E-02	145
egfr-bridge-id85	5wrw-assembly2_D	0.140	128	145	130	0.800	0.962	6.925E-01	5.601E-01	6.188E-01	3.808E-03	145
egfr-bridge-id85	4y6w-assembly1_A-2	0.129	186	145	211	0.986	0.872	6.538E-01	6.419E-01	4.629E-01	3.446E-03	145
egfr-bridge-id85	7b80-assembly1_A	0.245	110	145	340	0.731	0.309	6.911E-01	5.090E-01	2.272E-01	4.207E-03	145
egfr-bridge-id85	3q15-assembly1_A-2	0.202	148	145	365	0.855	0.405	8.355E-01	7.194E-01	3.048E-01	1.977E-02	145
egfr-bridge-id85	6q9i-assembly1_A	0.159	182	145	429	0.924	0.415	5.518E-01	5.115E-01	1.936E-01	8.955E-04	145
egfr-bridge-id85	7x9r-assembly1_A	0.175	182	145	448	0.910	0.397	5.543E-01	5.045E-01	1.920E-01	1.335E-03	145
egfr-bridge-id85	7v6p-assembly1_A-2	0.242	169	145	220	0.959	0.750	6.757E-01	6.479E-01	4.431E-01	4.649E-03	144
egfr-bridge-id85	4i17-assembly1_A	0.256	121	145	224	0.814	0.513	7.132E-01	5.870E-01	4.045E-01	7.285E-03	144
egfr-bridge-id85	7n61-assembly1_1E	0.160	150	145	623	0.917	0.238	6.535E-01	6.009E-01	1.640E-01	4.423E-03	144
egfr-bridge-id85	4hny-assembly1_A	0.167	143	145	733	0.772	0.195	8.000E-01	6.310E-01	1.375E-01	1.326E-02	144
egfr-bridge-id85	7mnm-assembly1_A	0.176	142	145	746	0.897	0.178	6.718E-01	6.053E-01	1.383E-01	5.676E-03	144
egfr-bridge-id85	3ma5-assembly3_C	0.176	85	145	89	0.572	0.955	8.197E-01	4.952E-01	7.639E-01	1.465E-02	143
egfr-bridge-id85	5waq-assembly1_A	0.214	126	145	212	0.800	0.580	7.749E-01	6.305E-01	4.500E-01	8.050E-03	143
egfr-bridge-id85	8ruy-assembly1_F	0.243	144	145	539	0.890	0.265	7.016E-01	6.294E-01	1.887E-01	4.887E-03	143
egfr-bridge-id85	7vop-assembly1_W	0.140	157	145	756	0.959	0.204	6.718E-01	6.437E-01	1.409E-01	5.137E-03	143
egfr-bridge-id85	4xpd-assembly1_A	0.189	153	145	774	0.959	0.185	6.319E-01	6.060E-01	1.370E-01	4.423E-03	143
egfr-bridge-id85	3urz-assembly2_B	0.213	150	145	206	0.828	0.728	7.091E-01	5.996E-01	4.413E-01	4.002E-03	142
egfr-bridge-id85	5g05-assembly1_X	0.177	152	145	484	0.945	0.298	7.139E-01	6.739E-01	2.239E-01	9.350E-03	142
egfr-bridge-id85	6q6g-assembly1_Z	0.157	171	145	486	0.959	0.350	6.815E-01	6.522E-01	2.257E-01	6.930E-03	142
egfr-bridge-id85	4uzy-assembly1_A	0.196	158	145	624	0.841	0.253	5.891E-01	5.015E-01	1.358E-01	2.092E-03	142
egfr-bridge-id85	8c6j-assembly1_S	0.151	132	145	635	0.910	0.200	6.637E-01	5.952E-01	1.686E-01	8.050E-03	142
egfr-bridge-id85	8rte-assembly1_B	0.205	146	145	350	0.890	0.417	7.826E-01	7.029E-01	3.208E-01	1.789E-02	141
egfr-bridge-id85	8rst-assembly1_A-2	0.181	116	145	364	0.710	0.319	8.437E-01	6.186E-01	2.629E-01	3.256E-02	141
egfr-bridge-id85	6mfv-assembly4_D	0.246	158	145	641	0.938	0.243	7.552E-01	7.096E-01	1.854E-01	8.895E-03	141
egfr-bridge-id85	5dbk-assembly1_B	0.210	147	145	352	0.924	0.406	7.502E-01	6.970E-01	3.149E-01	1.261E-02	140
egfr-bridge-id85	7t7t-assembly2_B	0.203	157	145	432	0.979	0.331	6.502E-01	6.335E-01	2.368E-01	6.593E-03	140
egfr-bridge-id85	8tau-assembly1_Z	0.196	117	145	488	0.807	0.240	8.369E-01	6.871E-01	2.233E-01	2.947E-02	140
egfr-bridge-id85	2kat-assembly1_A	0.240	100	145	115	0.690	0.861	8.215E-01	5.851E-01	7.163E-01	1.880E-02	139
egfr-bridge-id85	4lct-assembly2_D	0.224	129	145	348	0.786	0.368	8.108E-01	6.522E-01	2.936E-01	2.537E-02	139
egfr-bridge-id85	1hxi-assembly1_A	0.206	87	145	112	0.600	0.777	8.697E-01	5.291E-01	6.775E-01	3.782E-02	138
egfr-bridge-id85	8clk-assembly1_D	0.128	125	145	457	0.793	0.271	7.860E-01	6.373E-01	2.240E-01	2.184E-02	138
egfr-bridge-id85	7n61-assembly1_1F	0.185	162	145	614	0.979	0.257	6.122E-01	5.973E-01	1.682E-01	4.423E-03	138
egfr-bridge-id85	7wzb-assembly1_B	0.206	155	145	254	0.972	0.602	6.025E-01	5.860E-01	3.707E-01	4.649E-03	137
egfr-bridge-id85	4zlh-assembly1_A	0.197	147	145	323	0.917	0.452	6.037E-01	5.602E-01	2.851E-01	3.808E-03	137
egfr-bridge-id85	4gpk-assembly2_F	0.217	147	145	341	0.924	0.419	7.271E-01	6.755E-01	3.165E-01	1.326E-02	137
egfr-bridge-id85	7mno-assembly1_A	0.176	142	145	746	0.897	0.178	6.542E-01	5.902E-01	1.365E-01	6.593E-03	137
egfr-bridge-id85	3qky-assembly1_A	0.178	129	145	251	0.779	0.502	7.320E-01	5.881E-01	3.613E-01	1.200E-02	136
egfr-bridge-id85	6zmd-assembly1_B	0.245	110	145	332	0.731	0.316	7.014E-01	5.131E-01	2.340E-01	8.462E-03	136
egfr-bridge-id85	7t6d-assembly1_B	0.237	139	145	381	0.910	0.336	7.317E-01	6.531E-01	2.758E-01	1.142E-02	136
egfr-bridge-id85	3fp2-assembly1_A	0.210	214	145	483	0.924	0.431	4.073E-01	3.742E-01	1.415E-01	2.987E-04	136
egfr-bridge-id85	7w5b-assembly1_J	0.159	113	145	569	0.779	0.199	6.734E-01	5.499E-01	1.703E-01	1.086E-02	136
egfr-bridge-id85	5zyq-assembly1_A	0.193	129	145	285	0.876	0.439	7.981E-01	6.955E-01	3.771E-01	3.098E-02	135
egfr-bridge-id85	6i7h-assembly1_A-2	0.250	100	145	331	0.662	0.302	7.411E-01	5.041E-01	2.315E-01	1.200E-02	135
egfr-bridge-id85	7w5a-assembly1_J	0.159	113	145	567	0.779	0.199	6.734E-01	5.499E-01	1.709E-01	1.142E-02	135
egfr-bridge-id85	7w59-assembly1_J	0.159	113	145	568	0.779	0.199	6.731E-01	5.499E-01	1.706E-01	1.086E-02	135
egfr-bridge-id85	2hr2-assembly2_B	0.229	144	145	157	0.834	0.917	7.223E-01	6.175E-01	5.775E-01	2.296E-02	134
egfr-bridge-id85	6t59-assembly1_TT	0.182	181	145	426	0.883	0.415	5.782E-01	5.148E-01	2.030E-01	1.403E-03	134
egfr-bridge-id85	4hoq-assembly1_A	0.149	221	145	477	0.945	0.455	4.621E-01	4.342E-01	1.420E-01	8.104E-04	134
egfr-bridge-id85	5yzg-assembly1_J	0.151	132	145	571	0.910	0.222	6.559E-01	5.869E-01	1.845E-01	1.200E-02	134
egfr-bridge-id85	6w5q-assembly8_H	0.181	116	145	106	0.800	0.934	6.689E-01	4.690E-01	6.216E-01	1.086E-02	133
egfr-bridge-id85	7t1s-assembly2_B	0.171	140	145	230	0.814	0.609	7.864E-01	6.550E-01	4.357E-01	2.947E-02	133
egfr-bridge-id85	8bda-assembly1_E	0.220	136	145	1325	0.890	0.097	6.035E-01	5.495E-01	8.226E-02	4.887E-03	133
egfr-bridge-id85	6frk-assembly1_r	0.134	149	145	195	0.828	0.759	6.859E-01	5.709E-01	4.329E-01	6.930E-03	132
egfr-bridge-id85	6i7i-assembly1_A-2	0.226	106	145	334	0.731	0.314	6.894E-01	5.088E-01	2.341E-01	7.658E-03	132
egfr-bridge-id85	8rsv-assembly1_A	0.160	137	145	364	0.828	0.376	7.877E-01	6.639E-01	2.904E-01	4.854E-02	132
egfr-bridge-id85	6xt9-assembly1_D	0.214	182	145	396	0.945	0.460	4.808E-01	4.528E-01	1.823E-01	5.714E-04	132
egfr-bridge-id85	5khu-assembly1_C	0.195	143	145	463	0.890	0.307	7.699E-01	6.853E-01	2.291E-01	2.803E-02	132
egfr-bridge-id85	7kzv-assembly1_G	0.220	100	145	577	0.669	0.173	8.927E-01	6.110E-01	1.625E-01	5.927E-02	132
egfr-bridge-id85	4hny-assembly2_C	0.176	125	145	759	0.821	0.165	7.931E-01	6.607E-01	1.423E-01	3.598E-02	132
egfr-bridge-id85	8a3y-assembly1_Q	0.183	153	145	890	0.945	0.172	7.155E-01	6.756E-01	1.275E-01	1.465E-02	132
egfr-bridge-id85	5an3-assembly1_A	0.187	112	145	130	0.669	0.862	8.078E-01	5.629E-01	6.207E-01	2.947E-02	131
egfr-bridge-id85	8odn-assembly1_B	0.146	177	145	185	0.945	0.946	6.241E-01	5.899E-01	4.752E-01	7.658E-03	131
egfr-bridge-id85	5lj5-assembly1_S	0.118	152	145	464	0.945	0.328	5.682E-01	5.407E-01	2.066E-01	5.676E-03	131
egfr-bridge-id85	5nrl-assembly1_J	0.188	138	145	800	0.855	0.172	6.907E-01	6.030E-01	1.315E-01	1.465E-02	130
egfr-bridge-id85	6px0-assembly1_A	0.204	137	145	135	0.821	0.993	7.456E-01	6.195E-01	6.608E-01	2.667E-02	129
egfr-bridge-id85	6ip1-assembly1_E	0.165	133	145	292	0.828	0.449	7.842E-01	6.617E-01	3.542E-01	3.976E-02	129
egfr-bridge-id85	6t46-assembly2_G	0.194	175	145	365	0.938	0.477	6.864E-01	6.439E-01	2.811E-01	1.702E-02	129
egfr-bridge-id85	7msk-assembly1_B	0.149	167	145	421	0.945	0.385	6.690E-01	6.315E-01	2.337E-01	1.261E-02	129
egfr-bridge-id85	5lj3-assembly1_S	0.118	152	145	464	0.945	0.328	5.682E-01	5.407E-01	2.066E-01	6.272E-03	129
egfr-bridge-id85	8fo6-assembly1_A	0.165	121	145	483	0.738	0.242	7.713E-01	5.831E-01	1.917E-01	3.782E-02	129
egfr-bridge-id85	5gap-assembly1_J	0.188	138	145	729	0.855	0.189	6.826E-01	5.972E-01	1.429E-01	1.465E-02	129
egfr-bridge-id85	9f1d-assembly1_DB	0.203	113	145	837	0.779	0.135	6.728E-01	5.515E-01	1.202E-01	1.540E-02	129
egfr-bridge-id85	4i2w-assembly1_A	0.256	125	145	904	0.828	0.134	7.647E-01	6.438E-01	1.192E-01	3.423E-02	129
egfr-bridge-id85	8gh3-assembly1_E	0.238	113	145	252	0.779	0.437	7.829E-01	6.088E-01	3.681E-01	3.098E-02	128
egfr-bridge-id85	8rtc-assembly2_B	0.187	133	145	353	0.821	0.377	6.802E-01	5.741E-01	2.693E-01	1.465E-02	128
egfr-bridge-id85	8fgw-assembly1_D	0.128	203	145	1315	0.979	0.151	5.360E-01	5.220E-01	7.486E-02	2.311E-03	128
egfr-bridge-id85	4apo-assembly1_A	0.183	142	145	142	0.855	0.979	7.395E-01	6.389E-01	6.502E-01	2.947E-02	127
egfr-bridge-id85	4lct-assembly1_A	0.224	156	145	318	0.952	0.487	7.310E-01	6.964E-01	3.494E-01	3.423E-02	127
egfr-bridge-id85	4hnx-assembly1_A	0.185	151	145	713	0.959	0.206	6.479E-01	6.226E-01	1.545E-01	1.789E-02	127
egfr-bridge-id85	9cpb-assembly1_6Z	0.155	116	145	192	0.800	0.578	8.601E-01	6.691E-01	5.162E-01	7.236E-02	126
egfr-bridge-id85	6yxy-assembly1_BF	0.165	139	145	346	0.814	0.390	7.105E-01	5.907E-01	2.678E-01	1.702E-02	126
egfr-bridge-id85	6qdv-assembly1_S	0.142	147	145	570	0.910	0.258	6.085E-01	5.623E-01	1.751E-01	1.086E-02	126
egfr-bridge-id85	8ro0-assembly1_J	0.156	128	145	574	0.883	0.216	6.321E-01	5.551E-01	1.737E-01	1.977E-02	126
egfr-bridge-id85	7vop-assembly1_Z	0.138	152	145	758	0.931	0.198	6.311E-01	5.902E-01	1.367E-01	1.086E-02	126
egfr-bridge-id85	8r08-assembly1_N	0.170	129	145	801	0.890	0.156	7.372E-01	6.482E-01	1.410E-01	3.098E-02	126
egfr-bridge-id85	5an3-assembly1_C	0.161	136	145	135	0.821	0.978	7.325E-01	6.134E-01	6.529E-01	2.803E-02	125
egfr-bridge-id85	7kal-assembly1_F	0.190	126	145	194	0.697	0.649	8.338E-01	5.909E-01	4.484E-01	5.102E-02	125
egfr-bridge-id85	3urz-assembly1_A	0.204	147	145	202	0.828	0.728	7.056E-01	5.960E-01	4.455E-01	1.326E-02	125
egfr-bridge-id85	5z56-assembly1_J	0.163	141	145	522	0.945	0.261	6.156E-01	5.835E-01	1.992E-01	1.465E-02	125
egfr-bridge-id85	8ffz-assembly1_C	0.140	149	145	797	0.931	0.186	5.399E-01	5.079E-01	1.217E-01	7.658E-03	125
egfr-bridge-id85	2v5f-assembly1_A	0.263	91	145	97	0.579	0.938	9.066E-01	5.366E-01	7.845E-01	1.079E-01	124
egfr-bridge-id85	8arb-assembly1_A	0.147	102	145	112	0.703	0.911	8.604E-01	6.233E-01	7.857E-01	8.405E-02	124
egfr-bridge-id85	4btb-assembly1_A	0.264	87	145	231	0.552	0.377	8.676E-01	4.965E-01	3.201E-01	7.996E-02	124
egfr-bridge-id85	2ifu-assembly4_D	0.179	156	145	270	0.979	0.570	5.597E-01	5.475E-01	3.299E-01	9.350E-03	124
egfr-bridge-id85	8rsu-assembly1_A	0.181	116	145	360	0.710	0.322	8.331E-01	6.116E-01	2.639E-01	8.835E-02	124
egfr-bridge-id85	3n71-assembly1_A	0.155	154	145	468	0.910	0.310	6.200E-01	5.712E-01	2.081E-01	1.033E-02	124
egfr-bridge-id85	8ebf-assembly1_A	0.195	138	145	667	0.717	0.207	7.293E-01	5.360E-01	1.325E-01	2.537E-02	124
egfr-bridge-id85	8qzs-assembly1_N	0.133	172	145	831	0.890	0.207	5.610E-01	5.044E-01	1.097E-01	5.967E-03	124
egfr-bridge-id85	7qij-assembly2_NC	0.147	95	145	102	0.655	0.931	8.683E-01	5.883E-01	8.081E-01	7.996E-02	123
egfr-bridge-id85	7kat-assembly1_F	0.142	147	145	190	0.917	0.716	6.467E-01	5.998E-01	4.799E-01	1.465E-02	123
egfr-bridge-id85	6zym-assembly1_O	0.146	123	145	252	0.848	0.472	6.568E-01	5.603E-01	3.557E-01	1.977E-02	123
egfr-bridge-id85	8glv-assembly1_Le	0.141	141	145	380	0.821	0.371	8.332E-01	6.935E-01	2.848E-01	7.236E-02	123
egfr-bridge-id85	8qvx-assembly1_B	0.153	104	145	438	0.669	0.235	8.122E-01	5.576E-01	1.961E-01	3.782E-02	123
egfr-bridge-id85	7kzv-assembly1_H	0.172	145	145	544	0.766	0.267	7.306E-01	5.688E-01	1.673E-01	2.947E-02	123
egfr-bridge-id85	2yq8-assembly1_A	0.211	123	145	225	0.717	0.547	7.415E-01	5.480E-01	3.713E-01	4.618E-02	122
egfr-bridge-id85	9fmd-assembly1_J	0.159	113	145	602	0.779	0.188	6.636E-01	5.436E-01	1.612E-01	2.947E-02	122
egfr-bridge-id85	8y6o-assembly1_G	0.175	114	145	793	0.786	0.140	7.358E-01	5.864E-01	1.277E-01	4.393E-02	122
egfr-bridge-id85	7zub-assembly1_C	0.207	154	145	304	0.938	0.461	5.719E-01	5.400E-01	2.953E-01	5.400E-03	121
egfr-bridge-id85	4gpk-assembly1_D	0.210	147	145	342	0.924	0.418	7.111E-01	6.599E-01	3.102E-01	3.423E-02	121
egfr-bridge-id85	2xgm-assembly1_A	0.190	100	145	512	0.690	0.195	7.787E-01	5.617E-01	1.777E-01	5.927E-02	121
egfr-bridge-id85	2vsn-assembly2_B	0.201	119	145	534	0.766	0.223	7.273E-01	5.722E-01	1.742E-01	3.256E-02	121
egfr-bridge-id85	4bt8-assembly1_B	0.285	91	145	233	0.579	0.391	8.645E-01	5.190E-01	3.328E-01	9.762E-02	120
egfr-bridge-id85	4gpk-assembly2_E	0.215	144	145	339	0.903	0.413	7.374E-01	6.707E-01	3.135E-01	4.618E-02	120
egfr-bridge-id85	6id0-assembly1_J	0.170	123	145	556	0.828	0.221	6.463E-01	5.515E-01	1.743E-01	2.947E-02	120
egfr-bridge-id85	9esi-assembly1_R	0.138	137	145	603	0.945	0.219	6.053E-01	5.596E-01	1.714E-01	2.184E-02	119
egfr-bridge-id85	1tjc-assembly1_B	0.255	90	145	95	0.572	0.947	8.999E-01	5.293E-01	7.858E-01	1.455E-01	118
egfr-bridge-id85	7qtt-assembly1_X	0.141	134	145	241	0.903	0.519	6.389E-01	5.649E-01	3.727E-01	1.702E-02	118
egfr-bridge-id85	1qqe-assembly1_A	0.136	132	145	281	0.821	0.441	6.508E-01	5.507E-01	3.142E-01	2.947E-02	118
egfr-bridge-id85	7t6d-assembly1_A	0.238	134	145	389	0.862	0.334	6.853E-01	5.958E-01	2.529E-01	1.977E-02	118
egfr-bridge-id85	8qvw-assembly1_B	0.171	128	145	436	0.876	0.271	7.765E-01	6.453E-01	2.382E-01	5.927E-02	118
egfr-bridge-id85	4ynw-assembly2_B	0.157	146	145	283	0.828	0.516	6.186E-01	5.159E-01	2.801E-01	1.619E-02	117
egfr-bridge-id85	4abn-assembly2_B	0.196	163	145	426	0.759	0.380	5.742E-01	4.423E-01	1.815E-01	9.828E-03	117
egfr-bridge-id85	8rw5-assembly1_B	0.180	133	145	872	0.814	0.153	8.027E-01	6.656E-01	1.265E-01	1.134E-01	117
egfr-bridge-id85	4cgq-assembly1_A	0.215	65	145	91	0.448	0.714	9.536E-01	4.353E-01	6.832E-01	1.608E-01	116
egfr-bridge-id85	7rro-assembly1_I1	0.163	116	145	192	0.800	0.578	8.144E-01	6.400E-01	4.979E-01	7.236E-02	116
egfr-bridge-id85	4gpk-assembly1_C	0.211	151	145	340	0.952	0.432	7.062E-01	6.744E-01	3.202E-01	4.854E-02	116
egfr-bridge-id85	9hmf-assembly1_L	0.198	156	145	683	0.966	0.218	5.254E-01	5.081E-01	1.426E-01	8.462E-03	116
egfr-bridge-id85	2yq8-assembly1_B	0.201	124	145	226	0.717	0.549	7.512E-01	5.531E-01	3.681E-01	9.762E-02	115
egfr-bridge-id85	7wzb-assembly1_A	0.212	113	145	251	0.690	0.450	5.800E-01	4.056E-01	2.705E-01	1.200E-02	115
egfr-bridge-id85	4gyo-assembly2_A	0.192	171	145	357	0.979	0.473	5.646E-01	5.508E-01	2.468E-01	2.296E-02	115
egfr-bridge-id85	1ya0-assembly2_B	0.136	168	145	464	0.848	0.358	5.385E-01	4.636E-01	1.683E-01	8.462E-03	115
egfr-bridge-id85	8xi2-assembly1_J	0.125	143	145	595	0.903	0.239	5.572E-01	5.125E-01	1.575E-01	1.394E-02	115
egfr-bridge-id85	8amz-assembly1_Q	0.108	156	145	421	0.959	0.368	7.547E-01	7.236E-01	2.826E-01	1.026E-01	114
egfr-bridge-id85	6id1-assembly1_J	0.159	113	145	568	0.779	0.199	6.795E-01	5.551E-01	1.711E-01	6.549E-02	114
egfr-bridge-id85	4u04-assembly1_B	0.242	107	145	324	0.710	0.330	6.951E-01	5.048E-01	2.381E-01	3.782E-02	113
egfr-bridge-id85	1hz4-assembly1_A	0.168	113	145	366	0.683	0.309	8.759E-01	6.116E-01	2.544E-01	1.868E-01	113
egfr-bridge-id85	6ait-assembly1_F	0.140	157	145	406	0.966	0.384	7.082E-01	6.816E-01	2.640E-01	6.230E-02	113
egfr-bridge-id85	8h3a-assembly1_A	0.127	172	145	412	0.979	0.413	6.341E-01	6.192E-01	2.509E-01	3.256E-02	113
egfr-bridge-id85	8rbk-assembly1_A	0.195	123	145	738	0.793	0.161	5.672E-01	4.804E-01	1.258E-01	1.142E-02	113
egfr-bridge-id85	8g53-assembly1_A	0.161	149	145	184	0.903	0.793	7.103E-01	6.473E-01	5.256E-01	5.364E-02	112
egfr-bridge-id85	8h77-assembly1_F	0.205	136	145	310	0.814	0.429	7.212E-01	6.012E-01	3.060E-01	5.364E-02	112
egfr-bridge-id85	4u0s-assembly1_A	0.237	97	145	323	0.641	0.300	7.233E-01	4.798E-01	2.267E-01	4.854E-02	112
egfr-bridge-id85	7b9v-assembly1_S	0.109	137	145	549	0.945	0.240	6.083E-01	5.625E-01	1.869E-01	4.618E-02	112
egfr-bridge-id85	8gl8-assembly1_I	0.182	164	145	624	0.779	0.256	6.171E-01	4.850E-01	1.374E-01	2.947E-02	112
egfr-bridge-id85	7fik-assembly1_N	0.189	132	145	701	0.903	0.177	5.954E-01	5.275E-01	1.387E-01	2.947E-02	112
egfr-bridge-id85	8h6l-assembly1_4G	0.173	138	145	801	0.862	0.167	6.073E-01	5.365E-01	1.232E-01	2.078E-02	112
egfr-bridge-id85	6evp-assembly1_A	0.188	90	145	94	0.572	0.957	8.343E-01	5.022E-01	7.403E-01	1.384E-01	111
egfr-bridge-id85	5xi8-assembly1_A	0.148	155	145	175	0.924	0.880	6.987E-01	6.475E-01	5.479E-01	6.230E-02	111
egfr-bridge-id85	6z3w-assembly1_B	0.228	140	145	263	0.945	0.517	6.343E-01	6.010E-01	3.751E-01	3.423E-02	111
egfr-bridge-id85	4u04-assembly1_A	0.240	104	145	315	0.690	0.330	6.889E-01	4.861E-01	2.352E-01	3.976E-02	111
egfr-bridge-id85	6yxy-assembly1_BE	0.164	128	145	407	0.814	0.305	7.559E-01	6.284E-01	2.479E-01	8.835E-02	111
egfr-bridge-id85	6ait-assembly1_D	0.146	157	145	416	0.966	0.375	6.876E-01	6.623E-01	2.535E-01	5.364E-02	111
egfr-bridge-id85	6ppl-assembly1_B	0.140	149	145	665	0.972	0.212	6.727E-01	6.531E-01	1.743E-01	4.854E-02	111
egfr-bridge-id85	7fik-assembly1_K	0.161	130	145	697	0.890	0.179	6.111E-01	5.417E-01	1.415E-01	4.179E-02	111
egfr-bridge-id85	6qx9-assembly1_5J	0.166	138	145	803	0.862	0.167	6.287E-01	5.554E-01	1.248E-01	3.423E-02	111
egfr-bridge-id85	7qij-assembly1_HC	0.154	97	145	102	0.669	0.941	8.697E-01	5.933E-01	8.165E-01	1.690E-01	110
egfr-bridge-id85	7qij-assembly2_OC	0.144	104	145	108	0.717	0.963	8.630E-01	6.361E-01	8.278E-01	2.064E-01	110
egfr-bridge-id85	4bt8-assembly1_A	0.237	122	145	222	0.724	0.541	7.348E-01	5.483E-01	3.738E-01	1.026E-01	110
egfr-bridge-id85	4abn-assembly1_A	0.196	163	145	422	0.759	0.384	5.757E-01	4.432E-01	1.813E-01	1.880E-02	110
egfr-bridge-id85	9dtr-assembly1_S	0.178	157	145	604	0.972	0.252	5.136E-01	5.028E-01	1.605E-01	9.828E-03	110
egfr-bridge-id85	8h6e-assembly1_4G	0.143	167	145	794	0.855	0.210	5.484E-01	4.764E-01	1.083E-01	1.326E-02	110
egfr-bridge-id85	8rm5-assembly1_N	0.177	118	145	834	0.814	0.138	7.096E-01	5.858E-01	1.246E-01	6.884E-02	110
egfr-bridge-id85	3q5m-assembly1_A	0.153	130	145	210	0.800	0.605	7.677E-01	6.263E-01	4.509E-01	1.134E-01	109
egfr-bridge-id85	8qpb-assembly1_N	0.134	134	145	457	0.924	0.269	6.819E-01	5.952E-01	2.241E-01	8.835E-02	109
egfr-bridge-id85	4hot-assembly1_A	0.153	221	145	476	0.945	0.456	4.712E-01	4.432E-01	1.449E-01	9.828E-03	109
egfr-bridge-id85	7tbl-assembly1_c1	0.159	188	145	742	0.890	0.253	4.200E-01	3.735E-01	9.084E-02	2.822E-03	109
egfr-bridge-id85	7tbm-assembly1_c1	0.164	189	145	743	0.890	0.254	4.103E-01	3.643E-01	9.147E-02	2.430E-03	109
egfr-bridge-id85	6o07-assembly1_A	0.125	151	145	763	0.959	0.195	6.280E-01	6.025E-01	1.493E-01	4.854E-02	109
egfr-bridge-id85	9hmf-assembly1_K	0.183	142	145	773	0.897	0.181	6.715E-01	6.140E-01	1.460E-01	4.854E-02	109
egfr-bridge-id85	8rot-assembly1_B	0.151	152	145	897	0.924	0.154	6.954E-01	6.459E-01	1.227E-01	9.762E-02	109
egfr-bridge-id85	4jt6-assembly2_A	0.184	125	145	1054	0.841	0.115	7.679E-01	6.532E-01	1.052E-01	1.134E-01	109
egfr-bridge-id85	5wby-assembly1_B	0.184	125	145	1058	0.841	0.114	7.692E-01	6.543E-01	1.049E-01	1.079E-01	109
egfr-bridge-id85	4h7y-assembly4_D	0.191	136	145	138	0.841	0.935	7.318E-01	6.285E-01	6.542E-01	7.996E-02	108
egfr-bridge-id85	6lk8-assembly1_U	0.134	134	145	173	0.910	0.711	5.995E-01	5.238E-01	4.567E-01	4.393E-02	108
egfr-bridge-id85	7am2-assembly1_BQ	0.171	134	145	413	0.828	0.315	7.602E-01	6.423E-01	2.510E-01	7.996E-02	108
egfr-bridge-id85	8bpo-assembly1_t2	0.162	185	145	418	0.903	0.431	5.700E-01	5.166E-01	2.043E-01	2.947E-02	108
egfr-bridge-id85	8i0v-assembly1_J	0.146	143	145	563	0.945	0.247	5.944E-01	5.653E-01	1.857E-01	4.393E-02	108
egfr-bridge-id85	5zwo-assembly1_N	0.218	110	145	725	0.759	0.152	7.507E-01	5.930E-01	1.392E-01	1.026E-01	108
egfr-bridge-id85	3kae-assembly2_B	0.192	104	145	231	0.710	0.394	7.915E-01	5.159E-01	3.364E-01	9.287E-02	107
egfr-bridge-id85	4nq0-assembly1_A	0.125	239	145	254	0.972	0.941	6.768E-01	6.554E-01	4.023E-01	6.884E-02	107
egfr-bridge-id85	3jcm-assembly1_G	0.218	110	145	734	0.759	0.150	7.593E-01	5.991E-01	1.382E-01	1.026E-01	107
egfr-bridge-id85	6ait-assembly1_B	0.138	159	145	418	0.966	0.373	6.612E-01	6.371E-01	2.450E-01	6.230E-02	106
egfr-bridge-id85	3jbz-assembly1_A	0.156	153	145	960	0.979	0.155	6.813E-01	6.653E-01	1.248E-01	8.835E-02	106
egfr-bridge-id85	8bwc-assembly1_D	0.147	142	145	218	0.800	0.638	7.695E-01	6.283E-01	4.362E-01	1.608E-01	105
egfr-bridge-id85	5jj6-assembly3_B	0.240	108	145	333	0.669	0.324	6.392E-01	4.442E-01	2.095E-01	3.423E-02	105
egfr-bridge-id85	6ait-assembly1_C	0.138	159	145	415	0.966	0.376	6.756E-01	6.510E-01	2.501E-01	7.606E-02	105
egfr-bridge-id85	8fy4-assembly1_B	0.138	123	145	551	0.828	0.220	6.845E-01	5.855E-01	1.851E-01	9.287E-02	105
egfr-bridge-id85	8h6j-assembly1_4G	0.143	167	145	784	0.855	0.213	5.484E-01	4.764E-01	1.095E-01	2.078E-02	105
egfr-bridge-id85	6hd7-assembly1_t	0.190	152	145	838	0.931	0.172	5.816E-01	5.445E-01	1.189E-01	3.598E-02	105
egfr-bridge-id85	4u0z-assembly3_B	0.226	97	145	326	0.669	0.298	7.580E-01	5.207E-01	2.442E-01	1.455E-01	104
egfr-bridge-id85	7msp-assembly2_B	0.180	105	145	333	0.683	0.303	7.334E-01	5.245E-01	2.491E-01	1.079E-01	104
egfr-bridge-id85	5w5h-assembly1_C	0.168	190	145	446	0.848	0.424	4.319E-01	3.703E-01	1.652E-01	7.285E-03	104
egfr-bridge-id85	7mxb-assembly1_A	0.126	95	145	672	0.641	0.141	8.305E-01	5.557E-01	1.316E-01	1.690E-01	104
egfr-bridge-id85	4u0z-assembly7_D	0.252	99	145	325	0.655	0.305	7.479E-01	5.038E-01	2.367E-01	1.317E-01	103
egfr-bridge-id85	6ait-assembly1_E	0.140	157	145	410	0.966	0.380	7.078E-01	6.814E-01	2.612E-01	1.253E-01	103
egfr-bridge-id85	6ait-assembly1_A	0.141	156	145	418	0.959	0.371	6.842E-01	6.549E-01	2.501E-01	9.762E-02	103
egfr-bridge-id85	6g70-assembly1_B	0.145	117	145	510	0.766	0.229	6.421E-01	5.208E-01	1.813E-01	7.236E-02	103
egfr-bridge-id85	6evl-assembly1_A	0.188	90	145	94	0.572	0.957	8.253E-01	4.986E-01	7.353E-01	2.649E-01	102
egfr-bridge-id85	6x9o-assembly1_B	0.174	155	145	244	0.828	0.635	7.031E-01	5.995E-01	3.882E-01	1.608E-01	102
egfr-bridge-id85	3mkr-assembly1_A	0.108	138	145	291	0.841	0.474	6.209E-01	5.342E-01	2.916E-01	6.230E-02	102
egfr-bridge-id85	4u07-assembly1_A	0.237	97	145	323	0.641	0.300	7.233E-01	4.768E-01	2.264E-01	1.026E-01	102
egfr-bridge-id85	4gpk-assembly2_H	0.183	191	145	343	0.952	0.539	4.913E-01	4.667E-01	2.172E-01	1.142E-02	102
egfr-bridge-id85	4d18-assembly2_J	0.169	130	145	403	0.841	0.323	7.209E-01	6.208E-01	2.559E-01	1.690E-01	102
egfr-bridge-id85	8bd7-assembly1_H	0.241	149	145	539	0.924	0.276	5.799E-01	5.384E-01	1.647E-01	4.179E-02	102
egfr-bridge-id85	8jau-assembly1_A	0.147	169	145	571	0.834	0.291	6.954E-01	5.890E-01	1.685E-01	9.762E-02	102
egfr-bridge-id85	8ro1-assembly1_I	0.147	169	145	747	0.897	0.222	6.013E-01	5.486E-01	1.343E-01	6.230E-02	102
egfr-bridge-id85	8q7n-assembly1_N	0.150	120	145	791	0.807	0.139	6.351E-01	5.101E-01	1.179E-01	9.287E-02	102
egfr-bridge-id85	4gpk-assembly3_K	0.189	174	145	340	0.972	0.494	6.170E-01	5.989E-01	2.881E-01	6.549E-02	101
egfr-bridge-id85	6o9o-assembly1_A	0.127	157	145	426	0.952	0.338	5.783E-01	5.524E-01	2.213E-01	6.230E-02	101
egfr-bridge-id85	8bd7-assembly1_K	0.201	169	145	619	0.972	0.267	4.810E-01	4.672E-01	1.524E-01	1.880E-02	101
egfr-bridge-id85	9fmd-assembly1_I	0.193	124	145	727	0.786	0.168	6.516E-01	5.369E-01	1.331E-01	9.762E-02	101
egfr-bridge-id85	6lys-assembly1_D	0.153	137	145	208	0.834	0.644	7.353E-01	6.260E-01	4.584E-01	1.777E-01	100
egfr-bridge-id85	8w15-assembly1_B	0.164	164	145	279	0.903	0.577	5.910E-01	5.404E-01	3.209E-01	5.638E-02	100
egfr-bridge-id85	6yxx-assembly1_BE	0.162	135	145	357	0.834	0.367	7.450E-01	6.324E-01	2.845E-01	1.530E-01	100
egfr-bridge-id85	6sar-assembly1_A	0.144	152	145	392	0.952	0.385	6.824E-01	6.489E-01	2.630E-01	1.253E-01	100
egfr-bridge-id85	6paf-assembly1_A	0.123	162	145	423	0.952	0.340	5.650E-01	5.393E-01	2.173E-01	5.364E-02	100
egfr-bridge-id85	5a5b-assembly1_Q	0.125	127	145	431	0.779	0.295	7.377E-01	5.942E-01	2.266E-01	1.384E-01	100
egfr-bridge-id85	8fy3-assembly1_B	0.142	126	145	524	0.821	0.237	6.901E-01	5.864E-01	1.933E-01	1.384E-01	100
egfr-bridge-id85	5jjx-assembly1_A	0.140	128	145	299	0.828	0.425	6.324E-01	5.438E-01	3.030E-01	9.762E-02	99
egfr-bridge-id85	4u0u-assembly1_A	0.235	102	145	334	0.676	0.305	6.937E-01	4.789E-01	2.200E-01	1.079E-01	99
egfr-bridge-id85	2ff4-assembly1_A	0.147	156	145	379	0.800	0.412	7.153E-01	5.807E-01	2.361E-01	1.192E-01	99
egfr-bridge-id85	8ruy-assembly1_f	0.279	118	145	538	0.814	0.212	6.897E-01	5.682E-01	1.838E-01	1.192E-01	99
egfr-bridge-id85	4apo-assembly2_B	0.200	135	145	154	0.786	0.864	6.636E-01	5.307E-01	5.026E-01	8.405E-02	98
egfr-bridge-id85	6lyr-assembly1_D	0.152	138	145	208	0.834	0.649	7.283E-01	6.194E-01	4.547E-01	2.064E-01	98
egfr-bridge-id85	6sn0-assembly1_D	0.140	142	145	218	0.800	0.638	7.444E-01	6.117E-01	4.268E-01	2.170E-01	98
egfr-bridge-id85	5bt1-assembly1_A	0.218	133	145	244	0.717	0.541	6.730E-01	5.068E-01	3.233E-01	9.287E-02	98
egfr-bridge-id85	5bt1-assembly1_B	0.195	133	145	249	0.717	0.530	6.717E-01	5.081E-01	3.190E-01	9.762E-02	98
egfr-bridge-id85	4fsc-assembly1_A	0.202	163	145	264	0.972	0.561	6.649E-01	6.464E-01	3.863E-01	9.762E-02	98
egfr-bridge-id85	7naz-assembly1_A	0.145	144	145	281	0.938	0.491	7.217E-01	6.790E-01	3.818E-01	2.170E-01	98
egfr-bridge-id85	7aoi-assembly1_BE	0.186	129	145	401	0.821	0.304	7.452E-01	6.213E-01	2.466E-01	2.064E-01	98
egfr-bridge-id85	1zu2-assembly1_A	0.170	147	145	158	0.945	0.759	4.714E-01	3.941E-01	3.666E-01	1.465E-02	97
egfr-bridge-id85	3esl-assembly1_A	0.091	164	145	195	0.972	0.815	6.361E-01	6.188E-01	4.864E-01	1.079E-01	97
egfr-bridge-id85	3esl-assembly2_B	0.098	163	145	202	0.966	0.782	6.493E-01	6.275E-01	4.786E-01	1.134E-01	97
egfr-bridge-id85	7dvq-assembly1_J	0.169	124	145	522	0.828	0.238	6.293E-01	5.411E-01	1.834E-01	1.079E-01	97
egfr-bridge-id85	4y49-assembly2_G	0.150	106	145	770	0.731	0.132	7.075E-01	5.300E-01	1.193E-01	1.608E-01	96
egfr-bridge-id85	7qij-assembly1_CC	0.150	100	145	108	0.690	0.917	8.692E-01	6.114E-01	7.975E-01	5.600E-01	95
egfr-bridge-id85	2if4-assembly1_A	0.247	97	145	258	0.621	0.364	6.688E-01	4.263E-01	2.481E-01	9.762E-02	95
egfr-bridge-id85	4fsc-assembly2_B	0.196	163	145	264	0.972	0.561	6.554E-01	6.364E-01	3.817E-01	1.134E-01	95
egfr-bridge-id85	5zyp-assembly1_A	0.188	154	145	340	0.917	0.453	6.245E-01	5.822E-01	2.906E-01	6.549E-02	95
egfr-bridge-id85	3zhe-assembly2_D	0.120	158	145	387	0.800	0.401	5.264E-01	4.216E-01	1.797E-01	4.618E-02	95
egfr-bridge-id85	8bbg-assembly1_A	0.188	143	145	1342	0.869	0.099	5.710E-01	5.041E-01	7.001E-02	7.606E-02	95
egfr-bridge-id85	8sxh-assembly1_C	0.136	95	145	108	0.655	0.870	6.233E-01	4.473E-01	5.582E-01	1.253E-01	94
egfr-bridge-id85	2lsu-assembly1_A	0.209	86	145	110	0.579	0.782	7.510E-01	4.646E-01	5.908E-01	2.281E-01	94
egfr-bridge-id85	8adg-assembly1_D	0.158	126	145	209	0.779	0.603	6.945E-01	5.669E-01	4.210E-01	1.690E-01	94
egfr-bridge-id85	5jj7-assembly1_B	0.258	85	145	330	0.559	0.258	6.710E-01	3.895E-01	1.807E-01	1.026E-01	94
egfr-bridge-id85	6hix-assembly1_BE	0.186	150	145	392	0.897	0.365	6.959E-01	6.281E-01	2.571E-01	1.608E-01	94
egfr-bridge-id85	7msn-assembly1_B	0.144	125	145	416	0.800	0.298	7.610E-01	6.196E-01	2.327E-01	3.234E-01	94
egfr-bridge-id85	5ylz-assembly1_I	0.125	152	145	517	0.945	0.294	5.592E-01	5.322E-01	1.852E-01	8.405E-02	94
egfr-bridge-id85	6j6g-assembly1_d	0.125	152	145	566	0.966	0.269	5.581E-01	5.400E-01	1.731E-01	1.026E-01	94
egfr-bridge-id85	7fik-assembly1_L	0.148	141	145	679	0.972	0.181	5.543E-01	4.865E-01	1.386E-01	7.996E-02	94
egfr-bridge-id85	7wb4-assembly1_E	0.132	121	145	1363	0.683	0.088	6.081E-01	4.494E-01	6.306E-02	8.835E-02	94
egfr-bridge-id85	2kc7-assembly1_A	0.290	93	145	99	0.600	0.879	6.766E-01	4.184E-01	5.951E-01	2.397E-01	93
egfr-bridge-id85	2kck-assembly1_A	0.201	119	145	112	0.807	0.884	6.930E-01	4.870E-01	6.150E-01	1.253E-01	93
egfr-bridge-id85	4u0z-assembly2_G-3	0.221	95	145	322	0.655	0.295	7.535E-01	5.080E-01	2.412E-01	3.077E-01	93
egfr-bridge-id85	5efr-assembly1_A	0.184	173	145	403	0.986	0.419	4.855E-01	4.768E-01	1.911E-01	5.102E-02	93
egfr-bridge-id85	3qww-assembly1_A	0.120	133	145	430	0.779	0.309	7.052E-01	5.724E-01	2.220E-01	2.064E-01	93
egfr-bridge-id85	7mxb-assembly2_B	0.129	131	145	655	0.821	0.200	7.398E-01	6.189E-01	1.556E-01	2.281E-01	93
egfr-bridge-id85	4y49-assembly3_M	0.175	148	145	769	0.917	0.186	6.323E-01	5.854E-01	1.344E-01	1.317E-01	93
egfr-bridge-id85	8r0a-assembly1_N	0.114	175	145	792	0.890	0.221	3.950E-01	3.539E-01	1.051E-01	1.033E-02	93
egfr-bridge-id85	5wby-assembly2_A	0.184	125	145	1052	0.841	0.115	7.708E-01	6.557E-01	1.055E-01	3.574E-01	93
egfr-bridge-id85	7msn-assembly1_A	0.186	107	145	417	0.697	0.247	7.298E-01	5.339E-01	2.070E-01	2.649E-01	92
egfr-bridge-id85	6epf-assembly1_Q	0.184	152	145	422	0.931	0.360	6.640E-01	6.255E-01	2.613E-01	2.281E-01	92
egfr-bridge-id85	7bj1-assembly1_A	0.119	167	145	426	0.986	0.333	5.342E-01	5.222E-01	2.096E-01	8.405E-02	92
egfr-bridge-id85	1ya0-assembly1_A	0.165	121	145	458	0.800	0.253	5.402E-01	4.374E-01	1.527E-01	7.236E-02	92
egfr-bridge-id85	8ro2-assembly1_J	0.128	148	145	561	0.979	0.260	4.960E-01	4.855E-01	1.727E-01	5.638E-02	92
egfr-bridge-id85	3ffl-assembly2_D	0.160	100	145	123	0.600	0.813	8.277E-01	5.182E-01	6.019E-01	4.821E-01	91
egfr-bridge-id85	6lk8-assembly1_S	0.124	137	145	169	0.945	0.722	5.182E-01	4.494E-01	3.960E-01	6.884E-02	91
egfr-bridge-id85	8i0p-assembly1_J	0.130	138	145	249	0.903	0.534	6.255E-01	5.758E-01	3.703E-01	1.455E-01	91
egfr-bridge-id85	3j97-assembly1_H	0.142	147	145	286	0.779	0.514	5.341E-01	4.310E-01	2.444E-01	6.884E-02	91
egfr-bridge-id85	6i7k-assembly1_A	0.245	110	145	333	0.731	0.315	5.784E-01	4.227E-01	1.926E-01	7.236E-02	91
egfr-bridge-id85	3j8c-assembly1_E	0.160	131	145	384	0.786	0.339	7.696E-01	6.226E-01	2.602E-01	4.151E-01	91
egfr-bridge-id85	4in3-assembly1_D	0.151	132	145	632	0.779	0.199	7.610E-01	6.080E-01	1.553E-01	3.949E-01	91
egfr-bridge-id85	8c6j-assembly1_T	0.188	143	145	689	0.869	0.197	6.151E-01	5.456E-01	1.400E-01	1.317E-01	91
egfr-bridge-id85	8gix-assembly1_E	0.119	193	145	991	0.807	0.193	7.111E-01	5.924E-01	1.051E-01	2.785E-01	91
egfr-bridge-id85	3ffl-assembly2_B	0.159	132	145	126	0.807	0.976	7.165E-01	5.896E-01	6.670E-01	3.400E-01	90
egfr-bridge-id85	5xy9-assembly1_A	0.130	168	145	232	0.979	0.724	5.251E-01	5.119E-01	3.426E-01	5.927E-02	90
egfr-bridge-id85	8gh2-assembly1_E	0.192	125	145	258	0.759	0.461	6.984E-01	5.419E-01	3.207E-01	2.649E-01	90
egfr-bridge-id85	4gtv-assembly1_A	0.188	117	145	307	0.717	0.381	6.548E-01	5.011E-01	2.669E-01	2.281E-01	90
egfr-bridge-id85	3txn-assembly1_A	0.129	155	145	353	0.959	0.422	7.174E-01	6.883E-01	3.171E-01	3.757E-01	90
egfr-bridge-id85	6p6k-assembly1_A	0.121	164	145	424	0.952	0.340	5.494E-01	5.255E-01	2.110E-01	9.762E-02	90
egfr-bridge-id85	3jb9-assembly1_R	0.108	185	145	575	0.959	0.320	4.877E-01	4.683E-01	1.423E-01	5.364E-02	90
egfr-bridge-id85	4wjw-assembly1_B	0.096	135	145	673	0.772	0.196	7.068E-01	5.623E-01	1.397E-01	2.649E-01	90
egfr-bridge-id85	3rjv-assembly1_A	0.193	119	145	208	0.710	0.553	6.413E-01	4.686E-01	3.380E-01	1.455E-01	89
egfr-bridge-id85	7tt1-assembly1_D	0.137	145	145	213	0.821	0.667	7.332E-01	6.150E-01	4.390E-01	3.574E-01	89
egfr-bridge-id85	7d5t-assembly1_B6	0.144	166	145	377	0.910	0.440	5.236E-01	4.856E-01	2.284E-01	4.618E-02	89
egfr-bridge-id85	6bk8-assembly1_T	0.125	184	145	483	0.959	0.381	4.778E-01	4.580E-01	1.579E-01	5.364E-02	89
egfr-bridge-id85	8xwx-assembly1_C	0.168	113	145	117	0.724	0.949	7.567E-01	5.675E-01	6.844E-01	5.600E-01	88
egfr-bridge-id85	6sn7-assembly1_D	0.137	145	145	218	0.821	0.651	7.471E-01	6.244E-01	4.361E-01	4.821E-01	88
egfr-bridge-id85	5a1v-assembly1_Q	0.115	138	145	292	0.841	0.473	6.263E-01	5.383E-01	2.924E-01	2.170E-01	88
egfr-bridge-id85	4u0z-assembly1_A-2	0.242	107	145	322	0.710	0.332	6.939E-01	5.019E-01	2.388E-01	2.649E-01	88
egfr-bridge-id85	3dpy-assembly1_A	0.147	136	145	323	0.924	0.421	4.465E-01	4.208E-01	2.407E-01	5.927E-02	88
egfr-bridge-id85	5gjq-assembly1_Q	0.166	156	145	421	0.959	0.371	7.295E-01	7.011E-01	2.799E-01	4.587E-01	88
egfr-bridge-id85	4y49-assembly1_A	0.157	121	145	769	0.683	0.157	7.382E-01	5.226E-01	1.114E-01	3.757E-01	88
egfr-bridge-id85	7qij-assembly2_JC	0.152	105	145	109	0.724	0.963	8.196E-01	6.150E-01	7.879E-01	7.188E-01	87
egfr-bridge-id85	2lsv-assembly1_A	0.217	92	145	110	0.593	0.800	7.226E-01	4.457E-01	5.733E-01	3.077E-01	87
egfr-bridge-id85	1nzn-assembly1_A	0.171	111	145	122	0.731	0.910	8.408E-01	6.285E-01	7.350E-01	9.225E-01	87
egfr-bridge-id85	4hou-assembly2_B	0.192	140	145	242	0.821	0.558	5.628E-01	4.727E-01	3.064E-01	1.026E-01	87
egfr-bridge-id85	4uqy-assembly1_A	0.165	127	145	257	0.772	0.490	6.016E-01	4.724E-01	2.771E-01	1.963E-01	87
egfr-bridge-id85	3e37-assembly1_A	0.134	156	145	315	0.903	0.495	4.364E-01	4.041E-01	2.314E-01	4.179E-02	87
egfr-bridge-id85	5oql-assembly1_E	0.141	127	145	331	0.876	0.360	5.719E-01	4.868E-01	2.438E-01	1.134E-01	87
egfr-bridge-id85	5l9u-assembly1_X	0.184	179	145	380	0.972	0.453	4.266E-01	4.151E-01	2.037E-01	2.184E-02	87
egfr-bridge-id85	2yhc-assembly1_A	0.156	128	145	209	0.800	0.598	7.234E-01	5.907E-01	4.310E-01	3.574E-01	86
egfr-bridge-id85	9gck-assembly1_B	0.198	131	145	294	0.752	0.435	7.393E-01	5.778E-01	3.058E-01	4.587E-01	86
egfr-bridge-id85	6p7z-assembly1_A	0.122	172	145	425	0.993	0.346	4.948E-01	4.893E-01	2.024E-01	7.606E-02	86
egfr-bridge-id85	4eba-assembly2_D	0.101	128	145	551	0.772	0.232	6.071E-01	4.901E-01	1.535E-01	1.530E-01	86
egfr-bridge-id85	8bfi-assembly1_B	0.141	205	145	574	0.834	0.357	6.914E-01	5.881E-01	1.741E-01	3.949E-01	86
egfr-bridge-id85	3k9i-assembly1_A-2	0.194	108	145	110	0.676	0.918	6.908E-01	4.889E-01	6.225E-01	2.927E-01	85
egfr-bridge-id85	4b94-assembly3_C	0.205	146	145	137	0.952	0.927	6.489E-01	5.751E-01	6.043E-01	2.281E-01	85
egfr-bridge-id85	3zhe-assembly1_B	0.129	193	145	390	0.800	0.495	5.216E-01	4.162E-01	1.571E-01	7.606E-02	85
egfr-bridge-id85	4q66-assembly1_B	0.156	128	145	507	0.800	0.243	7.790E-01	6.347E-01	1.992E-01	6.505E-01	85
egfr-bridge-id85	5gmk-assembly1_d	0.111	152	145	549	0.945	0.277	5.669E-01	5.396E-01	1.783E-01	2.170E-01	85
egfr-bridge-id85	4q66-assembly1_E	0.162	129	145	557	0.800	0.226	8.042E-01	6.552E-01	1.883E-01	7.555E-01	85
egfr-bridge-id85	6pw9-assembly1_B	0.196	127	145	665	0.828	0.188	6.632E-01	5.631E-01	1.492E-01	3.234E-01	85
egfr-bridge-id85	5a31-assembly1_O	0.150	133	145	685	0.834	0.191	7.448E-01	6.349E-01	1.569E-01	6.188E-01	85
egfr-bridge-id85	4ui9-assembly1_O	0.150	133	145	685	0.834	0.191	7.448E-01	6.349E-01	1.569E-01	6.188E-01	85
egfr-bridge-id85	3mkq-assembly1_E	0.181	160	145	810	0.924	0.186	3.609E-01	3.334E-01	7.738E-02	2.078E-02	85
egfr-bridge-id85	5wft-assembly1_A	0.138	94	145	118	0.648	0.788	6.551E-01	4.595E-01	5.428E-01	3.234E-01	84
egfr-bridge-id85	3si5-assembly2_B	0.145	131	145	149	0.800	0.819	6.779E-01	5.581E-01	5.453E-01	2.397E-01	84
egfr-bridge-id85	7zy4-assembly1_A	0.136	169	145	305	0.959	0.554	5.000E-01	4.825E-01	2.680E-01	1.192E-01	84
egfr-bridge-id85	4cr2-assembly1_P	0.144	125	145	415	0.772	0.299	7.659E-01	6.132E-01	2.399E-01	4.363E-01	84
egfr-bridge-id85	5ctq-assembly2_C	0.148	162	145	495	0.910	0.323	5.577E-01	5.139E-01	1.842E-01	1.253E-01	84
egfr-bridge-id85	6ah0-assembly1_N	0.140	142	145	579	0.910	0.238	5.794E-01	5.355E-01	1.645E-01	1.868E-01	84
egfr-bridge-id85	8xwx-assembly1_B	0.168	113	145	119	0.717	0.950	7.798E-01	5.773E-01	6.876E-01	9.697E-01	83
egfr-bridge-id85	1iyg-assembly1_A	0.155	109	145	133	0.717	0.820	8.541E-01	6.257E-01	6.773E-01	1.184E+00	83
egfr-bridge-id85	3zn3-assembly1_A-2	0.154	142	145	246	0.959	0.528	5.796E-01	5.332E-01	3.583E-01	2.785E-01	83
egfr-bridge-id85	6xss-assembly1_A	0.315	114	145	260	0.786	0.404	7.205E-01	5.247E-01	2.995E-01	5.600E-01	83
egfr-bridge-id85	3pz1-assembly1_A	0.182	115	145	305	0.717	0.377	6.568E-01	5.010E-01	2.677E-01	4.151E-01	83
egfr-bridge-id85	6g70-assembly1_A	0.145	117	145	509	0.766	0.230	6.385E-01	5.179E-01	1.813E-01	3.574E-01	83
egfr-bridge-id85	4rea-assembly1_A	0.104	153	145	590	0.841	0.253	7.583E-01	6.498E-01	1.823E-01	6.188E-01	83
egfr-bridge-id85	8fgw-assembly1_E	0.171	163	145	603	0.924	0.255	3.607E-01	3.373E-01	1.184E-01	2.296E-02	83
egfr-bridge-id85	7som-assembly1_I	0.173	138	145	993	0.814	0.139	6.425E-01	5.394E-01	9.639E-02	2.281E-01	83
egfr-bridge-id85	8bbf-assembly1_B	0.169	165	145	1099	0.938	0.142	3.542E-01	3.374E-01	7.238E-02	2.296E-02	83
egfr-bridge-id85	4hou-assembly1_A	0.182	137	145	261	0.779	0.525	5.952E-01	4.756E-01	2.849E-01	2.397E-01	82
egfr-bridge-id85	8g52-assembly2_B	0.200	145	145	279	0.828	0.502	6.184E-01	5.297E-01	3.103E-01	3.077E-01	82
egfr-bridge-id85	5wlc-assembly1_LP	0.164	134	145	359	0.786	0.373	5.664E-01	4.705E-01	2.266E-01	1.192E-01	82
egfr-bridge-id85	6cby-assembly2_B	0.135	133	145	422	0.779	0.315	6.959E-01	5.656E-01	2.251E-01	4.587E-01	82
egfr-bridge-id85	2pzi-assembly2_B	0.147	170	145	644	0.952	0.259	6.325E-01	6.016E-01	1.618E-01	3.757E-01	82
egfr-bridge-id85	7stx-assembly1_B	0.193	145	145	914	0.814	0.158	5.942E-01	5.014E-01	1.047E-01	1.868E-01	82
egfr-bridge-id85	8sxe-assembly1_C	0.114	131	145	140	0.821	0.907	5.244E-01	4.492E-01	4.598E-01	1.777E-01	81
egfr-bridge-id85	1zbp-assembly1_A	0.177	124	145	266	0.752	0.459	6.353E-01	4.849E-01	2.738E-01	3.234E-01	81
egfr-bridge-id85	5ic8-assembly5_A	0.140	121	145	284	0.834	0.380	6.137E-01	4.819E-01	2.761E-01	3.234E-01	81
egfr-bridge-id85	3hxe-assembly1_A	0.184	119	145	306	0.717	0.389	6.562E-01	5.010E-01	2.675E-01	4.587E-01	81
egfr-bridge-id85	2ond-assembly1_B	0.159	157	145	308	0.876	0.510	4.890E-01	4.360E-01	2.321E-01	8.405E-02	81
egfr-bridge-id85	3ly8-assembly1_A-2	0.177	118	145	323	0.745	0.362	6.541E-01	5.152E-01	2.640E-01	3.574E-01	81
egfr-bridge-id85	6ahd-assembly1_N	0.169	142	145	781	0.890	0.181	6.930E-01	6.233E-01	1.377E-01	4.821E-01	81
egfr-bridge-id85	5lqw-assembly1_R	0.114	184	145	219	0.959	0.840	4.810E-01	4.624E-01	3.302E-01	1.253E-01	80
egfr-bridge-id85	3ksl-assembly1_A	0.126	158	145	315	0.917	0.502	4.159E-01	3.908E-01	2.294E-01	5.927E-02	80
egfr-bridge-id85	4o6f-assembly1_A	0.129	155	145	430	0.917	0.330	5.557E-01	5.154E-01	2.037E-01	2.281E-01	80
egfr-bridge-id85	6vp9-assembly1_B	0.184	141	145	914	0.786	0.153	6.110E-01	5.022E-01	1.033E-01	2.520E-01	80
egfr-bridge-id85	8g0l-assembly1_B	0.168	113	145	925	0.759	0.119	5.685E-01	4.623E-01	9.899E-02	2.064E-01	80
egfr-bridge-id85	4bta-assembly1_B	0.224	107	145	211	0.676	0.488	7.088E-01	4.939E-01	3.506E-01	6.838E-01	79
egfr-bridge-id85	7exe-assembly1_A	0.149	167	145	223	0.986	0.744	4.623E-01	4.541E-01	3.228E-01	6.549E-02	79
egfr-bridge-id85	7d8p-assembly1_B	0.119	168	145	229	0.979	0.734	4.992E-01	4.872E-01	3.345E-01	1.079E-01	79
egfr-bridge-id85	3tg5-assembly1_A	0.130	130	145	425	0.779	0.306	7.338E-01	5.942E-01	2.307E-01	8.349E-01	79
egfr-bridge-id85	4q66-assembly2_K	0.164	128	145	593	0.800	0.211	7.612E-01	6.240E-01	1.734E-01	7.942E-01	79
egfr-bridge-id85	3qou-assembly1_A	0.132	151	145	282	0.800	0.525	4.420E-01	3.549E-01	1.891E-01	1.026E-01	78
egfr-bridge-id85	5jj6-assembly2_A	0.237	101	145	330	0.669	0.303	6.739E-01	4.750E-01	2.253E-01	4.587E-01	78
egfr-bridge-id85	3lew-assembly1_A	0.306	62	145	476	0.352	0.130	8.700E-01	3.288E-01	1.039E-01	9.697E-01	78
egfr-bridge-id85	7ryq-assembly1_B	0.167	137	145	527	0.821	0.258	6.419E-01	5.490E-01	1.840E-01	2.785E-01	78
egfr-bridge-id85	8f5p-assembly1_D	0.183	131	145	612	0.800	0.209	5.813E-01	4.779E-01	1.483E-01	1.868E-01	78
egfr-bridge-id85	6q6h-assembly1_O	0.160	168	145	703	0.966	0.238	7.263E-01	7.013E-01	1.744E-01	1.126E+00	78
egfr-bridge-id85	8gix-assembly1_D	0.119	193	145	750	0.807	0.255	6.810E-01	5.677E-01	1.322E-01	5.887E-01	78
egfr-bridge-id85	6bcu-assembly1_B	0.164	146	145	2204	0.938	0.064	6.776E-01	6.382E-01	5.434E-02	5.600E-01	78
egfr-bridge-id85	1pc2-assembly1_A	0.170	88	145	152	0.572	0.579	8.047E-01	4.882E-01	4.681E-01	9.697E-01	77
egfr-bridge-id85	5cwm-assembly1_A	0.171	187	145	226	0.979	0.792	3.958E-01	3.873E-01	2.739E-01	3.976E-02	77
egfr-bridge-id85	5jjw-assembly1_A	0.154	149	145	296	0.945	0.432	4.331E-01	3.895E-01	2.122E-01	7.236E-02	77
egfr-bridge-id85	3c72-assembly1_A	0.188	117	145	306	0.717	0.382	6.504E-01	4.972E-01	2.660E-01	5.887E-01	77
egfr-bridge-id85	4rec-assembly1_A	0.105	152	145	593	0.841	0.251	7.438E-01	6.355E-01	1.780E-01	7.942E-01	77
egfr-bridge-id85	8xi2-assembly1_I	0.170	141	145	661	0.924	0.200	6.113E-01	5.636E-01	1.556E-01	4.363E-01	77
egfr-bridge-id85	6e9t-assembly1_B	0.136	205	145	227	0.952	0.903	4.195E-01	4.008E-01	2.887E-01	5.638E-02	76
egfr-bridge-id85	8qtf-assembly1_B	0.111	171	145	238	0.966	0.718	5.641E-01	5.441E-01	3.531E-01	3.400E-01	76
egfr-bridge-id85	4u0z-assembly3_H	0.230	104	145	318	0.690	0.321	6.553E-01	4.630E-01	2.249E-01	4.587E-01	76
egfr-bridge-id85	7x9s-assembly1_A	0.187	128	145	404	0.786	0.300	7.704E-01	6.150E-01	2.391E-01	1.245E+00	76
egfr-bridge-id85	5z2c-assembly8_H	0.128	187	145	423	0.814	0.442	6.951E-01	5.721E-01	2.134E-01	7.188E-01	76
egfr-bridge-id85	6fvu-assembly1_Q	0.121	156	145	434	0.959	0.350	6.917E-01	6.632E-01	2.578E-01	8.776E-01	76
egfr-bridge-id85	5y88-assembly1_I	0.109	155	145	541	0.945	0.281	5.191E-01	4.925E-01	1.688E-01	3.077E-01	76
egfr-bridge-id85	8ruy-assembly1_G	0.187	160	145	619	0.910	0.252	5.273E-01	4.830E-01	1.536E-01	2.649E-01	76
egfr-bridge-id85	8rdj-assembly1_F	0.170	123	145	660	0.793	0.177	6.068E-01	5.046E-01	1.391E-01	4.151E-01	76
egfr-bridge-id85	7fik-assembly1_O	0.174	126	145	683	0.841	0.170	6.361E-01	5.249E-01	1.394E-01	4.821E-01	76
egfr-bridge-id85	3mkq-assembly1_C	0.167	167	145	811	0.972	0.186	3.389E-01	3.284E-01	7.600E-02	3.098E-02	76
egfr-bridge-id85	8hme-assembly1_E	0.146	178	145	1129	0.938	0.157	4.819E-01	4.525E-01	7.684E-02	1.455E-01	76
egfr-bridge-id85	7tdz-assembly1_a	0.125	168	145	1352	0.855	0.124	4.442E-01	3.857E-01	6.366E-02	9.762E-02	76
egfr-bridge-id85	6zwo-assembly1_B	0.116	120	145	1592	0.676	0.075	7.015E-01	4.900E-01	5.424E-02	6.188E-01	76
egfr-bridge-id85	9cnx-assembly1_D	0.149	134	145	211	0.779	0.621	7.121E-01	5.747E-01	4.136E-01	7.555E-01	75
egfr-bridge-id85	4e6h-assembly1_A-2	0.144	83	145	553	0.566	0.150	7.210E-01	4.460E-01	1.340E-01	8.349E-01	75
egfr-bridge-id85	9gaw-assembly1_O	0.113	176	145	699	0.945	0.252	4.983E-01	4.723E-01	1.195E-01	3.574E-01	75
egfr-bridge-id85	8rcn-assembly1_B	0.118	144	145	1521	0.690	0.095	6.111E-01	4.536E-01	5.758E-02	1.777E-01	75
egfr-bridge-id85	7peb-assembly1_A	0.126	166	145	2192	0.793	0.074	6.779E-01	5.539E-01	4.717E-02	5.600E-01	75
egfr-bridge-id85	4fj3-assembly1_A	0.117	170	145	220	0.966	0.759	4.380E-01	4.242E-01	3.051E-01	8.405E-02	74
egfr-bridge-id85	2c1n-assembly2_B	0.147	163	145	225	0.979	0.724	5.159E-01	5.038E-01	3.485E-01	2.170E-01	74
egfr-bridge-id85	8we2-assembly1_B	0.119	168	145	229	0.979	0.734	4.053E-01	3.975E-01	2.741E-01	6.230E-02	74
egfr-bridge-id85	5ic8-assembly5_D-2	0.153	117	145	259	0.807	0.402	5.972E-01	4.558E-01	2.810E-01	3.949E-01	74
egfr-bridge-id85	3ly9-assembly1_A-2	0.169	124	145	322	0.745	0.363	6.341E-01	4.932E-01	2.508E-01	7.188E-01	74
egfr-bridge-id85	4q66-assembly2_H	0.176	136	145	338	0.807	0.376	7.076E-01	5.832E-01	2.683E-01	7.942E-01	74
egfr-bridge-id85	4e85-assembly1_B	0.109	128	145	552	0.759	0.228	5.962E-01	4.729E-01	1.470E-01	3.757E-01	74
egfr-bridge-id85	8ras-assembly1_F	0.170	123	145	568	0.793	0.206	6.049E-01	5.041E-01	1.591E-01	4.821E-01	74
egfr-bridge-id85	4in3-assembly1_B	0.150	126	145	589	0.738	0.204	7.608E-01	5.787E-01	1.571E-01	1.126E+00	74
egfr-bridge-id85	5l9u-assembly1_O	0.161	124	145	676	0.772	0.180	7.707E-01	6.128E-01	1.493E-01	1.308E+00	74
egfr-bridge-id85	9hcj-assembly1_R0	0.138	159	145	1790	0.676	0.089	5.720E-01	4.162E-01	4.913E-02	4.151E-01	74
egfr-bridge-id85	7qij-assembly2_LC	0.142	98	145	105	0.676	0.914	8.472E-01	5.833E-01	7.769E-01	1.950E+00	73
egfr-bridge-id85	8qn4-assembly1_D	0.144	145	145	213	0.821	0.667	7.016E-01	5.913E-01	4.267E-01	1.019E+00	73
egfr-bridge-id85	3hxd-assembly1_A	0.130	161	145	308	0.959	0.513	5.566E-01	5.368E-01	3.047E-01	4.821E-01	73
egfr-bridge-id85	1nl4-assembly1_A	0.151	145	145	312	0.862	0.452	4.052E-01	3.636E-01	2.112E-01	9.762E-02	73
egfr-bridge-id85	4d0p-assembly1_A	0.177	141	145	371	0.786	0.375	6.808E-01	5.470E-01	2.346E-01	7.555E-01	73
egfr-bridge-id85	8amz-assembly1_P	0.130	169	145	421	0.800	0.401	5.036E-01	4.154E-01	1.629E-01	2.064E-01	73
egfr-bridge-id85	7pqh-assembly1_K	0.145	165	145	1157	0.897	0.139	3.897E-01	3.507E-01	5.255E-02	6.230E-02	73
egfr-bridge-id85	8era-assembly1_A	0.164	146	145	2177	0.938	0.064	6.426E-01	6.067E-01	5.401E-02	6.188E-01	73
egfr-bridge-id85	8u1z-assembly1_A	0.181	110	145	125	0.697	0.872	8.014E-01	5.749E-01	6.571E-01	1.950E+00	72
egfr-bridge-id85	9co0-assembly1_D	0.116	189	145	205	0.972	0.912	5.087E-01	4.945E-01	3.614E-01	3.234E-01	72
egfr-bridge-id85	2npm-assembly1_B	0.124	169	145	235	0.979	0.715	5.272E-01	5.144E-01	3.335E-01	3.234E-01	72
egfr-bridge-id85	3pz2-assembly1_A	0.189	111	145	298	0.717	0.372	6.191E-01	4.751E-01	2.632E-01	5.600E-01	72
egfr-bridge-id85	6r7n-assembly1_B	0.170	170	145	443	0.890	0.384	5.773E-01	5.247E-01	2.084E-01	5.068E-01	72
egfr-bridge-id85	6exn-assembly1_S	0.157	146	145	472	0.924	0.307	5.289E-01	4.898E-01	1.872E-01	3.949E-01	72
egfr-bridge-id85	8r5o-assembly1_F	0.169	136	145	537	0.821	0.242	5.845E-01	5.026E-01	1.669E-01	5.068E-01	72
egfr-bridge-id85	4reb-assembly1_A	0.095	147	145	566	0.786	0.254	7.226E-01	5.863E-01	1.740E-01	9.225E-01	72
egfr-bridge-id85	8r6s-assembly1_F	0.169	136	145	629	0.821	0.207	5.838E-01	5.009E-01	1.449E-01	5.068E-01	72
egfr-bridge-id85	5cwn-assembly1_A	0.179	167	145	207	0.979	0.763	3.085E-01	3.015E-01	2.240E-01	3.098E-02	71
egfr-bridge-id85	5lu1-assembly2_E	0.116	171	145	227	0.979	0.753	4.077E-01	4.001E-01	2.816E-01	8.835E-02	71
egfr-bridge-id85	5ftp-assembly1_A	0.121	197	145	230	0.931	0.822	4.357E-01	4.078E-01	2.781E-01	1.134E-01	71
egfr-bridge-id85	6au8-assembly1_A	0.118	143	145	280	0.834	0.500	4.408E-01	3.869E-01	2.381E-01	1.777E-01	71
egfr-bridge-id85	3q78-assembly1_A	0.132	158	145	312	0.883	0.494	4.055E-01	3.712E-01	2.177E-01	8.405E-02	71
egfr-bridge-id85	4gpk-assembly1_A	0.178	191	145	343	0.952	0.539	5.408E-01	5.137E-01	2.323E-01	3.757E-01	71
egfr-bridge-id85	6n7p-assembly1_D	0.103	154	145	544	0.862	0.283	5.445E-01	4.823E-01	1.625E-01	4.363E-01	71
egfr-bridge-id85	7wb4-assembly1_e	0.137	124	145	1310	0.710	0.095	5.577E-01	4.141E-01	6.579E-02	4.587E-01	71
egfr-bridge-id85	1y8m-assembly1_A	0.171	111	145	144	0.676	0.729	6.426E-01	4.622E-01	4.630E-01	5.887E-01	70
egfr-bridge-id85	5exa-assembly1_A	0.125	168	145	229	0.979	0.734	3.943E-01	3.847E-01	2.697E-01	7.606E-02	70
egfr-bridge-id85	5nwk-assembly2_B	0.116	171	145	245	0.966	0.698	5.609E-01	5.401E-01	3.397E-01	5.600E-01	70
egfr-bridge-id85	1ni1-assembly1_A	0.137	145	145	312	0.862	0.452	4.123E-01	3.728E-01	2.226E-01	1.455E-01	70
egfr-bridge-id85	5jj7-assembly1_A	0.237	101	145	330	0.655	0.306	6.607E-01	4.588E-01	2.198E-01	7.188E-01	70
egfr-bridge-id85	5mpe-assembly1_R	0.147	170	145	381	0.938	0.446	7.140E-01	6.720E-01	2.856E-01	1.308E+00	70
egfr-bridge-id85	7mqa-assembly1_LP	0.163	153	145	566	0.897	0.269	5.156E-01	4.736E-01	1.577E-01	3.400E-01	70
egfr-bridge-id85	7mq8-assembly1_LP	0.163	153	145	567	0.897	0.268	5.132E-01	4.701E-01	1.572E-01	3.077E-01	70
egfr-bridge-id85	7ywy-assembly1_a	0.241	87	145	88	0.579	0.943	6.403E-01	3.997E-01	6.043E-01	9.225E-01	69
egfr-bridge-id85	6s39-assembly1_A-2	0.146	171	145	227	0.972	0.731	4.090E-01	3.965E-01	2.748E-01	8.405E-02	69
egfr-bridge-id85	7xbq-assembly2_B	0.111	171	145	235	0.972	0.715	4.941E-01	4.797E-01	3.150E-01	3.234E-01	69
egfr-bridge-id85	5ftp-assembly1_B	0.140	135	145	242	0.890	0.496	5.371E-01	4.561E-01	3.101E-01	3.234E-01	69
egfr-bridge-id85	6mdm-assembly1_K	0.178	129	145	286	0.800	0.430	5.926E-01	4.992E-01	2.904E-01	5.068E-01	69
egfr-bridge-id85	4d18-assembly1_D	0.149	147	145	406	0.897	0.337	6.610E-01	5.981E-01	2.433E-01	9.697E-01	69
egfr-bridge-id85	3rib-assembly2_B	0.141	127	145	418	0.800	0.287	6.517E-01	5.390E-01	2.113E-01	8.776E-01	69
egfr-bridge-id85	3jco-assembly1_P	0.144	125	145	431	0.772	0.288	7.564E-01	6.053E-01	2.290E-01	1.184E+00	69
egfr-bridge-id85	8ruy-assembly1_g	0.200	165	145	619	0.945	0.260	5.190E-01	4.921E-01	1.532E-01	3.949E-01	69
egfr-bridge-id85	4z29-assembly2_B	0.176	85	145	169	0.559	0.479	6.250E-01	3.913E-01	3.452E-01	9.697E-01	68
egfr-bridge-id85	6y7t-assembly3_K	0.128	171	145	231	0.972	0.736	4.077E-01	3.965E-01	2.744E-01	9.762E-02	68
egfr-bridge-id85	7ru9-assembly1_C	0.103	165	145	271	0.952	0.594	4.013E-01	3.849E-01	2.416E-01	1.777E-01	68
egfr-bridge-id85	8h38-assembly1_B	0.176	147	145	420	0.862	0.350	6.289E-01	5.552E-01	2.314E-01	1.071E+00	68
egfr-bridge-id85	3jco-assembly1_Q	0.150	159	145	431	0.959	0.369	6.769E-01	6.510E-01	2.607E-01	1.446E+00	68
egfr-bridge-id85	7w3h-assembly1_V	0.182	137	145	444	0.800	0.288	6.264E-01	5.191E-01	1.989E-01	7.555E-01	68
egfr-bridge-id85	4reb-assembly1_H	0.101	148	145	584	0.814	0.241	6.957E-01	5.799E-01	1.668E-01	9.697E-01	68
egfr-bridge-id85	3efz-assembly1_A	0.132	174	145	216	0.945	0.796	4.609E-01	4.436E-01	3.284E-01	2.785E-01	67
egfr-bridge-id85	5xw7-assembly2_B	0.146	171	145	218	0.890	0.775	3.659E-01	3.287E-01	2.286E-01	9.287E-02	67
egfr-bridge-id85	6qzr-assembly2_D-3	0.147	170	145	219	0.966	0.744	4.368E-01	4.191E-01	3.067E-01	1.530E-01	67
egfr-bridge-id85	7d8p-assembly1_A	0.120	174	145	225	0.966	0.760	3.929E-01	3.885E-01	2.792E-01	1.192E-01	67
egfr-bridge-id85	6yr5-assembly2_C	0.113	168	145	225	0.979	0.742	4.093E-01	3.990E-01	2.822E-01	1.317E-01	67
egfr-bridge-id85	7zit-assembly1_B	0.134	178	145	230	0.966	0.765	4.518E-01	4.373E-01	3.064E-01	1.868E-01	67
egfr-bridge-id85	6zve-assembly1_A-2	0.125	175	145	231	0.966	0.749	5.326E-01	5.133E-01	3.467E-01	3.949E-01	67
egfr-bridge-id85	8fbo-assembly1_C	0.177	169	145	254	0.959	0.650	3.376E-01	3.278E-01	2.212E-01	7.236E-02	67
egfr-bridge-id85	3qdn-assembly1_A	0.135	155	145	285	0.800	0.519	4.410E-01	3.536E-01	1.838E-01	2.397E-01	67
egfr-bridge-id85	4wuy-assembly1_A	0.160	143	145	414	0.869	0.333	5.917E-01	5.278E-01	2.189E-01	8.349E-01	67
egfr-bridge-id85	5o2o-assembly1_A	0.141	113	145	576	0.703	0.193	6.438E-01	4.814E-01	1.433E-01	1.308E+00	67
egfr-bridge-id85	6tnt-assembly1_O	0.161	124	145	688	0.772	0.177	7.647E-01	6.076E-01	1.464E-01	2.050E+00	67
egfr-bridge-id85	9f44-assembly1_A	0.120	183	145	2192	0.807	0.083	6.422E-01	5.316E-01	4.361E-02	1.019E+00	67
egfr-bridge-id85	6nd1-assembly1_F	0.186	91	145	92	0.621	0.935	7.336E-01	4.711E-01	6.887E-01	1.520E+00	66
egfr-bridge-id85	7ya9-assembly1_A-2	0.174	109	145	125	0.690	0.872	7.781E-01	5.569E-01	6.353E-01	2.631E+00	66
egfr-bridge-id85	2lah-assembly1_A	0.137	153	145	160	0.938	0.887	5.652E-01	5.346E-01	4.941E-01	6.838E-01	66
egfr-bridge-id85	6fn9-assembly1_B	0.111	171	145	224	0.972	0.763	4.458E-01	4.327E-01	3.067E-01	2.281E-01	66
egfr-bridge-id85	5lu1-assembly1_B	0.128	171	145	227	0.966	0.753	4.376E-01	4.234E-01	3.009E-01	1.868E-01	66
egfr-bridge-id85	5ok9-assembly1_E	0.137	167	145	240	0.952	0.696	4.206E-01	3.998E-01	2.693E-01	1.530E-01	66
egfr-bridge-id85	8qt5-assembly3_F	0.099	171	145	245	0.986	0.698	4.196E-01	4.107E-01	2.698E-01	2.064E-01	66
egfr-bridge-id85	3qdn-assembly2_B	0.135	155	145	280	0.800	0.529	4.317E-01	3.475E-01	1.851E-01	2.170E-01	66
egfr-bridge-id85	5m32-assembly1_l	0.169	142	145	415	0.848	0.335	7.025E-01	6.099E-01	2.452E-01	1.375E+00	66
egfr-bridge-id85	4rea-assembly1_B	0.098	152	145	588	0.841	0.253	7.660E-01	6.523E-01	1.816E-01	2.155E+00	66
egfr-bridge-id85	8bjq-assembly1_D	0.146	130	145	796	0.814	0.162	4.439E-01	3.823E-01	1.067E-01	2.927E-01	66
egfr-bridge-id85	6f09-assembly4_Q	0.122	172	145	225	0.979	0.764	4.188E-01	4.084E-01	2.847E-01	1.777E-01	65
egfr-bridge-id85	8fbn-assembly1_E	0.157	190	145	226	0.993	0.827	4.056E-01	4.014E-01	2.879E-01	2.649E-01	65
egfr-bridge-id85	8qdv-assembly2_G	0.124	177	145	226	0.979	0.757	3.498E-01	3.430E-01	2.510E-01	7.236E-02	65
egfr-bridge-id85	4bg6-assembly1_A	0.129	178	145	228	0.979	0.754	3.728E-01	3.639E-01	2.589E-01	1.192E-01	65
egfr-bridge-id85	8btq-assembly1_A-2	0.113	176	145	231	0.979	0.745	4.142E-01	4.041E-01	2.808E-01	1.777E-01	65
egfr-bridge-id85	5wlc-assembly1_NJ	0.108	156	145	265	0.938	0.585	5.086E-01	4.824E-01	3.047E-01	6.505E-01	65
egfr-bridge-id85	5wyj-assembly1_R2	0.144	180	145	272	0.931	0.643	4.146E-01	3.878E-01	2.247E-01	1.963E-01	65
egfr-bridge-id85	8hmf-assembly1_D	0.159	157	145	1407	0.869	0.110	4.041E-01	3.636E-01	6.592E-02	1.963E-01	65
egfr-bridge-id85	7kts-assembly1_A	0.113	185	145	3042	0.814	0.061	4.949E-01	4.038E-01	3.128E-02	4.587E-01	65
egfr-bridge-id85	3bee-assembly2_B	0.155	90	145	91	0.579	0.945	6.699E-01	4.304E-01	6.242E-01	1.308E+00	64
egfr-bridge-id85	6bqt-assembly1_B	0.120	174	145	227	0.972	0.767	4.714E-01	4.571E-01	3.176E-01	3.400E-01	64
egfr-bridge-id85	6y44-assembly1_A-2	0.132	173	145	227	0.966	0.749	4.370E-01	4.219E-01	2.931E-01	2.281E-01	64
egfr-bridge-id85	6rxz-assembly1_Cz	0.138	152	145	275	0.772	0.553	4.975E-01	3.958E-01	2.324E-01	5.328E-01	64
egfr-bridge-id85	5lcw-assembly1_S	0.125	151	145	277	0.952	0.516	6.018E-01	5.788E-01	3.445E-01	8.349E-01	64
egfr-bridge-id85	2uy1-assembly1_B	0.109	146	145	384	0.924	0.372	5.134E-01	4.782E-01	2.118E-01	5.328E-01	64
egfr-bridge-id85	5khr-assembly1_O	0.174	166	145	603	0.952	0.274	6.882E-01	6.583E-01	1.925E-01	2.265E+00	64
egfr-bridge-id85	3mkq-assembly1_A	0.193	145	145	811	0.869	0.178	2.948E-01	2.603E-01	7.502E-02	5.927E-02	64
egfr-bridge-id85	8bbg-assembly1_C	0.182	126	145	1174	0.821	0.095	4.341E-01	3.629E-01	6.925E-02	3.077E-01	64
egfr-bridge-id85	7uxh-assembly1_C	0.143	139	145	2188	0.786	0.061	5.701E-01	4.627E-01	3.694E-02	7.188E-01	64
egfr-bridge-id85	8qtt-assembly4_H	0.113	168	145	227	0.966	0.722	4.326E-01	4.172E-01	2.929E-01	3.234E-01	63
egfr-bridge-id85	4fr3-assembly1_A-2	0.132	174	145	228	0.979	0.746	3.948E-01	3.851E-01	2.691E-01	1.608E-01	63
egfr-bridge-id85	2v7d-assembly1_A	0.119	167	145	228	0.952	0.732	4.148E-01	3.969E-01	2.808E-01	1.868E-01	63
egfr-bridge-id85	6t5f-assembly1_B	0.139	172	145	231	0.952	0.727	4.279E-01	4.075E-01	2.811E-01	2.064E-01	63
egfr-bridge-id85	8qt5-assembly4_G	0.111	171	145	242	0.986	0.707	5.267E-01	5.168E-01	3.286E-01	7.555E-01	63
egfr-bridge-id85	6fvw-assembly1_P	0.141	134	145	440	0.800	0.298	7.058E-01	5.810E-01	2.195E-01	1.597E+00	63
egfr-bridge-id85	4rib-assembly1_A	0.118	127	145	615	0.621	0.207	7.366E-01	4.836E-01	1.282E-01	1.597E+00	63
egfr-bridge-id85	4rib-assembly2_B	0.125	127	145	628	0.621	0.202	7.498E-01	4.924E-01	1.271E-01	1.765E+00	63
egfr-bridge-id85	8ruy-assembly1_E	0.184	163	145	1325	0.945	0.116	4.587E-01	4.375E-01	7.451E-02	3.949E-01	63
egfr-bridge-id85	6bcx-assembly1_B	0.142	140	145	2178	0.793	0.062	5.444E-01	4.420E-01	3.651E-02	6.505E-01	63
egfr-bridge-id85	3uux-assembly1_A	0.159	113	145	127	0.690	0.843	6.527E-01	4.778E-01	5.340E-01	1.375E+00	62
egfr-bridge-id85	5m36-assembly1_B	0.127	173	145	219	0.986	0.776	4.256E-01	4.180E-01	3.048E-01	2.649E-01	62
egfr-bridge-id85	5okf-assembly2_C	0.139	172	145	231	0.966	0.732	4.230E-01	4.079E-01	2.832E-01	2.649E-01	62
egfr-bridge-id85	7q16-assembly1_A-2	0.119	168	145	240	0.979	0.700	4.075E-01	3.990E-01	2.643E-01	2.397E-01	62
egfr-bridge-id85	6wcj-assembly1_C	0.165	139	145	394	0.800	0.332	3.891E-01	3.290E-01	1.533E-01	2.064E-01	62
egfr-bridge-id85	7dco-assembly1_J	0.102	156	145	554	0.959	0.278	5.113E-01	4.912E-01	1.623E-01	8.776E-01	62
egfr-bridge-id85	4n5c-assembly7_G	0.170	141	145	735	0.821	0.192	7.882E-01	6.567E-01	1.468E-01	3.056E+00	62
egfr-bridge-id85	8f5o-assembly1_B	0.175	154	145	1134	0.800	0.128	4.567E-01	3.689E-01	6.295E-02	2.785E-01	62
egfr-bridge-id85	6zwm-assembly1_A	0.123	138	145	2184	0.669	0.063	7.849E-01	5.493E-01	4.269E-02	2.503E+00	62
egfr-bridge-id85	7pe7-assembly1_A	0.135	177	145	2194	0.828	0.080	5.957E-01	5.067E-01	4.396E-02	8.776E-01	62
egfr-bridge-id85	2l6j-assembly1_A	0.192	109	145	111	0.731	0.829	5.132E-01	3.598E-01	4.427E-01	5.328E-01	61
egfr-bridge-id85	4a1g-assembly1_A	0.095	146	145	146	0.938	0.973	5.969E-01	5.654E-01	5.622E-01	1.308E+00	61
egfr-bridge-id85	8gaa-assembly1_K	0.136	190	145	197	0.979	0.954	3.461E-01	3.366E-01	2.733E-01	1.868E-01	61
egfr-bridge-id85	4dau-assembly1_A-2	0.141	163	145	221	0.972	0.733	3.997E-01	3.873E-01	2.790E-01	2.397E-01	61
egfr-bridge-id85	6yos-assembly1_A	0.124	177	145	224	0.979	0.754	3.654E-01	3.582E-01	2.600E-01	1.530E-01	61
egfr-bridge-id85	6e9z-assembly1_B	0.153	183	145	225	0.979	0.782	3.045E-01	2.983E-01	2.174E-01	3.976E-02	61
egfr-bridge-id85	6rx2-assembly1_A-2	0.136	168	145	225	0.972	0.729	4.011E-01	3.892E-01	2.721E-01	2.064E-01	61
egfr-bridge-id85	7nmz-assembly1_BA	0.137	175	145	230	0.966	0.739	3.886E-01	3.744E-01	2.705E-01	2.397E-01	61
egfr-bridge-id85	3axy-assembly1_D	0.100	170	145	235	0.972	0.715	4.238E-01	4.104E-01	2.758E-01	3.234E-01	61
egfr-bridge-id85	3jck-assembly1_C	0.129	154	145	378	0.959	0.402	6.850E-01	6.574E-01	2.898E-01	2.631E+00	61
egfr-bridge-id85	2pzi-assembly1_A	0.132	151	145	654	0.945	0.223	5.972E-01	5.654E-01	1.516E-01	1.679E+00	61
egfr-bridge-id85	5zwm-assembly1_N	0.146	178	145	728	0.917	0.239	3.909E-01	3.612E-01	1.072E-01	2.785E-01	61
egfr-bridge-id85	8f5o-assembly1_C	0.200	160	145	1179	0.903	0.132	3.191E-01	2.980E-01	7.157E-02	8.835E-02	61
egfr-bridge-id85	5d2d-assembly1_B	0.137	174	145	226	0.972	0.770	3.877E-01	3.774E-01	2.689E-01	2.170E-01	60
egfr-bridge-id85	4y5i-assembly1_A	0.125	168	145	227	0.979	0.740	3.854E-01	3.772E-01	2.617E-01	1.963E-01	60
egfr-bridge-id85	5lu1-assembly2_F	0.114	174	145	230	0.979	0.752	4.099E-01	4.017E-01	2.791E-01	2.785E-01	60
egfr-bridge-id85	6sip-assembly1_A	0.132	174	145	231	0.972	0.736	4.090E-01	3.965E-01	2.740E-01	2.397E-01	60
egfr-bridge-id85	7nne-assembly1_A-2	0.133	172	145	232	0.972	0.737	3.978E-01	3.854E-01	2.680E-01	2.397E-01	60
egfr-bridge-id85	5xw7-assembly1_A	0.122	212	145	243	0.903	0.872	3.365E-01	3.037E-01	1.892E-01	1.253E-01	60
egfr-bridge-id85	9dze-assembly1_h	0.135	133	145	274	0.828	0.427	4.340E-01	3.637E-01	2.152E-01	5.328E-01	60
egfr-bridge-id85	7mnj-assembly3_C	0.108	147	145	528	0.924	0.263	4.409E-01	4.115E-01	1.369E-01	5.068E-01	60
egfr-bridge-id85	8ch6-assembly1_z	0.143	146	145	692	0.848	0.208	5.409E-01	4.745E-01	1.297E-01	6.838E-01	60
egfr-bridge-id85	4n5c-assembly6_F	0.182	115	145	727	0.738	0.146	6.756E-01	5.162E-01	1.208E-01	1.765E+00	60
egfr-bridge-id85	8rbz-assembly1_h	0.134	149	145	887	0.697	0.166	4.877E-01	3.465E-01	7.050E-02	4.821E-01	60
egfr-bridge-id85	7fik-assembly1_e	0.147	122	145	1247	0.710	0.097	5.423E-01	3.981E-01	6.535E-02	1.126E+00	60
egfr-bridge-id85	5m36-assembly1_A	0.129	170	145	221	0.972	0.765	4.313E-01	4.194E-01	3.044E-01	3.574E-01	59
egfr-bridge-id85	6sio-assembly1_A-2	0.142	169	145	225	0.972	0.729	4.090E-01	3.983E-01	2.783E-01	2.927E-01	59
egfr-bridge-id85	5ewz-assembly1_B	0.113	168	145	227	0.979	0.727	4.092E-01	3.995E-01	2.760E-01	2.927E-01	59
egfr-bridge-id85	8we2-assembly1_A	0.125	175	145	228	0.979	0.763	3.935E-01	3.847E-01	2.759E-01	2.170E-01	59
egfr-bridge-id85	7ni6-assembly1_B	0.145	144	145	1423	0.793	0.101	5.803E-01	4.703E-01	5.790E-02	9.225E-01	59
egfr-bridge-id85	7vvz-assembly1_L	0.153	137	145	3513	0.772	0.038	5.432E-01	4.364E-01	2.843E-02	1.019E+00	59
egfr-bridge-id85	8e0o-assembly1_B	0.155	187	145	201	0.959	0.910	3.851E-01	3.715E-01	2.872E-01	2.785E-01	58
egfr-bridge-id85	6ef5-assembly2_C	0.132	166	145	223	0.979	0.713	4.222E-01	4.117E-01	2.900E-01	3.574E-01	58
egfr-bridge-id85	6zc9-assembly2_B	0.141	170	145	225	0.972	0.724	3.884E-01	3.766E-01	2.619E-01	2.397E-01	58
egfr-bridge-id85	2v7d-assembly2_C	0.127	165	145	226	0.972	0.717	4.125E-01	4.012E-01	2.811E-01	3.400E-01	58
egfr-bridge-id85	6ygj-assembly1_F-2	0.097	175	145	228	0.979	0.754	4.065E-01	3.975E-01	2.808E-01	3.574E-01	58
egfr-bridge-id85	1o9d-assembly1_A-2	0.101	168	145	230	0.966	0.722	4.353E-01	4.187E-01	2.913E-01	5.328E-01	58
egfr-bridge-id85	6g7c-assembly1_E	0.128	156	145	237	0.869	0.658	4.367E-01	3.863E-01	2.526E-01	5.600E-01	58
egfr-bridge-id85	5ok9-assembly1_F	0.148	168	145	239	0.952	0.699	4.176E-01	3.972E-01	2.705E-01	3.400E-01	58
egfr-bridge-id85	9dze-assembly1_S	0.177	141	145	316	0.834	0.446	5.252E-01	4.552E-01	2.546E-01	1.855E+00	58
egfr-bridge-id85	7rdr-assembly1_A	0.098	183	145	456	0.966	0.388	3.273E-01	3.173E-01	1.334E-01	1.608E-01	58
egfr-bridge-id85	9ep4-assembly1_A	0.154	149	145	884	0.697	0.166	5.627E-01	4.033E-01	7.596E-02	1.184E+00	58
egfr-bridge-id85	8bbg-assembly1_B	0.133	187	145	1426	0.931	0.128	2.553E-01	2.379E-01	3.626E-02	3.423E-02	58
egfr-bridge-id85	8xvv-assembly1_L	0.113	185	145	3485	0.814	0.053	4.743E-01	3.887E-01	2.725E-02	5.887E-01	58
egfr-bridge-id85	5h78-assembly1_B	0.137	160	145	192	0.972	0.807	4.287E-01	4.179E-01	3.395E-01	5.887E-01	57
egfr-bridge-id85	1yz5-assembly1_A	0.137	174	145	223	0.966	0.753	3.754E-01	3.637E-01	2.631E-01	2.927E-01	57
egfr-bridge-id85	6a5s-assembly2_G	0.125	175	145	228	0.972	0.754	4.105E-01	4.014E-01	2.818E-01	3.400E-01	57
egfr-bridge-id85	6t80-assembly1_B	0.128	171	145	228	0.972	0.750	4.129E-01	4.011E-01	2.824E-01	4.151E-01	57
egfr-bridge-id85	6t5h-assembly1_A	0.133	172	145	234	0.972	0.722	4.121E-01	3.990E-01	2.746E-01	4.363E-01	57
egfr-bridge-id85	6u3w-assembly1_B	0.123	203	145	291	0.952	0.698	5.082E-01	4.846E-01	2.678E-01	1.071E+00	57
egfr-bridge-id85	4um2-assembly1_A	0.145	158	145	510	0.779	0.304	5.153E-01	4.053E-01	1.343E-01	1.019E+00	57
egfr-bridge-id85	5y5a-assembly1_A	0.116	163	145	514	0.772	0.307	6.236E-01	4.854E-01	1.469E-01	2.265E+00	57
egfr-bridge-id85	8f5o-assembly1_E	0.125	176	145	1076	0.945	0.154	5.765E-01	5.463E-01	9.421E-02	1.446E+00	57
egfr-bridge-id85	8fgw-assembly1_A	0.139	143	145	1081	0.931	0.128	3.631E-01	3.393E-01	7.090E-02	3.757E-01	57
egfr-bridge-id85	4a5x-assembly2_B	0.161	68	145	73	0.386	0.932	7.803E-01	3.360E-01	6.167E-01	4.789E+00	56
egfr-bridge-id85	7rj5-assembly1_D	0.142	147	145	224	0.834	0.643	7.204E-01	6.161E-01	4.257E-01	3.731E+00	56
egfr-bridge-id85	7qi1-assembly1_B	0.110	172	145	232	0.952	0.720	3.798E-01	3.661E-01	2.590E-01	3.400E-01	56
egfr-bridge-id85	6g7c-assembly1_A	0.127	157	145	234	0.869	0.671	4.372E-01	3.865E-01	2.558E-01	7.188E-01	56
egfr-bridge-id85	3q79-assembly1_A	0.117	188	145	314	0.841	0.599	3.564E-01	3.181E-01	1.857E-01	2.397E-01	56
egfr-bridge-id85	5gjr-assembly1_2	0.120	141	145	372	0.876	0.355	5.701E-01	5.080E-01	2.246E-01	1.308E+00	56
egfr-bridge-id85	6fvu-assembly1_P	0.136	110	145	440	0.669	0.250	7.145E-01	5.053E-01	1.903E-01	2.265E+00	56
egfr-bridge-id85	7cun-assembly1_H	0.138	159	145	912	0.910	0.155	3.421E-01	3.116E-01	6.568E-02	2.064E-01	56
egfr-bridge-id85	8hme-assembly1_D	0.140	192	145	1084	0.931	0.177	2.637E-01	2.459E-01	5.089E-02	7.606E-02	56
egfr-bridge-id85	8fiq-assembly1_A	0.183	158	145	172	0.931	0.843	3.265E-01	3.075E-01	2.759E-01	1.868E-01	55
egfr-bridge-id85	7pwt-assembly1_A-2	0.122	171	145	227	0.979	0.740	4.010E-01	3.916E-01	2.745E-01	4.363E-01	55
egfr-bridge-id85	6zc9-assembly1_C	0.131	175	145	230	0.952	0.748	3.863E-01	3.697E-01	2.662E-01	3.757E-01	55
egfr-bridge-id85	7a5p-assembly1_O	0.138	152	145	261	0.903	0.559	4.909E-01	4.531E-01	2.881E-01	9.697E-01	55
egfr-bridge-id85	3lpz-assembly1_A	0.131	160	145	314	0.814	0.510	3.563E-01	2.966E-01	1.621E-01	4.151E-01	55
egfr-bridge-id85	5ln3-assembly1_P	0.088	113	145	422	0.683	0.265	7.258E-01	5.225E-01	2.036E-01	2.631E+00	55
egfr-bridge-id85	8bh8-assembly1_A	0.189	153	145	523	0.807	0.281	3.710E-01	3.002E-01	9.559E-02	1.777E-01	55
egfr-bridge-id85	8ghl-assembly1_D	0.089	146	145	818	0.786	0.170	6.595E-01	5.330E-01	1.082E-01	3.377E+00	55
egfr-bridge-id85	4ymr-assembly1_B	0.168	107	145	129	0.572	0.829	6.261E-01	3.689E-01	4.121E-01	2.503E+00	54
egfr-bridge-id85	6tl3-assembly1_A-2	0.127	172	145	228	0.979	0.741	3.674E-01	3.585E-01	2.528E-01	3.077E-01	54
egfr-bridge-id85	7nfw-assembly1_A	0.142	176	145	231	0.972	0.736	3.550E-01	3.465E-01	2.454E-01	2.397E-01	54
egfr-bridge-id85	6g7c-assembly1_C	0.104	163	145	239	0.869	0.682	4.428E-01	3.919E-01	2.579E-01	8.349E-01	54
egfr-bridge-id85	9dze-assembly1_c	0.171	128	145	274	0.821	0.420	4.302E-01	3.514E-01	2.057E-01	8.776E-01	54
egfr-bridge-id85	8rc4-assembly1_g	0.119	193	145	889	0.883	0.214	4.257E-01	3.895E-01	1.051E-01	6.838E-01	54
egfr-bridge-id85	8rc4-assembly1_h	0.118	177	145	956	0.917	0.181	4.818E-01	4.414E-01	8.395E-02	1.308E+00	54
egfr-bridge-id85	8f5p-assembly1_B	0.184	157	145	1128	0.759	0.139	3.302E-01	2.593E-01	5.412E-02	1.455E-01	54
egfr-bridge-id85	7sqc-assembly1_R0	0.151	165	145	2070	0.966	0.079	6.510E-01	6.301E-01	6.159E-02	4.123E+00	54
egfr-bridge-id85	6zwm-assembly1_B	0.125	135	145	2185	0.648	0.062	7.324E-01	5.063E-01	4.065E-02	3.056E+00	54
egfr-bridge-id85	6fel-assembly2_D	0.144	138	145	228	0.828	0.575	4.074E-01	3.503E-01	2.497E-01	5.068E-01	53
egfr-bridge-id85	6zbt-assembly2_D	0.131	175	145	229	0.952	0.747	3.777E-01	3.634E-01	2.608E-01	4.363E-01	53
egfr-bridge-id85	6t80-assembly1_A	0.165	139	145	233	0.814	0.584	4.252E-01	3.554E-01	2.423E-01	4.821E-01	53
egfr-bridge-id85	7bmc-assembly1_A-2	0.123	178	145	234	0.979	0.748	3.988E-01	3.891E-01	2.668E-01	5.068E-01	53
egfr-bridge-id85	2xs1-assembly1_A	0.134	193	145	697	0.828	0.275	3.886E-01	3.459E-01	1.166E-01	5.887E-01	53
egfr-bridge-id85	5lu2-assembly1_B	0.145	172	145	227	0.952	0.744	4.155E-01	3.949E-01	2.721E-01	5.887E-01	52
egfr-bridge-id85	4di4-assembly1_A	0.114	219	145	273	0.917	0.784	5.032E-01	4.665E-01	2.796E-01	1.597E+00	52
egfr-bridge-id85	7vep-assembly1_A	0.150	159	145	274	0.800	0.577	5.467E-01	4.509E-01	2.578E-01	1.855E+00	52
egfr-bridge-id85	6j30-assembly1_Q	0.118	144	145	431	0.848	0.334	6.485E-01	5.664E-01	2.297E-01	3.550E+00	52
egfr-bridge-id85	5o1j-assembly1_A	0.119	168	145	580	0.800	0.278	4.511E-01	3.661E-01	1.013E-01	7.942E-01	52
egfr-bridge-id85	4ry3-assembly1_A	0.094	148	145	593	0.738	0.250	6.391E-01	4.927E-01	1.411E-01	2.766E+00	52
egfr-bridge-id85	4av7-assembly3_E	0.160	56	145	634	0.386	0.077	8.103E-01	2.948E-01	7.209E-02	5.034E+00	52
egfr-bridge-id85	3o48-assembly1_A	0.165	115	145	129	0.703	0.845	6.346E-01	4.708E-01	5.201E-01	3.213E+00	51
egfr-bridge-id85	5xw7-assembly5_E	0.155	174	145	199	0.890	0.849	3.378E-01	3.017E-01	2.284E-01	3.400E-01	51
egfr-bridge-id85	6e9v-assembly1_Q	0.158	158	145	211	0.972	0.682	2.316E-01	2.242E-01	1.590E-01	7.236E-02	51
egfr-bridge-id85	6ghp-assembly1_A-2	0.152	164	145	224	0.952	0.714	4.189E-01	4.000E-01	2.836E-01	7.555E-01	51
egfr-bridge-id85	6y6b-assembly1_B	0.131	183	145	233	0.966	0.773	4.190E-01	4.040E-01	2.722E-01	7.555E-01	51
egfr-bridge-id85	9dze-assembly1_B	0.180	166	145	316	0.945	0.519	4.550E-01	4.364E-01	2.536E-01	1.855E+00	51
egfr-bridge-id85	6s2k-assembly2_B	0.133	90	145	463	0.559	0.188	6.260E-01	3.888E-01	1.410E-01	2.265E+00	51
egfr-bridge-id85	7xdt-assembly1_A	0.149	134	145	531	0.669	0.249	3.681E-01	2.521E-01	7.942E-02	5.600E-01	51
egfr-bridge-id85	4e85-assembly1_A	0.119	159	145	555	0.821	0.270	4.371E-01	3.744E-01	1.276E-01	6.188E-01	51
egfr-bridge-id85	4ric-assembly1_A	0.101	148	145	615	0.814	0.229	7.149E-01	5.944E-01	1.606E-01	4.789E+00	51
egfr-bridge-id85	8hmf-assembly1_E	0.175	165	145	1195	0.897	0.137	3.419E-01	3.097E-01	5.373E-02	4.821E-01	51
egfr-bridge-id85	6z3a-assembly1_E	0.120	125	145	2311	0.697	0.053	6.697E-01	4.814E-01	3.756E-02	4.123E+00	51
egfr-bridge-id85	7ni5-assembly1_A	0.147	142	145	2791	0.821	0.049	5.866E-01	4.888E-01	3.057E-02	2.631E+00	51
egfr-bridge-id85	7qij-assembly2_MC	0.144	97	145	96	0.607	0.958	5.121E-01	3.251E-01	4.700E-01	2.381E+00	50
egfr-bridge-id85	6f09-assembly4_R-5	0.139	172	145	225	0.972	0.720	4.303E-01	4.193E-01	2.896E-01	1.184E+00	50
egfr-bridge-id85	6bzd-assembly2_C	0.141	177	145	237	0.979	0.726	3.538E-01	3.467E-01	2.451E-01	5.600E-01	50
egfr-bridge-id85	6a73-assembly2_B	0.132	113	145	290	0.690	0.386	5.396E-01	4.058E-01	2.303E-01	2.050E+00	50
egfr-bridge-id85	3msv-assembly3_B	0.155	174	145	348	0.848	0.500	4.648E-01	4.090E-01	2.077E-01	1.071E+00	50
egfr-bridge-id85	7w3g-assembly1_a	0.132	106	145	373	0.662	0.284	6.587E-01	4.730E-01	2.117E-01	3.731E+00	50
egfr-bridge-id85	7b6h-assembly1_A	0.142	119	145	614	0.641	0.194	5.487E-01	3.955E-01	1.160E-01	2.050E+00	50
egfr-bridge-id85	5a9q-assembly1_1	0.103	164	145	1009	0.848	0.158	4.401E-01	3.869E-01	7.874E-02	1.245E+00	50
egfr-bridge-id85	7yfn-assembly1_T	0.130	146	145	1688	0.662	0.086	5.979E-01	4.057E-01	4.877E-02	2.907E+00	50
egfr-bridge-id85	4a5x-assembly1_A	0.145	62	145	73	0.359	0.849	8.054E-01	3.211E-01	5.952E-01	8.717E+00	49
egfr-bridge-id85	8fit-assembly2_C	0.201	154	145	219	0.966	0.667	2.699E-01	2.603E-01	1.969E-01	2.170E-01	49
egfr-bridge-id85	7bdy-assembly1_A	0.140	171	145	231	0.952	0.723	3.767E-01	3.591E-01	2.432E-01	5.887E-01	49
egfr-bridge-id85	5bwk-assembly1_E	0.152	164	145	291	0.793	0.553	3.796E-01	3.116E-01	1.792E-01	7.188E-01	49
egfr-bridge-id85	7mnn-assembly2_B	0.160	131	145	604	0.807	0.199	3.587E-01	2.950E-01	9.505E-02	7.188E-01	49
egfr-bridge-id85	7y85-assembly1_D	0.113	167	145	652	0.897	0.256	5.887E-01	5.353E-01	1.457E-01	3.922E+00	49
egfr-bridge-id85	8pkp-assembly1_O	0.141	120	145	683	0.828	0.146	4.906E-01	3.563E-01	9.182E-02	2.155E+00	49
egfr-bridge-id85	4n5c-assembly4_D	0.159	113	145	757	0.697	0.143	6.905E-01	5.086E-01	1.153E-01	5.847E+00	49
egfr-bridge-id85	8f5p-assembly1_E	0.161	161	145	1057	0.924	0.138	3.357E-01	3.132E-01	6.686E-02	5.068E-01	49
egfr-bridge-id85	8uc6-assembly2_B	0.171	140	145	148	0.828	0.872	3.128E-01	2.657E-01	2.610E-01	3.949E-01	48
egfr-bridge-id85	6gkf-assembly3_F	0.156	128	145	213	0.800	0.559	4.512E-01	3.748E-01	2.835E-01	1.308E+00	48
egfr-bridge-id85	6g7c-assembly1_H	0.132	158	145	233	0.869	0.678	4.286E-01	3.792E-01	2.525E-01	1.446E+00	48
egfr-bridge-id85	3c3r-assembly1_A	0.142	197	145	357	0.814	0.552	3.881E-01	3.403E-01	1.839E-01	9.697E-01	48
egfr-bridge-id85	2uy1-assembly1_A	0.121	132	145	438	0.800	0.299	5.147E-01	4.246E-01	1.642E-01	2.381E+00	48
egfr-bridge-id85	7obq-assembly1_u	0.124	129	145	441	0.800	0.268	4.149E-01	3.471E-01	1.420E-01	9.697E-01	48
egfr-bridge-id85	7mnl-assembly2_B	0.154	123	145	594	0.800	0.189	3.696E-01	2.932E-01	9.553E-02	9.225E-01	48
egfr-bridge-id85	8ftu-assembly1_A	0.106	150	145	627	0.883	0.226	5.624E-01	5.047E-01	1.441E-01	2.503E+00	48
egfr-bridge-id85	8rch-assembly1_B	0.106	169	145	2036	0.972	0.079	2.913E-01	2.832E-01	3.608E-02	3.234E-01	48
egfr-bridge-id85	2n8i-assembly1_A	0.265	94	145	100	0.634	0.770	4.078E-01	2.408E-01	3.214E-01	9.697E-01	47
egfr-bridge-id85	4pwx-assembly1_C	0.114	157	145	276	0.786	0.569	3.655E-01	2.948E-01	1.766E-01	1.019E+00	47
egfr-bridge-id85	7uj4-assembly1_A	0.135	96	145	442	0.559	0.213	5.664E-01	3.586E-01	1.395E-01	2.503E+00	47
egfr-bridge-id85	7mno-assembly2_B	0.160	131	145	604	0.807	0.199	3.599E-01	2.964E-01	9.546E-02	9.225E-01	47
egfr-bridge-id85	8esc-assembly1_Z	0.123	146	145	3543	0.662	0.041	6.068E-01	4.107E-01	2.451E-02	4.334E+00	47
egfr-bridge-id85	2n8w-assembly1_A	0.230	113	145	104	0.690	0.875	3.465E-01	2.394E-01	3.056E-01	6.505E-01	46
egfr-bridge-id85	7nfx-assembly1_u	0.121	173	145	196	0.972	0.821	3.956E-01	3.860E-01	3.109E-01	1.245E+00	46
egfr-bridge-id85	1a4o-assembly2_D	0.117	162	145	197	0.966	0.736	3.972E-01	3.825E-01	3.059E-01	1.071E+00	46
egfr-bridge-id85	8g9j-assembly1_A	0.190	173	145	201	0.966	0.841	2.226E-01	2.162E-01	1.764E-01	1.384E-01	46
egfr-bridge-id85	6e9y-assembly1_A	0.166	180	145	227	0.952	0.771	2.913E-01	2.786E-01	1.984E-01	3.077E-01	46
egfr-bridge-id85	1o9c-assembly1_A-2	0.109	174	145	231	0.966	0.723	3.677E-01	3.565E-01	2.518E-01	1.071E+00	46
egfr-bridge-id85	6nqw-assembly1_A	0.109	146	145	237	0.917	0.540	2.934E-01	2.648E-01	1.827E-01	5.600E-01	46
egfr-bridge-id85	7ycx-assembly1_H	0.172	110	145	937	0.697	0.109	4.648E-01	3.280E-01	7.206E-02	1.679E+00	46
egfr-bridge-id85	8uc6-assembly1_C	0.185	140	145	147	0.828	0.871	3.069E-01	2.585E-01	2.516E-01	5.328E-01	45
egfr-bridge-id85	5nwk-assembly1_G	0.107	168	145	234	0.966	0.709	4.284E-01	4.134E-01	2.813E-01	2.050E+00	45
egfr-bridge-id85	6w2t-assembly1_1	0.137	109	145	534	0.703	0.193	5.129E-01	3.897E-01	1.306E-01	2.907E+00	45
egfr-bridge-id85	8ppl-assembly1_Iu	0.133	157	145	587	0.834	0.264	5.143E-01	4.552E-01	1.504E-01	2.503E+00	45
egfr-bridge-id85	6sb2-assembly1_B	0.107	130	145	2178	0.683	0.056	4.373E-01	3.162E-01	3.165E-02	1.446E+00	45
egfr-bridge-id85	8e0l-assembly1_C	0.136	168	145	162	0.979	0.969	2.889E-01	2.825E-01	2.582E-01	4.151E-01	44
egfr-bridge-id85	3mkq-assembly1_B	0.171	146	145	177	0.897	0.768	3.539E-01	3.244E-01	2.801E-01	1.071E+00	44
egfr-bridge-id85	3jaj-assembly1_6	0.145	158	145	179	0.972	0.810	3.866E-01	3.763E-01	3.232E-01	1.375E+00	44
egfr-bridge-id85	8ppl-assembly1_Iv	0.120	141	145	430	0.938	0.309	5.383E-01	4.973E-01	1.861E-01	4.334E+00	44
egfr-bridge-id85	6s2k-assembly1_A	0.120	108	145	468	0.683	0.197	4.993E-01	3.453E-01	1.285E-01	2.503E+00	44
egfr-bridge-id85	1ltx-assembly1_A	0.145	137	145	536	0.834	0.243	4.877E-01	4.243E-01	1.545E-01	3.056E+00	44
egfr-bridge-id85	9fa4-assembly1_D	0.138	130	145	608	0.807	0.206	5.586E-01	4.691E-01	1.444E-01	4.334E+00	44
egfr-bridge-id85	8bbe-assembly1_C	0.119	117	145	702	0.676	0.160	4.322E-01	3.150E-01	8.499E-02	2.050E+00	44
egfr-bridge-id85	5nwk-assembly1_H	0.117	162	145	213	0.966	0.737	4.966E-01	4.778E-01	3.529E-01	4.334E+00	43
egfr-bridge-id85	4kmo-assembly1_B	0.132	121	145	265	0.800	0.419	3.480E-01	2.894E-01	2.002E-01	1.308E+00	43
egfr-bridge-id85	8fbj-assembly1_A	0.122	131	145	307	0.828	0.410	3.031E-01	2.526E-01	1.473E-01	7.942E-01	43
egfr-bridge-id85	5mjz-assembly2_B	0.180	150	145	356	0.917	0.362	3.206E-01	2.865E-01	1.288E-01	7.942E-01	43
egfr-bridge-id85	6fvt-assembly1_S	0.130	123	145	475	0.683	0.253	6.938E-01	5.008E-01	1.751E-01	7.505E+00	43
egfr-bridge-id85	8qma-assembly1_E	0.173	144	145	632	0.910	0.207	5.489E-01	5.075E-01	1.508E-01	5.292E+00	43
egfr-bridge-id85	4n5c-assembly3_C	0.127	172	145	737	0.855	0.231	5.344E-01	4.652E-01	1.116E-01	5.034E+00	43
egfr-bridge-id85	8hmd-assembly1_B	0.185	205	145	1195	0.945	0.172	2.710E-01	2.556E-01	4.371E-02	5.887E-01	43
egfr-bridge-id85	6z3r-assembly1_A	0.104	125	145	1943	0.710	0.063	6.252E-01	4.820E-01	4.813E-02	6.461E+00	43
egfr-bridge-id85	9c47-assembly1_C	0.138	144	145	3079	0.662	0.047	5.548E-01	3.826E-01	2.784E-02	3.922E+00	43
egfr-bridge-id85	6g7b-assembly2_A	0.152	118	145	146	0.579	0.808	3.944E-01	2.456E-01	2.442E-01	1.950E+00	42
egfr-bridge-id85	6xr2-assembly2_F	0.183	169	145	165	0.986	0.933	2.184E-01	2.164E-01	1.958E-01	2.170E-01	42
egfr-bridge-id85	6xr2-assembly1_C	0.180	172	145	170	0.986	0.924	2.150E-01	2.117E-01	1.873E-01	1.963E-01	42
egfr-bridge-id85	8f6q-assembly1_A	0.161	167	145	199	0.972	0.804	2.640E-01	2.574E-01	1.964E-01	5.328E-01	42
egfr-bridge-id85	6w1f-assembly1_B	0.106	132	145	280	0.779	0.454	5.983E-01	4.916E-01	2.884E-01	6.147E+00	42
egfr-bridge-id85	8wqa-assembly1_B	0.086	138	145	627	0.800	0.203	3.989E-01	3.229E-01	8.915E-02	1.950E+00	42
egfr-bridge-id85	7cun-assembly1_G	0.089	189	145	895	0.828	0.211	4.816E-01	4.142E-01	1.022E-01	3.377E+00	42
egfr-bridge-id85	2r5s-assembly2_B	0.175	160	145	171	0.938	0.877	3.343E-01	3.151E-01	2.745E-01	1.126E+00	41
egfr-bridge-id85	5mk2-assembly1_A	0.186	150	145	355	0.917	0.363	3.205E-01	2.854E-01	1.286E-01	9.697E-01	41
egfr-bridge-id85	5mk2-assembly2_B	0.180	150	145	361	0.917	0.357	3.197E-01	2.848E-01	1.268E-01	1.071E+00	41
egfr-bridge-id85	6z0f-assembly1_A	0.098	153	145	384	0.897	0.370	4.153E-01	3.803E-01	1.747E-01	2.766E+00	41
egfr-bridge-id85	8je2-assembly1_D	0.125	128	145	494	0.786	0.253	4.262E-01	3.443E-01	1.224E-01	2.381E+00	41
egfr-bridge-id85	8d9f-assembly1_A	0.121	223	145	670	0.945	0.328	3.061E-01	2.911E-01	9.895E-02	7.555E-01	41
egfr-bridge-id85	7ni6-assembly1_A	0.108	129	145	1424	0.786	0.085	4.985E-01	4.019E-01	5.189E-02	4.334E+00	41
egfr-bridge-id85	2w2u-assembly2_B	0.239	71	145	74	0.462	0.865	4.362E-01	1.956E-01	3.750E-01	2.050E+00	40
egfr-bridge-id85	8e12-assembly1_B	0.164	152	145	163	0.972	0.890	2.369E-01	2.295E-01	2.073E-01	4.821E-01	40
egfr-bridge-id85	6xr2-assembly1_B	0.177	169	145	167	0.979	0.910	2.141E-01	2.095E-01	1.867E-01	2.281E-01	40
egfr-bridge-id85	5m73-assembly1_C	0.125	128	145	197	0.793	0.594	4.236E-01	3.496E-01	2.758E-01	2.766E+00	40
egfr-bridge-id85	8k0i-assembly1_a	0.126	182	145	399	0.848	0.456	3.871E-01	3.304E-01	1.339E-01	2.265E+00	40
egfr-bridge-id85	2xgs-assembly2_B	0.141	99	145	479	0.662	0.198	5.325E-01	3.902E-01	1.490E-01	5.292E+00	40
egfr-bridge-id85	9ep1-assembly1_D	0.142	112	145	561	0.614	0.194	5.768E-01	3.621E-01	1.047E-01	5.034E+00	40
egfr-bridge-id85	4eba-assembly1_A	0.108	194	145	585	0.821	0.330	2.649E-01	2.299E-01	9.370E-02	4.587E-01	40
egfr-bridge-id85	8kc9-assembly1_A	0.171	128	145	642	0.703	0.198	4.611E-01	3.291E-01	8.055E-02	2.631E+00	40
egfr-bridge-id85	6xr2-assembly1_A	0.171	169	145	169	0.986	0.917	2.360E-01	2.323E-01	2.133E-01	5.068E-01	39
egfr-bridge-id85	4p3g-assembly1_A	0.108	138	145	219	0.814	0.566	3.361E-01	2.829E-01	2.003E-01	1.679E+00	39
egfr-bridge-id85	3b13-assembly1_C	0.168	154	145	427	0.848	0.309	3.138E-01	2.702E-01	1.193E-01	1.446E+00	39
egfr-bridge-id85	8ptx-assembly1_A	0.177	169	145	1215	0.745	0.139	2.692E-01	2.104E-01	3.983E-02	5.600E-01	39
egfr-bridge-id85	2k3w-assembly1_A	0.205	73	145	73	0.455	0.877	5.068E-01	2.303E-01	4.402E-01	4.123E+00	38
egfr-bridge-id85	2cpt-assembly1_A	0.211	71	145	117	0.455	0.547	4.299E-01	1.952E-01	2.398E-01	2.381E+00	38
egfr-bridge-id85	8e0o-assembly1_A	0.134	126	145	141	0.821	0.851	2.793E-01	2.312E-01	2.374E-01	1.308E+00	38
egfr-bridge-id85	4u1d-assembly3_A	0.130	176	145	459	0.821	0.375	2.912E-01	2.540E-01	1.174E-01	9.225E-01	38
egfr-bridge-id85	9fa7-assembly1_D	0.141	127	145	599	0.807	0.209	5.657E-01	4.652E-01	1.454E-01	7.889E+00	38
egfr-bridge-id85	7dpa-assembly1_D	0.141	155	145	1642	0.876	0.088	4.373E-01	3.918E-01	5.230E-02	4.334E+00	38
egfr-bridge-id85	2w2u-assembly1_A	0.207	82	145	75	0.538	0.907	4.133E-01	1.989E-01	3.705E-01	2.381E+00	37
egfr-bridge-id85	8e0m-assembly3_G	0.178	157	145	159	0.979	0.962	2.430E-01	2.373E-01	2.232E-01	7.555E-01	37
egfr-bridge-id85	8e0m-assembly1_A	0.161	161	145	164	0.972	0.939	2.278E-01	2.215E-01	2.069E-01	6.838E-01	37
egfr-bridge-id85	5cwb-assembly1_A	0.142	176	145	197	0.966	0.822	2.281E-01	2.225E-01	1.810E-01	5.887E-01	37
egfr-bridge-id85	2o98-assembly1_A	0.095	168	145	234	0.979	0.701	3.800E-01	3.706E-01	2.533E-01	3.377E+00	37
egfr-bridge-id85	9h2d-assembly2_B	0.156	160	145	259	0.841	0.591	5.051E-01	4.400E-01	2.822E-01	5.847E+00	37
egfr-bridge-id85	8v2d-assembly1_y	0.173	138	145	307	0.924	0.414	3.342E-01	2.993E-01	1.604E-01	2.050E+00	37
egfr-bridge-id85	5cqs-assembly1_D	0.135	200	145	324	0.890	0.605	2.348E-01	2.126E-01	1.146E-01	6.505E-01	37
egfr-bridge-id85	3qtn-assembly1_B	0.157	140	145	341	0.848	0.364	3.346E-01	2.990E-01	1.634E-01	1.375E+00	37
egfr-bridge-id85	8kc9-assembly1_B	0.200	115	145	362	0.745	0.296	4.469E-01	3.369E-01	1.481E-01	4.334E+00	37
egfr-bridge-id85	7kmt-assembly1_B	0.103	193	145	475	0.903	0.402	3.765E-01	3.418E-01	1.472E-01	3.731E+00	37
egfr-bridge-id85	7pw6-assembly1_A	0.128	109	145	1416	0.690	0.068	5.194E-01	3.600E-01	4.545E-02	6.147E+00	37
egfr-bridge-id85	8xyv-assembly1_A	0.176	119	145	99	0.821	0.960	3.348E-01	2.213E-01	3.184E-01	1.950E+00	36
egfr-bridge-id85	8e12-assembly1_C	0.152	157	145	160	0.979	0.894	2.882E-01	2.814E-01	2.584E-01	1.520E+00	36
egfr-bridge-id85	8e0m-assembly1_C	0.139	158	145	164	0.972	0.915	2.367E-01	2.306E-01	2.056E-01	8.776E-01	36
egfr-bridge-id85	8e0m-assembly4_L	0.160	162	145	166	0.972	0.928	2.129E-01	2.065E-01	1.880E-01	5.068E-01	36
egfr-bridge-id85	6yvg-assembly1_A	0.181	121	145	274	0.786	0.409	3.084E-01	2.563E-01	1.607E-01	2.050E+00	36
egfr-bridge-id85	5cqs-assembly1_A	0.136	198	145	325	0.890	0.597	2.343E-01	2.113E-01	1.134E-01	6.505E-01	36
egfr-bridge-id85	8k17-assembly1_A	0.108	156	145	646	0.800	0.235	3.571E-01	2.936E-01	9.495E-02	2.631E+00	36
egfr-bridge-id85	8wfn-assembly1_B	0.218	87	145	976	0.559	0.082	6.055E-01	3.669E-01	6.531E-02	7.889E+00	36
egfr-bridge-id85	4u7y-assembly1_A	0.211	71	145	83	0.455	0.771	4.355E-01	1.959E-01	3.337E-01	3.550E+00	35
egfr-bridge-id85	4yo3-assembly1_A	0.110	136	145	157	0.841	0.777	4.532E-01	3.854E-01	3.586E-01	5.563E+00	35
egfr-bridge-id85	6xr2-assembly2_E	0.202	143	145	171	0.917	0.743	2.626E-01	2.378E-01	2.104E-01	1.071E+00	35
egfr-bridge-id85	4p3g-assembly1_C	0.111	170	145	184	0.966	0.832	3.384E-01	3.271E-01	2.724E-01	2.631E+00	35
egfr-bridge-id85	6vab-assembly1_B	0.091	164	145	276	0.807	0.565	3.348E-01	2.924E-01	1.837E-01	2.631E+00	35
egfr-bridge-id85	6z0f-assembly1_B	0.100	150	145	369	0.897	0.385	3.774E-01	3.412E-01	1.746E-01	4.334E+00	35
egfr-bridge-id85	8bbf-assembly1_C	0.131	152	145	392	0.917	0.352	2.651E-01	2.456E-01	1.132E-01	1.245E+00	35
egfr-bridge-id85	8xyv-assembly2_B	0.177	118	145	98	0.814	0.959	3.334E-01	2.183E-01	3.180E-01	2.503E+00	34
egfr-bridge-id85	4p3g-assembly1_B	0.113	176	145	203	0.979	0.773	3.361E-01	3.287E-01	2.510E-01	3.213E+00	34
egfr-bridge-id85	2wpv-assembly3_E	0.135	162	145	280	0.834	0.561	3.311E-01	2.810E-01	1.743E-01	3.377E+00	34
egfr-bridge-id85	5c6g-assembly2_C	0.096	145	145	588	0.841	0.236	3.163E-01	2.795E-01	9.819E-02	2.381E+00	34
egfr-bridge-id85	4m59-assembly1_A	0.164	176	145	687	0.807	0.256	3.520E-01	2.989E-01	9.459E-02	2.265E+00	34
egfr-bridge-id85	4oe1-assembly1_A	0.164	176	145	687	0.807	0.256	3.520E-01	2.989E-01	9.459E-02	2.265E+00	34
egfr-bridge-id85	7woo-assembly1_C	0.114	148	145	1325	0.814	0.108	3.647E-01	3.225E-01	6.288E-02	3.213E+00	34
egfr-bridge-id85	7pw8-assembly1_A	0.128	109	145	1943	0.690	0.049	5.211E-01	3.610E-01	3.423E-02	8.717E+00	34
egfr-bridge-id85	7y6c-assembly2_E	0.108	83	145	77	0.572	0.961	5.144E-01	3.148E-01	4.941E-01	8.717E+00	33
egfr-bridge-id85	1wfd-assembly1_A	0.162	86	145	93	0.593	0.763	4.363E-01	2.190E-01	3.327E-01	4.334E+00	33
egfr-bridge-id85	8g4k-assembly1_A	0.201	109	145	101	0.669	0.960	3.985E-01	2.798E-01	3.815E-01	5.292E+00	33
egfr-bridge-id85	8gab-assembly2_C	0.127	141	145	103	0.959	0.981	2.982E-01	2.210E-01	2.911E-01	2.155E+00	33
egfr-bridge-id85	4yo5-assembly1_D	0.130	130	145	131	0.793	0.916	3.853E-01	3.171E-01	3.441E-01	5.034E+00	33
egfr-bridge-id85	8e0m-assembly2_D	0.166	150	145	161	0.959	0.894	2.318E-01	2.221E-01	2.048E-01	1.245E+00	33
egfr-bridge-id85	8e0n-assembly1_A	0.152	171	145	171	0.979	0.889	1.885E-01	1.842E-01	1.619E-01	4.363E-01	33
egfr-bridge-id85	7c0q-assembly2_B	0.179	117	145	274	0.766	0.401	3.085E-01	2.356E-01	1.427E-01	2.381E+00	33
egfr-bridge-id85	8ptx-assembly1_D	0.187	128	145	298	0.676	0.430	2.949E-01	2.132E-01	1.229E-01	1.950E+00	33
egfr-bridge-id85	8qdb-assembly1_A	0.186	91	145	410	0.579	0.180	3.753E-01	1.969E-01	7.737E-02	2.631E+00	33
egfr-bridge-id85	8v3b-assembly1_a	0.144	159	145	416	0.959	0.346	2.837E-01	2.724E-01	1.184E-01	1.855E+00	33
egfr-bridge-id85	8amz-assembly1_N	0.127	141	145	816	0.814	0.172	3.342E-01	2.823E-01	8.505E-02	3.922E+00	33
egfr-bridge-id85	8fh3-assembly1_A	0.159	182	145	868	0.910	0.199	2.749E-01	2.513E-01	6.547E-02	1.597E+00	33
egfr-bridge-id85	5mpe-assembly2_N	0.149	147	145	890	0.828	0.161	4.279E-01	3.648E-01	8.713E-02	6.147E+00	33
egfr-bridge-id85	2v6y-assembly1_A	0.214	70	145	75	0.455	0.840	4.423E-01	1.968E-01	3.697E-01	5.292E+00	32
egfr-bridge-id85	1yxr-assembly1_A	0.211	71	145	77	0.455	0.831	4.315E-01	1.966E-01	3.560E-01	4.556E+00	32
egfr-bridge-id85	7c0q-assembly2_D	0.174	132	145	274	0.876	0.456	2.957E-01	2.576E-01	1.575E-01	2.631E+00	32
egfr-bridge-id85	8k0f-assembly1_A	0.094	159	145	639	0.814	0.241	3.609E-01	3.012E-01	9.422E-02	4.556E+00	32
egfr-bridge-id85	5crv-assembly2_B	0.190	152	145	361	0.938	0.366	3.116E-01	2.836E-01	1.228E-01	3.922E+00	31
egfr-bridge-id85	7tdz-assembly1_I	0.107	167	145	671	0.966	0.241	2.769E-01	2.676E-01	8.753E-02	3.056E+00	31
egfr-bridge-id85	7tdz-assembly1_i	0.107	167	145	1064	0.966	0.152	2.769E-01	2.675E-01	6.623E-02	3.056E+00	31
egfr-bridge-id85	8zj2-assembly1_B	0.165	205	145	1642	0.966	0.121	3.462E-01	3.352E-01	4.656E-02	4.123E+00	31
egfr-bridge-id85	8k0m-assembly1_A	0.155	148	145	643	0.821	0.222	2.974E-01	2.571E-01	9.631E-02	4.334E+00	30
egfr-bridge-id85	4zey-assembly1_A	0.152	85	145	84	0.579	0.798	4.087E-01	1.932E-01	3.254E-01	5.292E+00	29
egfr-bridge-id85	8gaq-assembly1_I	0.166	150	145	147	0.952	0.973	3.113E-01	3.007E-01	2.981E-01	5.563E+00	29
egfr-bridge-id85	2c41-assembly1_C	0.126	63	145	157	0.434	0.357	4.429E-01	1.937E-01	1.807E-01	6.792E+00	29
egfr-bridge-id85	8e0m-assembly2_F	0.154	155	145	162	0.972	0.914	2.077E-01	2.030E-01	1.916E-01	1.446E+00	29
egfr-bridge-id85	5k7v-assembly1_B	0.145	165	145	279	0.959	0.545	2.032E-01	1.956E-01	1.187E-01	1.520E+00	29
egfr-bridge-id85	6xns-assembly1_B	0.143	139	145	333	0.834	0.405	2.685E-01	2.255E-01	1.356E-01	3.550E+00	29
egfr-bridge-id85	2jbw-assembly2_C	0.171	70	145	351	0.441	0.171	4.513E-01	1.956E-01	8.742E-02	7.505E+00	29
egfr-bridge-id85	4pdx-assembly1_A	0.165	115	145	622	0.717	0.166	4.162E-01	3.047E-01	8.215E-02	8.293E+00	29
egfr-bridge-id85	5ecf-assembly1_A	0.121	148	145	151	0.897	0.887	1.957E-01	1.846E-01	1.795E-01	1.071E+00	28
egfr-bridge-id85	6xns-assembly2_E	0.140	207	145	326	0.959	0.620	2.688E-01	2.582E-01	1.314E-01	4.334E+00	28
egfr-bridge-id85	4oe1-assembly1_B	0.135	207	145	683	0.952	0.293	2.776E-01	2.698E-01	9.487E-02	3.056E+00	28
egfr-bridge-id85	5hb1-assembly1_A	0.136	168	145	742	0.979	0.208	3.202E-01	3.148E-01	9.457E-02	4.334E+00	28
egfr-bridge-id85	7wkk-assembly1_f	0.175	154	145	1097	0.869	0.137	3.832E-01	3.395E-01	6.676E-02	8.717E+00	28
egfr-bridge-id85	7wkk-assembly1_d	0.181	143	145	1123	0.814	0.126	3.635E-01	3.016E-01	6.196E-02	8.293E+00	28
egfr-bridge-id85	7sx3-assembly1_E	0.157	133	145	1611	0.807	0.083	3.640E-01	3.115E-01	5.189E-02	5.292E+00	28
egfr-bridge-id85	7c0q-assembly1_C	0.164	158	145	272	0.972	0.529	2.431E-01	2.356E-01	1.338E-01	3.213E+00	27
egfr-bridge-id85	6ku0-assembly1_A	0.105	190	145	368	0.855	0.516	3.196E-01	2.868E-01	1.539E-01	5.034E+00	27
egfr-bridge-id85	1h2u-assembly2_B	0.111	161	145	706	0.938	0.224	3.508E-01	3.373E-01	1.064E-01	7.889E+00	27
egfr-bridge-id85	8wya-assembly1_B	0.133	172	145	923	0.945	0.177	3.843E-01	3.634E-01	7.449E-02	8.717E+00	27
egfr-bridge-id85	8gac-assembly1_A	0.090	110	145	103	0.724	0.942	2.850E-01	2.073E-01	2.698E-01	4.789E+00	26
egfr-bridge-id85	8e0m-assembly2_E	0.161	149	145	157	0.966	0.911	2.439E-01	2.350E-01	2.189E-01	4.556E+00	26
egfr-bridge-id85	3jb9-assembly1_r	0.128	171	145	573	0.883	0.286	2.556E-01	2.314E-01	8.326E-02	3.731E+00	26
egfr-bridge-id85	8wy8-assembly1_D	0.140	149	145	932	0.883	0.152	3.814E-01	3.391E-01	7.079E-02	9.163E+00	26
egfr-bridge-id85	7su3-assembly1_A	0.163	153	145	3802	0.807	0.038	3.246E-01	2.700E-01	2.103E-02	5.292E+00	26
egfr-bridge-id85	7dgu-assembly1_A	0.193	93	145	97	0.593	0.845	3.436E-01	2.004E-01	2.905E-01	9.163E+00	25
egfr-bridge-id85	6y07-assembly1_A	0.152	151	145	154	0.979	0.831	2.763E-01	2.437E-01	2.307E-01	7.139E+00	25
egfr-bridge-id85	8e0m-assembly3_I	0.180	155	145	158	0.972	0.924	2.328E-01	2.274E-01	2.159E-01	4.123E+00	25
egfr-bridge-id85	1nf6-assembly2_F	0.127	157	145	171	0.931	0.901	2.467E-01	2.309E-01	1.976E-01	5.563E+00	25
egfr-bridge-id85	1key-assembly1_C-2	0.092	184	145	210	0.972	0.833	2.515E-01	2.454E-01	1.972E-01	3.550E+00	25
egfr-bridge-id85	6xns-assembly2_F	0.158	126	145	327	0.821	0.367	2.626E-01	2.222E-01	1.054E-01	5.034E+00	25
egfr-bridge-id85	6xns-assembly2_D	0.121	173	145	330	0.993	0.494	2.289E-01	2.260E-01	1.070E-01	3.922E+00	25
egfr-bridge-id85	8qah-assembly1_A	0.177	169	145	425	0.972	0.372	2.964E-01	2.896E-01	1.188E-01	9.632E+00	25
egfr-bridge-id85	6zce-assembly1_o	0.092	140	145	529	0.807	0.251	2.399E-01	2.045E-01	7.651E-02	3.922E+00	25
egfr-bridge-id85	6zu9-assembly1_o	0.092	140	145	529	0.807	0.251	2.415E-01	2.045E-01	7.652E-02	3.922E+00	25
egfr-bridge-id85	8e0m-assembly3_H	0.167	155	145	161	0.959	0.882	2.353E-01	2.251E-01	2.049E-01	5.034E+00	24
egfr-bridge-id85	8gji-assembly1_A	0.140	149	145	167	0.986	0.737	2.397E-01	2.037E-01	1.782E-01	5.292E+00	24
egfr-bridge-id85	8e0m-assembly4_J	0.154	162	145	169	0.959	0.882	2.200E-01	2.110E-01	1.859E-01	4.334E+00	24
egfr-bridge-id85	6xns-assembly1_A	0.140	171	145	327	0.979	0.465	1.840E-01	1.796E-01	1.126E-01	2.381E+00	24
egfr-bridge-id85	5a1u-assembly1_D	0.139	151	145	803	0.814	0.182	2.300E-01	1.952E-01	5.693E-02	4.556E+00	24
egfr-bridge-id85	6x8n-assembly2_B	0.126	142	145	126	0.979	0.992	2.693E-01	2.344E-01	2.652E-01	9.632E+00	23
egfr-bridge-id85	7x9z-assembly1_B	0.121	157	145	145	0.945	0.959	2.428E-01	2.285E-01	2.285E-01	7.139E+00	23
egfr-bridge-id85	4ezb-assembly1_A-2	0.135	103	145	299	0.690	0.321	3.104E-01	2.165E-01	1.154E-01	9.632E+00	23
egfr-bridge-id85	7uzf-assembly1_P	0.131	137	145	431	0.766	0.297	2.336E-01	1.996E-01	1.005E-01	4.123E+00	23
egfr-bridge-id85	6yga-assembly1_B	0.125	144	145	719	0.876	0.192	2.613E-01	2.310E-01	6.972E-02	5.847E+00	23
egfr-bridge-id85	3qd8-assembly1_B	0.129	131	145	162	0.814	0.716	2.604E-01	2.073E-01	1.859E-01	8.717E+00	22
egfr-bridge-id85	9eom-assembly1_A-2	0.175	148	145	215	0.966	0.674	2.392E-01	2.298E-01	1.593E-01	6.792E+00	22
egfr-bridge-id85	9eom-assembly1_A-3	0.175	148	145	215	0.966	0.674	2.392E-01	2.298E-01	1.593E-01	6.792E+00	22
egfr-bridge-id85	9eom-assembly1_A-4	0.175	148	145	215	0.966	0.674	2.392E-01	2.298E-01	1.593E-01	6.792E+00	22
egfr-bridge-id85	9eom-assembly1_A-5	0.175	148	145	215	0.966	0.674	2.392E-01	2.298E-01	1.593E-01	6.792E+00	22
egfr-bridge-id85	9eom-assembly1_A-6	0.175	148	145	215	0.966	0.674	2.392E-01	2.298E-01	1.593E-01	6.792E+00	22
egfr-bridge-id85	9eom-assembly1_A-7	0.175	148	145	215	0.966	0.674	2.392E-01	2.298E-01	1.593E-01	6.792E+00	22
egfr-bridge-id85	9eom-assembly1_A-8	0.175	148	145	215	0.966	0.674	2.392E-01	2.298E-01	1.593E-01	6.792E+00	22
egfr-bridge-id85	9eom-assembly1_A-9	0.175	148	145	215	0.966	0.674	2.392E-01	2.298E-01	1.593E-01	6.792E+00	22
egfr-bridge-id85	9eom-assembly1_A-10	0.175	148	145	215	0.966	0.674	2.392E-01	2.298E-01	1.593E-01	6.792E+00	22
egfr-bridge-id85	9eom-assembly1_A-11	0.175	148	145	215	0.966	0.674	2.392E-01	2.298E-01	1.593E-01	6.792E+00	22
egfr-bridge-id85	9eom-assembly1_A-12	0.175	148	145	215	0.966	0.674	2.392E-01	2.298E-01	1.593E-01	6.792E+00	22
egfr-bridge-id85	9eom-assembly1_A-13	0.175	148	145	215	0.966	0.674	2.392E-01	2.298E-01	1.593E-01	6.792E+00	22
egfr-bridge-id85	9eom-assembly1_A-14	0.175	148	145	215	0.966	0.674	2.392E-01	2.298E-01	1.593E-01	6.792E+00	22
egfr-bridge-id85	9eom-assembly1_A-15	0.175	148	145	215	0.966	0.674	2.392E-01	2.298E-01	1.593E-01	6.792E+00	22
egfr-bridge-id85	9eom-assembly1_A-16	0.175	148	145	215	0.966	0.674	2.392E-01	2.298E-01	1.593E-01	6.792E+00	22
egfr-bridge-id85	9eom-assembly1_A-17	0.175	148	145	215	0.966	0.674	2.392E-01	2.298E-01	1.593E-01	6.792E+00	22
egfr-bridge-id85	9eom-assembly1_A-18	0.175	148	145	215	0.966	0.674	2.392E-01	2.298E-01	1.593E-01	6.792E+00	22
egfr-bridge-id85	9eom-assembly1_A-19	0.175	148	145	215	0.966	0.674	2.392E-01	2.298E-01	1.593E-01	6.792E+00	22
egfr-bridge-id85	9eom-assembly1_A-20	0.175	148	145	215	0.966	0.674	2.392E-01	2.298E-01	1.593E-01	6.792E+00	22
egfr-bridge-id85	9eom-assembly1_A-21	0.175	148	145	215	0.966	0.674	2.392E-01	2.298E-01	1.593E-01	6.792E+00	22
egfr-bridge-id85	9eom-assembly1_A-22	0.175	148	145	215	0.966	0.674	2.392E-01	2.298E-01	1.593E-01	6.792E+00	22
egfr-bridge-id85	9eom-assembly1_A-23	0.175	148	145	215	0.966	0.674	2.392E-01	2.298E-01	1.593E-01	6.792E+00	22
egfr-bridge-id85	9eom-assembly1_A-24	0.175	148	145	215	0.966	0.674	2.392E-01	2.298E-01	1.593E-01	6.792E+00	22
egfr-bridge-id85	9eom-assembly1_A-25	0.175	148	145	215	0.966	0.674	2.392E-01	2.298E-01	1.593E-01	6.792E+00	22
egfr-bridge-id85	9eom-assembly1_A-26	0.175	148	145	215	0.966	0.674	2.392E-01	2.298E-01	1.593E-01	6.792E+00	22
egfr-bridge-id85	9eom-assembly1_A-27	0.175	148	145	215	0.966	0.674	2.392E-01	2.298E-01	1.593E-01	6.792E+00	22
egfr-bridge-id85	9eom-assembly1_A-28	0.175	148	145	215	0.966	0.674	2.392E-01	2.298E-01	1.593E-01	6.792E+00	22
egfr-bridge-id85	9eom-assembly1_A-29	0.175	148	145	215	0.966	0.674	2.392E-01	2.298E-01	1.593E-01	6.792E+00	22
egfr-bridge-id85	9eom-assembly1_A-30	0.175	148	145	215	0.966	0.674	2.392E-01	2.298E-01	1.593E-01	6.792E+00	22
egfr-bridge-id85	9eom-assembly1_A-31	0.175	148	145	215	0.966	0.674	2.392E-01	2.298E-01	1.593E-01	6.792E+00	22
egfr-bridge-id85	9eom-assembly1_A-32	0.175	148	145	215	0.966	0.674	2.392E-01	2.298E-01	1.593E-01	6.792E+00	22
egfr-bridge-id85	9eom-assembly1_A-33	0.175	148	145	215	0.966	0.674	2.392E-01	2.298E-01	1.593E-01	6.792E+00	22
egfr-bridge-id85	9eom-assembly1_A-34	0.175	148	145	215	0.966	0.674	2.392E-01	2.298E-01	1.593E-01	6.792E+00	22
egfr-bridge-id85	9eom-assembly1_A-35	0.175	148	145	215	0.966	0.674	2.392E-01	2.298E-01	1.593E-01	6.792E+00	22
egfr-bridge-id85	9eom-assembly1_A-36	0.175	148	145	215	0.966	0.674	2.392E-01	2.298E-01	1.593E-01	6.792E+00	22
egfr-bridge-id85	9eom-assembly1_A-37	0.175	148	145	215	0.966	0.674	2.392E-01	2.298E-01	1.593E-01	6.792E+00	22
egfr-bridge-id85	9eom-assembly1_A-38	0.175	148	145	215	0.966	0.674	2.392E-01	2.298E-01	1.593E-01	6.792E+00	22
egfr-bridge-id85	9eom-assembly1_A-39	0.175	148	145	215	0.966	0.674	2.392E-01	2.298E-01	1.593E-01	6.792E+00	22
egfr-bridge-id85	9eom-assembly1_A-40	0.175	148	145	215	0.966	0.674	2.392E-01	2.298E-01	1.593E-01	6.792E+00	22
egfr-bridge-id85	9eom-assembly1_A-41	0.175	148	145	215	0.966	0.674	2.392E-01	2.298E-01	1.593E-01	6.792E+00	22
egfr-bridge-id85	9eom-assembly1_A-42	0.175	148	145	215	0.966	0.674	2.392E-01	2.298E-01	1.593E-01	6.792E+00	22
egfr-bridge-id85	9eom-assembly1_A-43	0.175	148	145	215	0.966	0.674	2.392E-01	2.298E-01	1.593E-01	6.792E+00	22
egfr-bridge-id85	9eom-assembly1_A-44	0.175	148	145	215	0.966	0.674	2.392E-01	2.298E-01	1.593E-01	6.792E+00	22
egfr-bridge-id85	9eom-assembly1_A-45	0.175	148	145	215	0.966	0.674	2.392E-01	2.298E-01	1.593E-01	6.792E+00	22
egfr-bridge-id85	9eom-assembly1_A-46	0.175	148	145	215	0.966	0.674	2.392E-01	2.298E-01	1.593E-01	6.792E+00	22
egfr-bridge-id85	9eom-assembly1_A-47	0.175	148	145	215	0.966	0.674	2.392E-01	2.298E-01	1.593E-01	6.792E+00	22
egfr-bridge-id85	9eom-assembly1_A-48	0.175	148	145	215	0.966	0.674	2.392E-01	2.298E-01	1.593E-01	6.792E+00	22
egfr-bridge-id85	9eom-assembly1_A-49	0.175	148	145	215	0.966	0.674	2.392E-01	2.298E-01	1.593E-01	6.792E+00	22
egfr-bridge-id85	9eom-assembly1_A-50	0.175	148	145	215	0.966	0.674	2.392E-01	2.298E-01	1.593E-01	6.792E+00	22
egfr-bridge-id85	9eom-assembly1_A-51	0.175	148	145	215	0.966	0.674	2.392E-01	2.298E-01	1.593E-01	6.792E+00	22
egfr-bridge-id85	9eom-assembly1_A-52	0.175	148	145	215	0.966	0.674	2.392E-01	2.298E-01	1.593E-01	6.792E+00	22
egfr-bridge-id85	9eom-assembly1_A-53	0.175	148	145	215	0.966	0.674	2.392E-01	2.298E-01	1.593E-01	6.792E+00	22
egfr-bridge-id85	9eom-assembly1_A-54	0.175	148	145	215	0.966	0.674	2.392E-01	2.298E-01	1.593E-01	6.792E+00	22
egfr-bridge-id85	9eom-assembly1_A-55	0.175	148	145	215	0.966	0.674	2.392E-01	2.298E-01	1.593E-01	6.792E+00	22
egfr-bridge-id85	9eom-assembly1_A-56	0.175	148	145	215	0.966	0.674	2.392E-01	2.298E-01	1.593E-01	6.792E+00	22
egfr-bridge-id85	9eom-assembly1_A-57	0.175	148	145	215	0.966	0.674	2.392E-01	2.298E-01	1.593E-01	6.792E+00	22
egfr-bridge-id85	9eom-assembly1_A-58	0.175	148	145	215	0.966	0.674	2.392E-01	2.298E-01	1.593E-01	6.792E+00	22
egfr-bridge-id85	9eom-assembly1_A-59	0.175	148	145	215	0.966	0.674	2.392E-01	2.298E-01	1.593E-01	6.792E+00	22
egfr-bridge-id85	9eom-assembly1_A-60	0.175	148	145	215	0.966	0.674	2.392E-01	2.298E-01	1.593E-01	6.792E+00	22
egfr-bridge-id85	9eon-assembly1_A	0.175	148	145	215	0.966	0.674	2.389E-01	2.295E-01	1.591E-01	7.139E+00	22
egfr-bridge-id85	5cwq-assembly1_A	0.173	161	145	233	0.972	0.648	2.023E-01	1.959E-01	1.293E-01	5.292E+00	22
egfr-bridge-id85	4kzg-assembly8_H	0.140	214	145	307	0.952	0.668	2.176E-01	2.061E-01	1.236E-01	4.556E+00	22
egfr-bridge-id85	5xbk-assembly2_A	0.131	144	145	366	0.828	0.366	2.214E-01	1.877E-01	1.017E-01	5.292E+00	22
egfr-bridge-id85	3uno-assembly1_X	0.134	141	145	167	0.786	0.814	2.498E-01	1.961E-01	1.710E-01	7.889E+00	21
egfr-bridge-id85	3uno-assembly1_F	0.134	141	145	168	0.786	0.810	2.497E-01	1.961E-01	1.699E-01	7.889E+00	21
egfr-bridge-id85	3uno-assembly1_B	0.134	141	145	169	0.786	0.805	2.499E-01	1.962E-01	1.691E-01	8.293E+00	21
egfr-bridge-id85	3uno-assembly1_N	0.134	141	145	172	0.786	0.791	2.498E-01	1.961E-01	1.662E-01	8.293E+00	21
egfr-bridge-id85	7vg4-assembly3_E	0.155	148	145	196	0.972	0.643	1.828E-01	1.619E-01	1.302E-01	4.123E+00	21
egfr-bridge-id85	5wsg-assembly1_v	0.123	146	145	593	0.752	0.236	2.117E-01	1.728E-01	6.777E-02	4.334E+00	21
egfr-bridge-id85	5krw-assembly1_A	0.089	145	145	155	0.814	0.819	2.240E-01	1.856E-01	1.747E-01	7.505E+00	20
egfr-bridge-id85	1g73-assembly2_B	0.128	148	145	157	0.986	0.847	2.354E-01	2.155E-01	2.001E-01	9.163E+00	20
egfr-bridge-id85	3uno-assembly1_R	0.134	141	145	170	0.786	0.800	2.499E-01	1.962E-01	1.681E-01	8.717E+00	20
egfr-bridge-id85	7n9z-assembly1_H	0.120	124	145	184	0.800	0.549	2.665E-01	1.845E-01	1.456E-01	9.632E+00	20
egfr-bridge-id85	7o3y-assembly1_F	0.160	150	145	215	0.952	0.665	2.406E-01	2.283E-01	1.589E-01	9.163E+00	20
egfr-bridge-id85	6ygc-assembly1_B	0.126	142	145	720	0.876	0.192	2.578E-01	2.268E-01	7.294E-02	9.632E+00	20
egfr-bridge-id85	2fup-assembly1_A	0.101	118	145	128	0.752	0.805	1.693E-01	1.236E-01	1.371E-01	4.334E+00	19
egfr-bridge-id85	2qqy-assembly1_A	0.116	155	145	139	0.903	0.964	2.377E-01	2.139E-01	2.228E-01	9.632E+00	19
egfr-bridge-id85	5d39-assembly2_A	0.161	136	145	489	0.855	0.239	1.997E-01	1.708E-01	6.522E-02	7.505E+00	19
egfr-bridge-id85	3nyl-assembly1_A-2	0.178	146	145	196	0.966	0.724	1.971E-01	1.908E-01	1.506E-01	9.632E+00	18
egfr-bridge-id85	1zs3-assembly1_H	0.112	125	145	171	0.690	0.643	2.146E-01	1.588E-01	1.450E-01	8.293E+00	17
egfr-bridge-id85	3cwg-assembly1_A	0.104	162	145	501	0.931	0.301	1.802E-01	1.693E-01	6.135E-02	7.889E+00	17
egfr-bridge-id85	8x84-assembly1_A	0.109	155	145	381	0.855	0.349	1.595E-01	1.401E-01	6.961E-02	9.632E+00	13
egfr-siteA-id86	8i8y-assembly1_B	0.187	64	80	70	0.700	0.900	6.207E-01	4.702E-01	5.212E-01	3.703E-02	71
egfr-siteA-id86	4z9e-assembly1_B	0.156	83	80	85	0.938	0.894	5.482E-01	5.129E-01	4.868E-01	1.039E-01	62
egfr-siteA-id86	8p5d-assembly1_LX0	0.149	67	80	112	0.837	0.500	4.898E-01	3.697E-01	2.840E-01	3.966E-02	60
egfr-siteA-id86	5lmr-assembly1_X	0.139	79	80	168	0.938	0.423	6.462E-01	5.853E-01	3.200E-01	2.370E-01	60
egfr-siteA-id86	2qa4-assembly1_S	0.153	65	80	81	0.812	0.667	5.095E-01	3.734E-01	3.697E-01	4.875E-02	59
egfr-siteA-id86	4jn6-assembly1_D	0.206	58	80	296	0.675	0.196	6.146E-01	4.658E-01	1.554E-01	1.681E-01	59
egfr-siteA-id86	7z3s-assembly1_A	0.145	55	80	292	0.650	0.182	6.682E-01	4.686E-01	1.507E-01	2.213E-01	56
egfr-siteA-id86	4lrt-assembly1_B	0.118	59	80	295	0.663	0.200	5.978E-01	4.379E-01	1.495E-01	1.681E-01	55
egfr-siteA-id86	6lss-assembly1_g	0.138	65	80	118	0.812	0.458	4.777E-01	3.496E-01	2.546E-01	8.450E-02	54
egfr-siteA-id86	4v8p-assembly4_GR	0.123	65	80	121	0.812	0.446	4.812E-01	3.524E-01	2.567E-01	7.364E-02	54
egfr-siteA-id86	7ohq-assembly1_X	0.132	68	80	141	0.850	0.404	4.574E-01	3.463E-01	2.272E-01	8.450E-02	54
egfr-siteA-id86	3gku-assembly1_A	0.139	79	80	206	0.975	0.325	5.432E-01	4.796E-01	2.362E-01	1.800E-01	54
egfr-siteA-id86	8xap-assembly1_A	0.118	76	80	81	0.950	0.827	4.849E-01	4.361E-01	4.330E-01	1.928E-01	53
egfr-siteA-id86	8ove-assembly1_BX	0.138	65	80	117	0.812	0.462	4.812E-01	3.467E-01	2.599E-01	1.112E-01	53
egfr-siteA-id86	6az3-assembly1_V	0.125	64	80	118	0.800	0.475	4.837E-01	3.669E-01	2.702E-01	9.695E-02	53
egfr-siteA-id86	3gku-assembly1_B	0.103	77	80	193	0.962	0.321	6.478E-01	5.294E-01	2.560E-01	4.714E-01	53
egfr-siteA-id86	2crq-assembly1_A	0.154	71	80	112	0.850	0.625	5.102E-01	4.564E-01	3.679E-01	2.066E-01	52
egfr-siteA-id86	8a3w-assembly1_V	0.153	65	80	118	0.812	0.458	4.884E-01	3.535E-01	2.618E-01	1.112E-01	52
egfr-siteA-id86	6xu7-assembly1_CX	0.164	67	80	120	0.837	0.492	4.984E-01	3.906E-01	2.876E-01	1.367E-01	52
egfr-siteA-id86	8bip-assembly1_LX	0.123	65	80	121	0.812	0.471	4.736E-01	3.612E-01	2.666E-01	1.276E-01	52
egfr-siteA-id86	8fky-assembly1_LH	0.123	65	80	135	0.812	0.422	4.682E-01	3.594E-01	2.427E-01	1.276E-01	52
egfr-siteA-id86	7dl8-assembly1_D	0.137	80	80	109	1.000	0.661	5.389E-01	5.001E-01	4.069E-01	2.719E-01	51
egfr-siteA-id86	4v42-assembly1_BT	0.169	65	80	76	0.812	0.697	4.814E-01	3.425E-01	3.560E-01	1.569E-01	50
egfr-siteA-id86	8b2l-assembly1_k3	0.138	65	80	117	0.812	0.462	4.880E-01	3.482E-01	2.579E-01	1.465E-01	50
egfr-siteA-id86	4u4r-assembly2_n5	0.134	67	80	120	0.837	0.467	4.673E-01	3.429E-01	2.552E-01	1.569E-01	50
egfr-siteA-id86	7ohv-assembly1_X	0.132	68	80	127	0.850	0.449	4.614E-01	3.488E-01	2.450E-01	1.681E-01	50
egfr-siteA-id86	6yly-assembly1_X	0.134	67	80	141	0.837	0.397	4.658E-01	3.444E-01	2.234E-01	1.569E-01	50
egfr-siteA-id86	7po1-assembly1_8	0.095	84	80	191	0.988	0.382	5.241E-01	4.885E-01	2.489E-01	2.913E-01	50
egfr-siteA-id86	1nh9-assembly1_A	0.152	72	80	80	0.887	0.812	5.143E-01	4.488E-01	4.488E-01	3.342E-01	49
egfr-siteA-id86	9e7f-assembly1_AU	0.196	66	80	81	0.825	0.679	5.220E-01	3.900E-01	3.861E-01	2.539E-01	49
egfr-siteA-id86	6th6-assembly1_BW	0.133	60	80	85	0.750	0.588	5.193E-01	3.574E-01	3.402E-01	2.539E-01	49
egfr-siteA-id86	8xap-assembly2_B	0.125	80	80	86	0.938	0.860	5.293E-01	4.951E-01	4.695E-01	3.120E-01	49
egfr-siteA-id86	4d5y-assembly1_X	0.138	65	80	119	0.812	0.454	4.800E-01	3.462E-01	2.543E-01	2.066E-01	49
egfr-siteA-id86	7oyc-assembly1_X1	0.123	65	80	119	0.812	0.479	4.796E-01	3.670E-01	2.701E-01	1.800E-01	49
egfr-siteA-id86	8c3a-assembly1_8	0.158	63	80	121	0.775	0.455	4.754E-01	3.530E-01	2.571E-01	1.800E-01	49
egfr-siteA-id86	8fkv-assembly1_LH	0.123	65	80	133	0.812	0.429	4.706E-01	3.595E-01	2.466E-01	1.928E-01	49
egfr-siteA-id86	6cb1-assembly1_X	0.153	65	80	141	0.800	0.404	4.719E-01	3.658E-01	2.346E-01	1.928E-01	49
egfr-siteA-id86	8bsj-assembly1_LY	0.138	65	80	113	0.812	0.504	4.861E-01	3.699E-01	2.854E-01	2.213E-01	48
egfr-siteA-id86	5c2u-assembly1_A	0.131	61	80	116	0.712	0.500	6.860E-01	5.136E-01	3.737E-01	1.076E+00	48
egfr-siteA-id86	7qiz-assembly1_Z	0.153	65	80	117	0.812	0.462	4.872E-01	3.508E-01	2.600E-01	1.800E-01	48
egfr-siteA-id86	7avy-assembly1_A	0.220	59	80	270	0.700	0.207	6.160E-01	4.669E-01	1.655E-01	5.793E-01	48
egfr-siteA-id86	8kea-assembly1_W	0.061	49	80	113	0.613	0.425	7.613E-01	4.959E-01	3.655E-01	1.234E+00	47
egfr-siteA-id86	7oyb-assembly1_X1	0.123	65	80	117	0.812	0.487	4.795E-01	3.641E-01	2.694E-01	2.213E-01	47
egfr-siteA-id86	5xxb-assembly1_W	0.138	65	80	127	0.812	0.425	4.765E-01	3.450E-01	2.454E-01	2.539E-01	47
egfr-siteA-id86	8rdw-assembly1_BQ	0.142	70	80	131	0.863	0.420	6.133E-01	4.510E-01	3.037E-01	5.793E-01	47
egfr-siteA-id86	5yac-assembly1_A	0.139	79	80	330	0.900	0.224	4.866E-01	4.489E-01	1.534E-01	3.120E-01	47
egfr-siteA-id86	2ww9-assembly1_K	0.123	65	80	83	0.812	0.687	4.733E-01	3.574E-01	3.475E-01	3.342E-01	46
egfr-siteA-id86	7r72-assembly1_X	0.134	67	80	98	0.837	0.571	4.661E-01	3.440E-01	2.957E-01	2.913E-01	46
egfr-siteA-id86	7pwo-assembly1_X2	0.140	64	80	116	0.800	0.483	4.852E-01	3.678E-01	2.761E-01	2.913E-01	46
egfr-siteA-id86	6ft6-assembly1_X	0.134	67	80	122	0.837	0.459	4.647E-01	3.425E-01	2.492E-01	2.913E-01	46
egfr-siteA-id86	8pv5-assembly1_LX	0.138	65	80	122	0.812	0.467	4.684E-01	3.567E-01	2.562E-01	2.213E-01	46
egfr-siteA-id86	4v5z-assembly1_Bs	0.147	68	80	78	0.850	0.731	4.625E-01	3.496E-01	3.554E-01	3.120E-01	44
egfr-siteA-id86	8hl2-assembly1_L23P	0.169	65	80	81	0.812	0.704	5.182E-01	3.943E-01	3.904E-01	4.400E-01	44
egfr-siteA-id86	4v61-assembly1_BV	0.176	68	80	85	0.850	0.659	5.434E-01	4.163E-01	3.972E-01	5.049E-01	44
egfr-siteA-id86	5xy3-assembly1_X	0.121	66	80	101	0.825	0.554	5.306E-01	3.977E-01	3.294E-01	5.408E-01	44
egfr-siteA-id86	4v6w-assembly1_CX	0.169	65	80	120	0.812	0.450	4.753E-01	3.444E-01	2.512E-01	2.913E-01	44
egfr-siteA-id86	6uz7-assembly1_AX	0.134	67	80	121	0.837	0.463	4.648E-01	3.417E-01	2.509E-01	3.580E-01	44
egfr-siteA-id86	7uwb-assembly1_I	0.185	54	80	207	0.675	0.232	7.305E-01	4.734E-01	2.033E-01	1.864E+00	44
egfr-siteA-id86	5x8t-assembly1_U	0.149	67	80	92	0.837	0.641	5.588E-01	4.425E-01	3.980E-01	8.170E-01	43
egfr-siteA-id86	7dl8-assembly1_C	0.139	79	80	98	0.988	0.684	4.426E-01	3.895E-01	3.393E-01	2.913E-01	43
egfr-siteA-id86	8ipa-assembly1_NA	0.200	65	80	116	0.800	0.491	4.731E-01	3.548E-01	2.721E-01	4.108E-01	43
egfr-siteA-id86	9axt-assembly1_Bj	0.138	65	80	118	0.812	0.483	4.892E-01	3.701E-01	2.714E-01	4.400E-01	43
egfr-siteA-id86	3j77-assembly1_75	0.153	65	80	121	0.800	0.471	4.571E-01	3.530E-01	2.563E-01	3.835E-01	43
egfr-siteA-id86	4atn-assembly1_A	0.118	59	80	357	0.712	0.157	6.031E-01	4.582E-01	1.288E-01	8.170E-01	43
egfr-siteA-id86	7bt6-assembly1_X	0.134	67	80	86	0.837	0.651	4.654E-01	3.422E-01	3.279E-01	5.408E-01	42
egfr-siteA-id86	6zu5-assembly1_LX0	0.166	66	80	98	0.825	0.561	4.935E-01	3.658E-01	3.133E-01	6.206E-01	42
egfr-siteA-id86	6u5k-assembly1_B	0.200	50	80	99	0.600	0.505	7.323E-01	4.827E-01	4.026E-01	1.864E+00	42
egfr-siteA-id86	7ohr-assembly1_X	0.121	66	80	135	0.825	0.400	4.704E-01	3.436E-01	2.320E-01	4.714E-01	42
egfr-siteA-id86	8ipx-assembly1_g	0.138	65	80	145	0.812	0.372	4.824E-01	3.468E-01	2.184E-01	4.714E-01	42
egfr-siteA-id86	7cr9-assembly1_B	0.085	82	80	206	0.725	0.354	4.336E-01	3.328E-01	1.519E-01	2.213E-01	42
egfr-siteA-id86	3hz7-assembly1_A	0.102	68	80	74	0.850	0.757	6.513E-01	4.939E-01	5.243E-01	1.864E+00	41
egfr-siteA-id86	7csl-assembly2_D	0.125	56	80	88	0.688	0.568	6.260E-01	4.470E-01	4.158E-01	1.625E+00	41
egfr-siteA-id86	6rm3-assembly1_LX0	0.119	67	80	93	0.837	0.602	4.875E-01	3.683E-01	3.290E-01	6.206E-01	41
egfr-siteA-id86	8tpu-assembly1_AY	0.153	65	80	101	0.812	0.535	4.835E-01	3.493E-01	2.928E-01	6.647E-01	41
egfr-siteA-id86	5t2a-assembly1_V	0.153	65	80	120	0.812	0.450	4.769E-01	3.439E-01	2.480E-01	5.049E-01	41
egfr-siteA-id86	8ia0-assembly1_LX	0.151	66	80	137	0.825	0.394	4.736E-01	3.421E-01	2.240E-01	4.714E-01	41
egfr-siteA-id86	5mmm-assembly1_U	0.185	70	80	96	0.850	0.583	5.463E-01	4.121E-01	3.564E-01	9.374E-01	40
egfr-siteA-id86	6sxo-assembly1_LX	0.153	65	80	120	0.812	0.450	4.950E-01	3.582E-01	2.600E-01	5.793E-01	40
egfr-siteA-id86	1in0-assembly2_B	0.186	86	80	162	0.962	0.500	3.975E-01	3.866E-01	2.406E-01	3.835E-01	40
egfr-siteA-id86	5lmv-assembly1_X	0.108	83	80	164	0.975	0.451	4.207E-01	3.982E-01	2.422E-01	4.714E-01	40
egfr-siteA-id86	7wrs-assembly1_B	0.073	95	80	280	0.975	0.314	4.055E-01	3.941E-01	1.569E-01	4.108E-01	40
egfr-siteA-id86	7p6u-assembly1_A	0.097	82	80	772	0.725	0.095	4.497E-01	3.406E-01	4.938E-02	4.400E-01	40
egfr-siteA-id86	3wbm-assembly1_B	0.123	73	80	84	0.863	0.798	4.771E-01	4.255E-01	4.122E-01	7.627E-01	39
egfr-siteA-id86	2lqj-assembly1_A	0.092	54	80	94	0.675	0.511	6.487E-01	4.269E-01	3.747E-01	2.139E+00	39
egfr-siteA-id86	1j5u-assembly1_A	0.151	86	80	127	1.000	0.591	3.616E-01	3.392E-01	2.309E-01	3.835E-01	39
egfr-siteA-id86	2z9o-assembly1_B	0.058	85	80	218	0.887	0.381	5.321E-01	4.825E-01	2.175E-01	1.152E+00	39
egfr-siteA-id86	8ih7-assembly1_D	0.104	67	80	311	0.650	0.215	5.907E-01	4.296E-01	1.392E-01	1.152E+00	39
egfr-siteA-id86	8bgt-assembly1_A	0.104	96	80	319	0.938	0.270	4.338E-01	4.129E-01	1.499E-01	5.408E-01	39
egfr-siteA-id86	8ucf-assembly1_A	0.120	58	80	381	0.712	0.126	7.230E-01	4.767E-01	1.152E-01	3.017E+00	39
egfr-siteA-id86	7p6u-assembly1_C	0.097	82	80	772	0.725	0.095	4.503E-01	3.413E-01	4.902E-02	4.714E-01	39
egfr-siteA-id86	1udv-assembly1_A	0.090	77	80	88	0.887	0.795	5.006E-01	4.515E-01	4.215E-01	1.152E+00	38
egfr-siteA-id86	7qep-assembly1_N5	0.134	67	80	93	0.837	0.591	4.530E-01	3.417E-01	3.047E-01	7.627E-01	38
egfr-siteA-id86	3jcs-assembly1_V	0.153	65	80	118	0.812	0.458	4.853E-01	3.475E-01	2.564E-01	7.627E-01	38
egfr-siteA-id86	7tor-assembly1_AL25	0.138	65	80	118	0.812	0.483	4.643E-01	3.515E-01	2.627E-01	7.627E-01	38
egfr-siteA-id86	6j0n-assembly1_D	0.148	54	80	127	0.613	0.425	5.829E-01	4.088E-01	2.827E-01	1.152E+00	38
egfr-siteA-id86	3eey-assembly5_G	0.182	82	80	179	0.925	0.413	4.481E-01	4.200E-01	2.336E-01	9.374E-01	38
egfr-siteA-id86	3ddn-assembly1_A	0.122	57	80	527	0.700	0.093	5.660E-01	3.928E-01	7.849E-02	1.517E+00	38
egfr-siteA-id86	4evu-assembly2_B	0.212	66	80	68	0.825	0.897	3.870E-01	3.150E-01	3.557E-01	6.206E-01	37
egfr-siteA-id86	2j37-assembly1_4	0.153	65	80	81	0.812	0.704	4.637E-01	3.596E-01	3.562E-01	1.152E+00	37
egfr-siteA-id86	2ife-assembly1_A	0.141	78	80	91	0.925	0.780	6.336E-01	5.751E-01	5.218E-01	3.232E+00	37
egfr-siteA-id86	6eri-assembly1_AT	0.161	68	80	92	0.850	0.609	5.334E-01	4.036E-01	3.634E-01	1.152E+00	37
egfr-siteA-id86	2q3v-assembly1_A	0.153	78	80	93	0.938	0.742	5.040E-01	4.570E-01	4.145E-01	1.416E+00	37
egfr-siteA-id86	6ip8-assembly1_2R	0.174	63	80	119	0.775	0.454	4.528E-01	3.406E-01	2.535E-01	7.120E-01	37
egfr-siteA-id86	6xu8-assembly1_CX	0.243	37	80	120	0.463	0.308	5.567E-01	3.156E-01	2.275E-01	1.004E+00	37
egfr-siteA-id86	4v3p-assembly1_LX	0.179	67	80	122	0.837	0.459	4.741E-01	3.545E-01	2.535E-01	8.752E-01	37
egfr-siteA-id86	6zj3-assembly1_Lk	0.166	66	80	131	0.825	0.420	4.848E-01	3.566E-01	2.436E-01	1.076E+00	37
egfr-siteA-id86	3cjt-assembly4_G	0.123	73	80	251	0.887	0.235	5.545E-01	4.453E-01	1.786E-01	1.322E+00	37
egfr-siteA-id86	3g33-assembly1_C	0.161	62	80	291	0.712	0.210	4.787E-01	3.782E-01	1.396E-01	8.170E-01	37
egfr-siteA-id86	5fii-assembly1_C	0.053	56	80	76	0.700	0.632	6.098E-01	4.094E-01	4.245E-01	2.816E+00	36
egfr-siteA-id86	4od6-assembly1_A	0.096	83	80	82	0.962	0.854	5.747E-01	5.150E-01	5.054E-01	3.462E+00	36
egfr-siteA-id86	4v6u-assembly1_BT	0.123	65	80	84	0.812	0.679	5.375E-01	4.083E-01	3.934E-01	1.741E+00	36
egfr-siteA-id86	5t5h-assembly1_X	0.153	65	80	109	0.812	0.495	4.782E-01	3.447E-01	2.717E-01	1.004E+00	36
egfr-siteA-id86	7dl8-assembly1_A	0.131	76	80	114	0.938	0.596	5.210E-01	4.682E-01	3.707E-01	1.741E+00	36
egfr-siteA-id86	9cai-assembly1_CX	0.076	65	80	119	0.812	0.454	4.749E-01	3.421E-01	2.536E-01	1.322E+00	36
egfr-siteA-id86	6rao-assembly1_H	0.080	50	80	125	0.587	0.400	7.280E-01	4.762E-01	3.240E-01	3.972E+00	36
egfr-siteA-id86	6yef-assembly1_h	0.128	70	80	131	0.863	0.427	5.799E-01	4.362E-01	2.940E-01	1.625E+00	36
egfr-siteA-id86	8fxr-assembly1_AT	0.102	68	80	155	0.675	0.432	4.251E-01	3.323E-01	2.181E-01	5.793E-01	36
egfr-siteA-id86	8fwm-assembly1_AS	0.102	68	80	171	0.675	0.392	4.235E-01	3.319E-01	2.013E-01	5.408E-01	36
egfr-siteA-id86	5tvo-assembly1_A	0.126	63	80	255	0.700	0.216	5.534E-01	4.022E-01	1.454E-01	1.416E+00	36
egfr-siteA-id86	8gu3-assembly1_A	0.136	73	80	256	0.850	0.254	4.611E-01	4.044E-01	1.739E-01	1.152E+00	36
egfr-siteA-id86	7r5j-assembly1_H0	0.096	62	80	383	0.725	0.154	6.777E-01	5.171E-01	1.286E-01	3.972E+00	36
egfr-siteA-id86	3dc2-assembly1_B	0.122	57	80	523	0.700	0.094	5.630E-01	3.901E-01	7.870E-02	1.741E+00	36
egfr-siteA-id86	5mlc-assembly1_V	0.176	68	80	91	0.850	0.615	5.523E-01	4.216E-01	3.825E-01	1.864E+00	35
egfr-siteA-id86	7dl8-assembly1_B	0.133	75	80	110	0.938	0.600	5.105E-01	4.535E-01	3.692E-01	1.625E+00	35
egfr-siteA-id86	8pv3-assembly1_LX	0.140	64	80	145	0.800	0.366	4.872E-01	3.446E-01	2.149E-01	1.234E+00	35
egfr-siteA-id86	6p8g-assembly1_B	0.163	61	80	259	0.700	0.216	5.332E-01	4.006E-01	1.515E-01	1.625E+00	35
egfr-siteA-id86	5tf9-assembly2_B	0.166	54	80	266	0.650	0.203	4.785E-01	3.730E-01	1.500E-01	1.004E+00	35
egfr-siteA-id86	8uce-assembly1_B-2	0.119	67	80	379	0.825	0.156	5.758E-01	4.480E-01	1.166E-01	1.741E+00	35
egfr-siteA-id86	8ucg-assembly1_B	0.175	57	80	379	0.712	0.127	6.444E-01	4.350E-01	1.121E-01	3.017E+00	35
egfr-siteA-id86	1vr4-assembly1_E	0.123	73	80	93	0.700	0.774	4.886E-01	3.728E-01	3.332E-01	1.741E+00	34
egfr-siteA-id86	6x2d-assembly1_B	0.174	86	80	109	0.913	0.697	4.036E-01	3.771E-01	3.051E-01	5.049E-01	34
egfr-siteA-id86	7r81-assembly1_Z1	0.140	64	80	118	0.800	0.449	4.828E-01	3.462E-01	2.545E-01	1.517E+00	34
egfr-siteA-id86	8brm-assembly1_LY	0.169	65	80	119	0.812	0.454	4.786E-01	3.487E-01	2.560E-01	1.416E+00	34
egfr-siteA-id86	4v8m-assembly1_BX	0.138	65	80	121	0.812	0.446	4.829E-01	3.552E-01	2.620E-01	1.864E+00	34
egfr-siteA-id86	7qep-assembly1_D4	0.140	57	80	127	0.700	0.441	4.458E-01	3.525E-01	2.588E-01	9.374E-01	34
egfr-siteA-id86	1jw3-assembly1_A	0.105	57	80	140	0.688	0.386	4.732E-01	3.709E-01	2.482E-01	1.234E+00	34
egfr-siteA-id86	7sa4-assembly1_8	0.183	60	80	203	0.688	0.291	4.923E-01	3.795E-01	1.841E-01	1.322E+00	34
egfr-siteA-id86	2j3s-assembly2_B	0.260	23	80	228	0.287	0.096	6.466E-01	2.523E-01	9.303E-02	1.517E+00	34
egfr-siteA-id86	2zbq-assembly1_A	0.126	71	80	251	0.887	0.235	5.828E-01	4.708E-01	1.880E-01	2.629E+00	34
egfr-siteA-id86	3cjq-assembly3_G	0.123	73	80	252	0.887	0.234	5.689E-01	4.569E-01	1.809E-01	2.455E+00	34
egfr-siteA-id86	6dzs-assembly1_A	0.178	56	80	431	0.675	0.111	5.304E-01	3.704E-01	9.065E-02	1.322E+00	34
egfr-siteA-id86	4v7h-assembly1_BT	0.128	70	80	80	0.875	0.738	4.698E-01	3.708E-01	3.708E-01	1.864E+00	33
egfr-siteA-id86	6x2d-assembly1_A	0.174	86	80	108	0.913	0.704	4.071E-01	3.800E-01	3.077E-01	6.206E-01	33
egfr-siteA-id86	5jcs-assembly1_X	0.123	65	80	121	0.812	0.471	4.387E-01	3.419E-01	2.495E-01	1.416E+00	33
egfr-siteA-id86	4n2p-assembly1_A	0.177	62	80	143	0.738	0.406	3.955E-01	3.326E-01	2.296E-01	7.120E-01	33
egfr-siteA-id86	2e1b-assembly1_A	0.120	125	80	216	1.000	0.560	5.595E-01	5.535E-01	2.288E-01	3.462E+00	33
egfr-siteA-id86	2w9f-assembly1_B	0.169	59	80	261	0.712	0.222	4.849E-01	3.860E-01	1.561E-01	1.625E+00	33
egfr-siteA-id86	1zxe-assembly3_E	0.137	58	80	264	0.700	0.197	5.646E-01	4.096E-01	1.527E-01	2.139E+00	33
egfr-siteA-id86	6zxw-assembly1_G	0.173	75	80	321	0.925	0.184	5.110E-01	4.171E-01	1.411E-01	2.139E+00	33
egfr-siteA-id86	6zxy-assembly1_B	0.157	76	80	321	0.938	0.187	5.226E-01	4.285E-01	1.437E-01	2.139E+00	33
egfr-siteA-id86	8b0j-assembly1_L	0.160	87	80	481	1.000	0.164	4.384E-01	4.317E-01	1.157E-01	1.625E+00	33
egfr-siteA-id86	2y6i-assembly1_A	0.073	68	80	671	0.700	0.100	5.203E-01	4.116E-01	7.127E-02	2.139E+00	33
egfr-siteA-id86	2y50-assembly1_A	0.074	67	80	672	0.688	0.098	5.293E-01	4.136E-01	7.078E-02	2.455E+00	33
egfr-siteA-id86	2mew-assembly1_A	0.142	56	80	82	0.700	0.646	6.774E-01	4.904E-01	4.808E-01	5.229E+00	32
egfr-siteA-id86	6vrj-assembly1_A	0.128	70	80	97	0.850	0.660	4.225E-01	3.675E-01	3.297E-01	1.517E+00	32
egfr-siteA-id86	8iyd-assembly1_W	0.111	63	80	130	0.650	0.485	4.911E-01	3.769E-01	2.679E-01	1.625E+00	32
egfr-siteA-id86	7r6q-assembly1_N	0.057	70	80	131	0.812	0.511	4.424E-01	3.759E-01	2.602E-01	1.997E+00	32
egfr-siteA-id86	8esr-assembly1_X	0.138	65	80	132	0.812	0.409	5.205E-01	3.811E-01	2.547E-01	2.629E+00	32
egfr-siteA-id86	8ezw-assembly2_B	0.109	73	80	132	0.688	0.523	3.721E-01	2.657E-01	1.807E-01	4.714E-01	32
egfr-siteA-id86	1jj2-assembly1_L	0.205	34	80	194	0.425	0.175	4.683E-01	2.597E-01	1.310E-01	1.517E+00	32
egfr-siteA-id86	2nxj-assembly2_B	0.109	73	80	244	0.887	0.242	5.221E-01	4.186E-01	1.780E-01	2.816E+00	32
egfr-siteA-id86	5o1v-assembly1_B	0.160	56	80	271	0.675	0.203	4.732E-01	3.697E-01	1.480E-01	1.625E+00	32
egfr-siteA-id86	8bid-assembly2_D	0.114	96	80	319	0.938	0.270	4.159E-01	3.967E-01	1.471E-01	1.322E+00	32
egfr-siteA-id86	7m3h-assembly1_B	0.158	63	80	410	0.688	0.151	5.777E-01	4.453E-01	1.133E-01	3.462E+00	32
egfr-siteA-id86	6dzs-assembly1_B	0.163	55	80	427	0.675	0.112	4.719E-01	3.431E-01	9.171E-02	1.416E+00	32
egfr-siteA-id86	6dzs-assembly2_C	0.200	55	80	428	0.675	0.110	5.418E-01	3.727E-01	9.180E-02	1.741E+00	32
egfr-siteA-id86	2w0p-assembly1_A	0.206	29	80	93	0.300	0.312	5.802E-01	2.300E-01	2.005E-01	1.517E+00	31
egfr-siteA-id86	1vr4-assembly1_C	0.113	79	80	99	0.700	0.788	5.094E-01	3.879E-01	3.288E-01	3.232E+00	31
egfr-siteA-id86	3fzb-assembly2_C	0.129	62	80	129	0.650	0.473	5.116E-01	3.866E-01	2.728E-01	1.864E+00	31
egfr-siteA-id86	8g4s-assembly1_W	0.112	71	80	129	0.887	0.450	5.585E-01	4.443E-01	3.131E-01	3.972E+00	31
egfr-siteA-id86	6kny-assembly1_A	0.107	56	80	173	0.675	0.272	5.346E-01	3.709E-01	2.002E-01	2.816E+00	31
egfr-siteA-id86	4adx-assembly1_M	0.176	34	80	182	0.425	0.187	4.669E-01	2.595E-01	1.380E-01	1.741E+00	31
egfr-siteA-id86	3m65-assembly1_A	0.112	80	80	204	0.700	0.348	3.800E-01	2.874E-01	1.353E-01	1.004E+00	31
egfr-siteA-id86	3cjr-assembly1_A	0.123	73	80	249	0.887	0.237	5.640E-01	4.493E-01	1.804E-01	3.232E+00	31
egfr-siteA-id86	2nxc-assembly1_A	0.123	73	80	249	0.887	0.237	5.658E-01	4.531E-01	1.815E-01	3.462E+00	31
egfr-siteA-id86	6p8f-assembly1_B	0.133	60	80	262	0.663	0.214	4.336E-01	3.323E-01	1.388E-01	1.322E+00	31
egfr-siteA-id86	2j3s-assembly1_A	0.241	29	80	270	0.300	0.107	6.311E-01	2.360E-01	7.605E-02	1.864E+00	31
egfr-siteA-id86	7olv-assembly1_A	0.224	58	80	273	0.663	0.194	4.435E-01	3.481E-01	1.379E-01	1.234E+00	31
egfr-siteA-id86	2w9z-assembly1_B	0.169	59	80	287	0.712	0.202	4.718E-01	3.815E-01	1.439E-01	1.997E+00	31
egfr-siteA-id86	3wo4-assembly1_B	0.152	59	80	301	0.712	0.136	4.237E-01	2.554E-01	8.280E-02	5.793E-01	31
egfr-siteA-id86	1nvm-assembly1_B	0.117	68	80	312	0.650	0.218	6.554E-01	4.579E-01	1.396E-01	4.557E+00	31
egfr-siteA-id86	4arf-assembly1_A	0.065	61	80	380	0.650	0.158	5.142E-01	3.826E-01	1.103E-01	2.629E+00	31
egfr-siteA-id86	4are-assembly1_A	0.057	70	80	678	0.700	0.102	4.674E-01	3.609E-01	6.792E-02	1.625E+00	31
egfr-siteA-id86	2ux9-assembly1_C	0.150	60	80	68	0.688	0.838	3.521E-01	2.764E-01	3.081E-01	4.400E-01	30
egfr-siteA-id86	3fzb-assembly2_G	0.126	63	80	132	0.650	0.477	4.979E-01	3.811E-01	2.664E-01	2.292E+00	30
egfr-siteA-id86	3eey-assembly4_I	0.160	81	80	186	0.913	0.392	4.404E-01	4.101E-01	2.180E-01	2.816E+00	30
egfr-siteA-id86	7uwb-assembly1_K	0.192	52	80	217	0.650	0.212	7.068E-01	4.465E-01	1.856E-01	7.899E+00	30
egfr-siteA-id86	7o4o-assembly1_A	0.052	57	80	226	0.712	0.204	3.830E-01	2.695E-01	1.297E-01	8.170E-01	30
egfr-siteA-id86	2zbr-assembly1_A	0.126	71	80	248	0.887	0.238	5.800E-01	4.684E-01	1.896E-01	4.255E+00	30
egfr-siteA-id86	8uch-assembly1_A-2	0.172	58	80	380	0.712	0.126	6.571E-01	4.369E-01	1.103E-01	6.000E+00	30
egfr-siteA-id86	2v19-assembly1_D	0.150	60	80	67	0.688	0.851	3.540E-01	2.775E-01	3.104E-01	6.647E-01	29
egfr-siteA-id86	9imh-assembly1_B	0.094	74	80	159	0.675	0.465	6.519E-01	4.842E-01	2.739E-01	7.375E+00	29
egfr-siteA-id86	2fgc-assembly1_A-2	0.140	57	80	161	0.700	0.298	6.326E-01	4.254E-01	2.382E-01	6.427E+00	29
egfr-siteA-id86	4p3w-assembly2_B	0.206	29	80	171	0.300	0.170	5.848E-01	2.296E-01	1.144E-01	1.864E+00	29
egfr-siteA-id86	6lad-assembly7_C	0.107	56	80	194	0.675	0.242	5.350E-01	3.633E-01	1.781E-01	3.972E+00	29
egfr-siteA-id86	2ipx-assembly1_A	0.133	75	80	220	0.837	0.314	4.907E-01	4.352E-01	2.061E-01	3.708E+00	29
egfr-siteA-id86	5e72-assembly1_A	0.144	76	80	323	0.938	0.195	4.733E-01	4.006E-01	1.343E-01	3.232E+00	29
egfr-siteA-id86	7m66-assembly2_D	0.158	63	80	357	0.675	0.176	6.129E-01	4.603E-01	1.305E-01	6.885E+00	29
egfr-siteA-id86	4ar8-assembly2_B	0.032	61	80	389	0.650	0.154	4.959E-01	3.709E-01	1.074E-01	3.462E+00	29
egfr-siteA-id86	4rvd-assembly1_A	0.120	75	80	418	0.700	0.158	3.865E-01	3.083E-01	8.814E-02	1.517E+00	29
egfr-siteA-id86	6g63-assembly1_A	0.158	63	80	494	0.712	0.107	4.520E-01	3.390E-01	7.809E-02	1.416E+00	29
egfr-siteA-id86	2cz8-assembly1_D	0.163	61	80	68	0.688	0.838	3.291E-01	2.552E-01	2.842E-01	6.206E-01	28
egfr-siteA-id86	6lpi-assembly2_F	0.087	57	80	89	0.700	0.539	6.541E-01	4.353E-01	3.995E-01	7.375E+00	28
egfr-siteA-id86	6rxu-assembly1_Co	0.150	60	80	92	0.688	0.587	4.509E-01	3.534E-01	3.213E-01	2.139E+00	28
egfr-siteA-id86	2eed-assembly1_A	0.136	22	80	101	0.275	0.218	6.790E-01	2.532E-01	2.035E-01	4.557E+00	28
egfr-siteA-id86	6xyb-assembly1_D	0.137	51	80	105	0.625	0.438	4.975E-01	3.297E-01	2.669E-01	2.816E+00	28
egfr-siteA-id86	2di8-assembly1_A	0.307	26	80	111	0.262	0.234	5.196E-01	2.024E-01	1.493E-01	1.517E+00	28
egfr-siteA-id86	8etg-assembly1_X	0.228	35	80	130	0.438	0.269	5.687E-01	3.095E-01	2.064E-01	4.557E+00	28
egfr-siteA-id86	3fz2-assembly3_E	0.126	63	80	133	0.650	0.474	3.724E-01	3.021E-01	2.220E-01	1.234E+00	28
egfr-siteA-id86	2ehj-assembly1_A	0.130	46	80	208	0.562	0.216	4.417E-01	2.628E-01	1.119E-01	1.322E+00	28
egfr-siteA-id86	4x7o-assembly1_A	0.173	52	80	246	0.637	0.211	4.184E-01	3.307E-01	1.504E-01	2.139E+00	28
egfr-siteA-id86	3cjt-assembly7_M	0.123	73	80	254	0.887	0.232	5.547E-01	4.462E-01	1.769E-01	5.229E+00	28
egfr-siteA-id86	4x7h-assembly1_A	0.173	52	80	256	0.637	0.203	3.960E-01	3.156E-01	1.417E-01	1.864E+00	28
egfr-siteA-id86	3tup-assembly1_A	0.135	59	80	404	0.688	0.129	5.393E-01	3.982E-01	1.024E-01	4.557E+00	28
egfr-siteA-id86	3onr-assembly1_B	0.224	58	80	70	0.688	0.786	3.128E-01	2.312E-01	2.531E-01	8.752E-01	27
egfr-siteA-id86	3d3c-assembly2_K	0.068	58	80	87	0.700	0.586	6.326E-01	4.375E-01	4.081E-01	8.462E+00	27
egfr-siteA-id86	2kxo-assembly1_B	0.125	80	80	89	0.850	0.899	4.252E-01	3.811E-01	3.550E-01	2.139E+00	27
egfr-siteA-id86	8c97-assembly1_S	0.195	46	80	93	0.500	0.473	4.840E-01	2.664E-01	2.370E-01	2.629E+00	27
egfr-siteA-id86	1v05-assembly1_A-2	0.192	26	80	96	0.325	0.271	6.415E-01	2.750E-01	2.343E-01	4.882E+00	27
egfr-siteA-id86	6hhn-assembly1_A-2	0.083	60	80	99	0.688	0.576	5.860E-01	4.355E-01	3.659E-01	6.885E+00	27
egfr-siteA-id86	1x4a-assembly1_A	0.148	54	80	109	0.637	0.404	5.024E-01	3.298E-01	2.596E-01	3.462E+00	27
egfr-siteA-id86	1n5v-assembly1_B	0.122	57	80	112	0.688	0.491	5.656E-01	4.336E-01	3.361E-01	6.427E+00	27
egfr-siteA-id86	6ip6-assembly1_2R	0.153	65	80	119	0.812	0.471	4.480E-01	3.446E-01	2.539E-01	3.462E+00	27
egfr-siteA-id86	4v7e-assembly1_BY	0.200	60	80	138	0.688	0.399	3.040E-01	2.453E-01	1.791E-01	6.647E-01	27
egfr-siteA-id86	8apo-assembly1_Al	0.092	108	80	173	0.975	0.595	3.519E-01	3.430E-01	1.979E-01	1.517E+00	27
egfr-siteA-id86	7vzo-assembly1_B	0.260	23	80	191	0.287	0.115	5.500E-01	2.304E-01	1.047E-01	2.816E+00	27
egfr-siteA-id86	4v6u-assembly1_BM	0.089	89	80	194	0.837	0.459	3.908E-01	3.390E-01	1.718E-01	2.816E+00	27
egfr-siteA-id86	1yij-assembly1_M	0.094	74	80	194	0.688	0.366	4.165E-01	3.260E-01	1.746E-01	2.816E+00	27
egfr-siteA-id86	4qdj-assembly1_A	0.094	85	80	208	1.000	0.332	5.155E-01	4.584E-01	2.191E-01	6.000E+00	27
egfr-siteA-id86	1yz6-assembly1_A	0.151	66	80	261	0.750	0.234	4.003E-01	3.370E-01	1.452E-01	1.864E+00	27
egfr-siteA-id86	3t9n-assembly1_D	0.166	60	80	265	0.700	0.208	5.943E-01	4.452E-01	1.610E-01	6.885E+00	27
egfr-siteA-id86	7olx-assembly1_A	0.224	58	80	275	0.663	0.200	4.596E-01	3.619E-01	1.427E-01	3.017E+00	27
egfr-siteA-id86	7c5g-assembly1_Q	0.106	75	80	335	0.688	0.221	5.321E-01	3.993E-01	1.244E-01	3.708E+00	27
egfr-siteA-id86	5ijn-assembly1_F	0.095	63	80	335	0.738	0.179	6.365E-01	4.946E-01	1.406E-01	8.462E+00	27
egfr-siteA-id86	3tm5-assembly1_A	0.166	54	80	368	0.675	0.114	4.985E-01	3.280E-01	9.464E-02	3.017E+00	27
egfr-siteA-id86	6gyz-assembly1_B	0.150	60	80	446	0.700	0.126	5.876E-01	4.467E-01	1.023E-01	7.375E+00	27
egfr-siteA-id86	7rxa-assembly1_B	0.183	60	80	578	0.750	0.093	3.530E-01	2.708E-01	6.899E-02	1.517E+00	27
egfr-siteA-id86	1u2h-assembly1_A-2	0.121	66	80	96	0.675	0.490	4.981E-01	3.091E-01	2.621E-01	4.255E+00	26
egfr-siteA-id86	7byw-assembly1_B	0.100	60	80	108	0.675	0.519	5.788E-01	4.213E-01	3.308E-01	6.885E+00	26
egfr-siteA-id86	7sc4-assembly2_B	0.260	23	80	109	0.287	0.202	5.466E-01	2.368E-01	1.793E-01	3.017E+00	26
egfr-siteA-id86	2dmc-assembly1_A	0.072	69	80	116	0.750	0.448	5.430E-01	3.807E-01	2.759E-01	6.000E+00	26
egfr-siteA-id86	2di9-assembly1_A	0.206	29	80	131	0.300	0.221	6.476E-01	2.378E-01	1.493E-01	4.557E+00	26
egfr-siteA-id86	7b5h-assembly1_AI	0.178	56	80	138	0.613	0.399	6.432E-01	4.464E-01	2.845E-01	9.709E+00	26
egfr-siteA-id86	2bjn-assembly1_B	0.092	54	80	148	0.675	0.358	5.314E-01	3.998E-01	2.509E-01	6.427E+00	26
egfr-siteA-id86	4p3w-assembly4_F	0.206	29	80	157	0.300	0.185	5.453E-01	2.261E-01	1.223E-01	2.629E+00	26
egfr-siteA-id86	4p3w-assembly5_D	0.206	29	80	162	0.300	0.179	5.381E-01	2.239E-01	1.182E-01	2.629E+00	26
egfr-siteA-id86	8esr-assembly1_N	0.071	70	80	165	0.812	0.382	4.301E-01	3.564E-01	2.056E-01	4.882E+00	26
egfr-siteA-id86	3v8o-assembly2_B	0.093	64	80	188	0.700	0.245	4.942E-01	3.184E-01	1.536E-01	4.557E+00	26
egfr-siteA-id86	2k7q-assembly1_A	0.260	23	80	191	0.287	0.115	6.601E-01	2.524E-01	1.104E-01	5.229E+00	26
egfr-siteA-id86	5gin-assembly1_F	0.091	87	80	227	0.938	0.330	4.700E-01	4.460E-01	2.005E-01	5.229E+00	26
egfr-siteA-id86	6q56-assembly4_D	0.073	68	80	234	0.850	0.244	4.073E-01	3.353E-01	1.605E-01	2.455E+00	26
egfr-siteA-id86	4x7j-assembly1_A	0.181	55	80	257	0.675	0.214	3.942E-01	3.247E-01	1.452E-01	2.629E+00	26
egfr-siteA-id86	3cw2-assembly4_H	0.171	70	80	266	0.800	0.256	4.007E-01	3.444E-01	1.402E-01	2.292E+00	26
egfr-siteA-id86	7xhy-assembly1_A	0.260	46	80	270	0.538	0.159	5.219E-01	3.349E-01	1.214E-01	3.972E+00	26
egfr-siteA-id86	8pm3-assembly4_D	0.092	54	80	272	0.637	0.184	5.284E-01	3.616E-01	1.333E-01	6.000E+00	26
egfr-siteA-id86	2euf-assembly1_B	0.084	59	80	282	0.700	0.206	4.852E-01	3.807E-01	1.436E-01	4.882E+00	26
egfr-siteA-id86	3hyi-assembly1_A	0.113	53	80	284	0.663	0.151	5.384E-01	3.442E-01	1.230E-01	5.229E+00	26
egfr-siteA-id86	6mez-assembly2_B	0.155	77	80	359	0.650	0.214	4.552E-01	3.540E-01	1.106E-01	3.708E+00	26
egfr-siteA-id86	7z5u-assembly1_A	0.044	67	80	386	0.688	0.171	4.949E-01	3.810E-01	1.113E-01	4.882E+00	26
egfr-siteA-id86	7zbv-assembly1_A	0.044	67	80	390	0.688	0.169	4.891E-01	3.780E-01	1.098E-01	4.557E+00	26
egfr-siteA-id86	6u6p-assembly1_B	0.129	62	80	81	0.663	0.716	4.185E-01	3.267E-01	3.241E-01	2.816E+00	25
egfr-siteA-id86	6xyd-assembly1_D	0.170	47	80	101	0.575	0.416	4.386E-01	2.745E-01	2.325E-01	2.816E+00	25
egfr-siteA-id86	9e7f-assembly1_BV	0.175	57	80	115	0.688	0.470	4.543E-01	3.585E-01	2.807E-01	4.882E+00	25
egfr-siteA-id86	3ngt-assembly7_L	0.200	55	80	125	0.663	0.400	4.954E-01	3.583E-01	2.560E-01	4.557E+00	25
egfr-siteA-id86	7ahw-assembly1_AAA	0.131	76	80	133	0.725	0.571	3.741E-01	2.826E-01	1.946E-01	2.292E+00	25
egfr-siteA-id86	7yh2-assembly1_B	0.140	71	80	156	0.688	0.423	4.899E-01	3.712E-01	2.189E-01	5.601E+00	25
egfr-siteA-id86	9e7f-assembly1_AM	0.194	36	80	184	0.450	0.196	4.770E-01	2.801E-01	1.457E-01	4.882E+00	25
egfr-siteA-id86	2k7p-assembly1_A	0.260	23	80	188	0.287	0.117	6.598E-01	2.513E-01	1.118E-01	6.000E+00	25
egfr-siteA-id86	1jsx-assembly1_A	0.116	60	80	193	0.738	0.249	4.643E-01	3.465E-01	1.797E-01	3.462E+00	25
egfr-siteA-id86	4v6i-assembly1_BP	0.068	73	80	193	0.688	0.378	4.244E-01	3.199E-01	1.647E-01	3.462E+00	25
egfr-siteA-id86	3cc2-assembly1_M	0.108	92	80	194	0.837	0.459	3.607E-01	3.181E-01	1.687E-01	2.292E+00	25
egfr-siteA-id86	4rx1-assembly3_B	0.068	73	80	198	0.725	0.343	4.942E-01	3.964E-01	1.956E-01	5.229E+00	25
egfr-siteA-id86	5moj-assembly1_A	0.250	16	80	203	0.200	0.079	7.152E-01	1.919E-01	7.739E-02	7.375E+00	25
egfr-siteA-id86	6h1e-assembly1_A	0.120	58	80	207	0.712	0.227	5.710E-01	3.835E-01	1.742E-01	6.000E+00	25
egfr-siteA-id86	4ki1-assembly2_D	0.075	66	80	208	0.675	0.216	4.928E-01	2.943E-01	1.262E-01	5.601E+00	25
egfr-siteA-id86	6sw9-assembly1_9	0.157	57	80	253	0.637	0.217	4.762E-01	3.522E-01	1.418E-01	3.462E+00	25
egfr-siteA-id86	3wo3-assembly6_L	0.152	59	80	255	0.712	0.161	4.237E-01	2.532E-01	9.548E-02	1.864E+00	25
egfr-siteA-id86	2w96-assembly1_B	0.169	59	80	267	0.712	0.217	4.754E-01	3.816E-01	1.528E-01	4.882E+00	25
egfr-siteA-id86	3wo3-assembly5_J	0.152	59	80	272	0.712	0.151	4.231E-01	2.539E-01	8.991E-02	2.139E+00	25
egfr-siteA-id86	3enm-assembly1_A	0.070	57	80	279	0.663	0.186	3.919E-01	3.061E-01	1.235E-01	3.017E+00	25
egfr-siteA-id86	5b2l-assembly1_A	0.074	54	80	288	0.637	0.174	3.524E-01	2.752E-01	1.116E-01	2.455E+00	25
egfr-siteA-id86	2buj-assembly1_A	0.135	59	80	291	0.700	0.182	5.475E-01	4.016E-01	1.382E-01	6.885E+00	25
egfr-siteA-id86	3wo3-assembly1_B	0.152	59	80	294	0.712	0.139	4.217E-01	2.532E-01	8.372E-02	1.864E+00	25
egfr-siteA-id86	3ocj-assembly1_A	0.108	46	80	300	0.550	0.117	5.799E-01	3.029E-01	9.602E-02	6.000E+00	25
egfr-siteA-id86	6yl6-assembly1_A	0.203	54	80	303	0.637	0.165	4.009E-01	2.773E-01	1.035E-01	2.629E+00	25
egfr-siteA-id86	7q52-assembly1_AAA	0.175	57	80	312	0.675	0.173	4.720E-01	3.652E-01	1.259E-01	4.255E+00	25
egfr-siteA-id86	7c7k-assembly1_O	0.106	75	80	337	0.688	0.220	5.347E-01	4.012E-01	1.239E-01	5.601E+00	25
egfr-siteA-id86	5t6b-assembly4_D	0.138	36	80	393	0.450	0.079	4.871E-01	2.466E-01	6.640E-02	1.741E+00	25
egfr-siteA-id86	2vyx-assembly1_F	0.163	61	80	67	0.688	0.851	2.867E-01	2.427E-01	2.654E-01	8.752E-01	24
egfr-siteA-id86	1ztg-assembly1_A	0.107	56	80	72	0.663	0.667	4.457E-01	3.128E-01	3.377E-01	5.229E+00	24
egfr-siteA-id86	3cnk-assembly1_B	0.269	26	80	89	0.325	0.292	6.389E-01	2.780E-01	2.530E-01	7.375E+00	24
egfr-siteA-id86	2bp3-assembly2_B	0.206	29	80	90	0.300	0.322	5.391E-01	2.257E-01	2.030E-01	3.972E+00	24
egfr-siteA-id86	2bp3-assembly1_A	0.206	29	80	91	0.300	0.319	5.466E-01	2.274E-01	2.024E-01	3.708E+00	24
egfr-siteA-id86	8ipb-assembly1_ba	0.210	57	80	113	0.688	0.487	4.180E-01	3.369E-01	2.668E-01	3.708E+00	24
egfr-siteA-id86	6rm3-assembly1_SY0	0.125	56	80	125	0.688	0.432	4.305E-01	3.403E-01	2.536E-01	3.708E+00	24
egfr-siteA-id86	3fzb-assembly1_I	0.114	61	80	127	0.675	0.480	5.218E-01	4.073E-01	2.921E-01	6.885E+00	24
egfr-siteA-id86	5jbh-assembly1_I	0.084	71	80	129	0.863	0.465	5.199E-01	4.259E-01	3.009E-01	7.899E+00	24
egfr-siteA-id86	5z3g-assembly1_T	0.152	46	80	136	0.488	0.338	4.135E-01	2.269E-01	1.670E-01	2.292E+00	24
egfr-siteA-id86	8esr-assembly1_P	0.188	53	80	149	0.538	0.356	3.569E-01	2.356E-01	1.633E-01	1.625E+00	24
egfr-siteA-id86	4w64-assembly2_B	0.136	22	80	160	0.275	0.138	6.275E-01	2.406E-01	1.268E-01	6.000E+00	24
egfr-siteA-id86	2pc6-assembly1_A	0.107	56	80	164	0.700	0.293	5.991E-01	4.158E-01	2.322E-01	9.064E+00	24
egfr-siteA-id86	7cay-assembly1_A	0.054	74	80	169	0.725	0.385	4.954E-01	3.792E-01	2.022E-01	7.375E+00	24
egfr-siteA-id86	3hyj-assembly1_A	0.115	52	80	186	0.650	0.226	4.318E-01	2.954E-01	1.621E-01	3.232E+00	24
egfr-siteA-id86	7u0h-assembly1_N	0.082	73	80	187	0.812	0.390	4.293E-01	3.657E-01	1.939E-01	5.601E+00	24
egfr-siteA-id86	7uqb-assembly1_N	0.093	75	80	189	0.812	0.397	3.738E-01	3.161E-01	1.693E-01	3.462E+00	24
egfr-siteA-id86	1vq9-assembly1_M	0.097	92	80	194	0.837	0.459	3.512E-01	3.105E-01	1.631E-01	2.455E+00	24
egfr-siteA-id86	5awe-assembly1_A	0.142	56	80	205	0.700	0.224	5.290E-01	3.555E-01	1.670E-01	7.899E+00	24
egfr-siteA-id86	5d1h-assembly2_B	0.083	72	80	206	0.700	0.325	3.930E-01	3.132E-01	1.659E-01	3.232E+00	24
egfr-siteA-id86	6nf8-assembly1_z	0.155	77	80	207	0.887	0.353	4.881E-01	4.499E-01	2.266E-01	6.427E+00	24
egfr-siteA-id86	6vbk-assembly1_A	0.133	75	80	208	0.675	0.346	4.051E-01	2.977E-01	1.415E-01	3.708E+00	24
egfr-siteA-id86	6e52-assembly1_A	0.156	64	80	243	0.688	0.239	4.187E-01	3.107E-01	1.325E-01	3.017E+00	24
egfr-siteA-id86	3fpg-assembly1_B	0.080	75	80	264	0.938	0.246	4.157E-01	3.565E-01	1.569E-01	4.882E+00	24
egfr-siteA-id86	7ab2-assembly1_A	0.224	58	80	270	0.663	0.193	4.391E-01	3.388E-01	1.354E-01	3.708E+00	24
egfr-siteA-id86	5d7a-assembly2_B	0.070	57	80	286	0.700	0.192	5.313E-01	4.101E-01	1.485E-01	7.899E+00	24
egfr-siteA-id86	4u43-assembly2_A	0.107	56	80	287	0.675	0.192	5.032E-01	3.925E-01	1.467E-01	6.885E+00	24
egfr-siteA-id86	3wo3-assembly4_H	0.152	59	80	288	0.712	0.142	4.226E-01	2.538E-01	8.561E-02	2.292E+00	24
egfr-siteA-id86	4y12-assembly1_A	0.169	59	80	322	0.700	0.174	4.864E-01	3.816E-01	1.281E-01	6.000E+00	24
egfr-siteA-id86	4qx6-assembly1_A	0.194	77	80	332	0.663	0.211	4.094E-01	3.238E-01	1.101E-01	3.708E+00	24
egfr-siteA-id86	5utm-assembly1_B	0.184	76	80	333	0.663	0.210	4.269E-01	3.303E-01	1.127E-01	3.708E+00	24
egfr-siteA-id86	6bnb-assembly1_B	0.132	68	80	351	0.700	0.194	3.951E-01	3.059E-01	9.836E-02	2.816E+00	24
egfr-siteA-id86	5oy4-assembly2_B	0.070	57	80	354	0.700	0.141	5.750E-01	4.046E-01	1.131E-01	9.709E+00	24
egfr-siteA-id86	6fad-assembly4_D	0.111	63	80	356	0.663	0.171	4.293E-01	3.359E-01	1.094E-01	4.557E+00	24
egfr-siteA-id86	1yba-assembly1_C	0.111	54	80	406	0.675	0.113	6.038E-01	4.036E-01	9.945E-02	9.709E+00	24
egfr-siteA-id86	1pby-assembly1_A	0.109	64	80	489	0.750	0.092	5.694E-01	3.564E-01	7.027E-02	8.462E+00	24
egfr-siteA-id86	8tpt-assembly1_A	0.155	58	80	579	0.650	0.083	4.363E-01	2.751E-01	5.318E-02	4.882E+00	24
egfr-siteA-id86	6ri3-assembly1_A	0.083	60	80	68	0.688	0.838	3.363E-01	2.665E-01	2.953E-01	2.139E+00	23
egfr-siteA-id86	1dtj-assembly1_A	0.157	57	80	74	0.663	0.716	4.649E-01	3.505E-01	3.706E-01	6.000E+00	23
egfr-siteA-id86	2n7c-assembly1_A	0.122	57	80	89	0.700	0.517	6.093E-01	3.972E-01	3.642E-01	9.709E+00	23
egfr-siteA-id86	7sft-assembly1_A	0.222	27	80	95	0.275	0.284	5.128E-01	1.987E-01	1.719E-01	3.972E+00	23
egfr-siteA-id86	8pa0-assembly2_A	0.161	31	80	98	0.300	0.306	5.319E-01	2.154E-01	1.807E-01	3.972E+00	23
egfr-siteA-id86	4rmt-assembly1_A	0.125	24	80	100	0.287	0.240	4.676E-01	2.232E-01	1.849E-01	3.462E+00	23
egfr-siteA-id86	2dic-assembly1_A	0.137	29	80	105	0.300	0.276	6.064E-01	2.345E-01	1.833E-01	5.601E+00	23
egfr-siteA-id86	7pd3-assembly1_f	0.083	60	80	116	0.700	0.491	4.883E-01	3.887E-01	3.006E-01	7.375E+00	23
egfr-siteA-id86	3fzb-assembly2_J	0.129	62	80	125	0.650	0.496	3.414E-01	2.793E-01	2.162E-01	1.997E+00	23
egfr-siteA-id86	8ova-assembly1_AT	0.169	65	80	129	0.688	0.434	3.064E-01	2.449E-01	1.785E-01	1.997E+00	23
egfr-siteA-id86	6lad-assembly7_B	0.107	56	80	184	0.675	0.234	5.201E-01	3.387E-01	1.718E-01	6.885E+00	23
egfr-siteA-id86	6lad-assembly8_E	0.160	56	80	186	0.675	0.247	4.097E-01	2.977E-01	1.631E-01	3.232E+00	23
egfr-siteA-id86	3hyj-assembly2_D	0.098	61	80	198	0.725	0.263	4.473E-01	3.393E-01	1.751E-01	5.229E+00	23
egfr-siteA-id86	2bl9-assembly1_A	0.111	27	80	216	0.325	0.120	6.835E-01	2.788E-01	1.098E-01	7.899E+00	23
egfr-siteA-id86	3g89-assembly2_B	0.096	62	80	238	0.738	0.231	4.840E-01	3.743E-01	1.617E-01	5.229E+00	23
egfr-siteA-id86	7m5z-assembly1_A	0.244	49	80	263	0.575	0.186	3.983E-01	2.970E-01	1.264E-01	3.017E+00	23
egfr-siteA-id86	3brb-assembly2_B	0.214	56	80	271	0.663	0.196	4.057E-01	3.182E-01	1.299E-01	3.232E+00	23
egfr-siteA-id86	5tvf-assembly2_D	0.169	59	80	271	0.650	0.196	4.385E-01	3.113E-01	1.135E-01	3.017E+00	23
egfr-siteA-id86	7sj3-assembly1_A	0.160	56	80	274	0.663	0.197	4.281E-01	3.286E-01	1.309E-01	4.882E+00	23
egfr-siteA-id86	3wo3-assembly3_F	0.152	59	80	288	0.712	0.142	4.237E-01	2.541E-01	8.547E-02	2.629E+00	23
egfr-siteA-id86	1xo2-assembly1_B	0.100	60	80	289	0.663	0.197	4.328E-01	3.317E-01	1.267E-01	4.882E+00	23
egfr-siteA-id86	3wo3-assembly2_D	0.157	57	80	290	0.712	0.141	4.181E-01	2.460E-01	7.958E-02	3.017E+00	23
egfr-siteA-id86	1inl-assembly1_B	0.155	58	80	291	0.712	0.186	3.685E-01	2.872E-01	1.198E-01	3.232E+00	23
egfr-siteA-id86	4bbm-assembly1_A	0.054	55	80	314	0.663	0.166	4.250E-01	3.367E-01	1.222E-01	6.000E+00	23
egfr-siteA-id86	4j4p-assembly1_B	0.114	35	80	317	0.287	0.110	5.752E-01	1.952E-01	5.370E-02	5.601E+00	23
egfr-siteA-id86	5wy8-assembly1_B	0.153	26	80	323	0.325	0.080	4.312E-01	2.201E-01	6.825E-02	3.017E+00	23
egfr-siteA-id86	5mxx-assembly1_A	0.111	63	80	361	0.663	0.169	4.399E-01	3.455E-01	1.094E-01	5.229E+00	23
egfr-siteA-id86	5t6b-assembly3_C	0.142	35	80	394	0.438	0.076	4.841E-01	2.399E-01	6.435E-02	2.629E+00	23
egfr-siteA-id86	5t67-assembly1_B	0.142	35	80	402	0.438	0.075	4.811E-01	2.373E-01	6.286E-02	2.629E+00	23
egfr-siteA-id86	5t6b-assembly1_A	0.138	36	80	403	0.450	0.077	4.933E-01	2.475E-01	6.499E-02	2.629E+00	23
egfr-siteA-id86	4e2w-assembly1_A	0.111	36	80	404	0.450	0.077	4.827E-01	2.467E-01	6.496E-02	2.629E+00	23
egfr-siteA-id86	5t6b-assembly2_B	0.138	36	80	406	0.450	0.076	4.913E-01	2.477E-01	6.466E-02	2.629E+00	23
egfr-siteA-id86	7vcn-assembly2_B	0.166	18	80	450	0.225	0.040	6.337E-01	2.020E-01	3.868E-02	7.375E+00	23
egfr-siteA-id86	8wg3-assembly1_A	0.151	79	80	548	0.938	0.126	3.177E-01	2.898E-01	6.752E-02	2.455E+00	23
egfr-siteA-id86	6r1e-assembly1_A	0.131	61	80	70	0.688	0.814	3.239E-01	2.605E-01	2.798E-01	2.292E+00	22
egfr-siteA-id86	8c9c-assembly1_S	0.261	42	80	91	0.475	0.462	4.166E-01	2.291E-01	2.124E-01	3.232E+00	22
egfr-siteA-id86	2gff-assembly1_A	0.125	56	80	97	0.650	0.536	4.726E-01	3.315E-01	2.883E-01	8.462E+00	22
egfr-siteA-id86	5xr1-assembly1_A	0.230	26	80	106	0.262	0.245	5.104E-01	1.910E-01	1.473E-01	4.255E+00	22
egfr-siteA-id86	6xyd-assembly1_A	0.170	47	80	107	0.575	0.393	4.405E-01	2.760E-01	2.253E-01	4.557E+00	22
egfr-siteA-id86	2k3i-assembly1_A	0.142	56	80	109	0.700	0.486	4.484E-01	3.417E-01	2.803E-01	8.462E+00	22
egfr-siteA-id86	2ane-assembly1_D	0.075	79	80	110	0.688	0.636	4.190E-01	3.047E-01	2.333E-01	5.601E+00	22
egfr-siteA-id86	6b4v-assembly1_O	0.208	48	80	118	0.575	0.398	3.428E-01	2.292E-01	1.694E-01	1.864E+00	22
egfr-siteA-id86	8eti-assembly1_N	0.070	71	80	166	0.812	0.386	3.567E-01	3.071E-01	1.809E-01	4.882E+00	22
egfr-siteA-id86	4v5z-assembly1_Bm	0.067	89	80	175	0.812	0.509	3.711E-01	3.131E-01	1.766E-01	4.882E+00	22
egfr-siteA-id86	6ihg-assembly1_A	0.200	70	80	186	0.688	0.344	4.136E-01	3.073E-01	1.609E-01	4.255E+00	22
egfr-siteA-id86	3e05-assembly2_F	0.090	77	80	187	0.863	0.364	4.346E-01	3.884E-01	2.062E-01	6.427E+00	22
egfr-siteA-id86	5moi-assembly1_D	0.147	34	80	193	0.275	0.176	5.845E-01	2.117E-01	9.329E-02	6.427E+00	22
egfr-siteA-id86	6rm3-assembly1_LN0	0.142	35	80	203	0.438	0.172	5.042E-01	2.778E-01	1.326E-01	8.462E+00	22
egfr-siteA-id86	2e55-assembly1_D	0.260	46	80	208	0.562	0.216	5.014E-01	2.806E-01	1.119E-01	6.000E+00	22
egfr-siteA-id86	5wyk-assembly1_3C	0.177	62	80	239	0.700	0.238	4.843E-01	3.806E-01	1.628E-01	6.885E+00	22
egfr-siteA-id86	3ep6-assembly1_A	0.082	73	80	240	0.863	0.283	3.560E-01	3.174E-01	1.477E-01	3.462E+00	22
egfr-siteA-id86	1jen-assembly2_C	0.098	71	80	248	0.850	0.270	3.498E-01	3.083E-01	1.412E-01	3.232E+00	22
egfr-siteA-id86	3fpj-assembly1_A	0.080	75	80	257	0.938	0.253	4.161E-01	3.586E-01	1.604E-01	6.885E+00	22
egfr-siteA-id86	9d7q-assembly1_A	0.166	54	80	267	0.650	0.202	4.858E-01	3.754E-01	1.497E-01	8.462E+00	22
egfr-siteA-id86	7aw3-assembly1_A	0.282	46	80	269	0.512	0.164	4.452E-01	2.903E-01	1.135E-01	4.255E+00	22
egfr-siteA-id86	3enm-assembly1_C	0.050	59	80	275	0.663	0.189	4.110E-01	3.002E-01	1.176E-01	5.229E+00	22
egfr-siteA-id86	4mue-assembly2_A	0.116	60	80	276	0.525	0.214	4.491E-01	2.800E-01	9.722E-02	3.972E+00	22
egfr-siteA-id86	4tpt-assembly1_B	0.163	55	80	277	0.663	0.181	4.233E-01	3.071E-01	1.223E-01	5.601E+00	22
egfr-siteA-id86	4efk-assembly2_A-2	0.103	58	80	280	0.525	0.204	4.450E-01	2.771E-01	9.437E-02	4.557E+00	22
egfr-siteA-id86	8ghu-assembly1_A	0.109	55	80	281	0.663	0.185	3.749E-01	2.890E-01	1.223E-01	3.972E+00	22
egfr-siteA-id86	3nrb-assembly1_A	0.157	57	80	281	0.675	0.174	5.084E-01	3.666E-01	1.332E-01	7.899E+00	22
egfr-siteA-id86	1inl-assembly1_D	0.155	58	80	282	0.712	0.191	3.753E-01	2.923E-01	1.222E-01	3.972E+00	22
egfr-siteA-id86	5cwz-assembly2_B	0.107	56	80	284	0.663	0.190	4.804E-01	3.697E-01	1.395E-01	6.885E+00	22
egfr-siteA-id86	5lgj-assembly2_B	0.147	34	80	309	0.275	0.110	5.793E-01	2.126E-01	6.056E-02	6.427E+00	22
egfr-siteA-id86	6ae3-assembly1_A	0.072	55	80	348	0.675	0.138	4.766E-01	3.394E-01	1.061E-01	6.885E+00	22
egfr-siteA-id86	5my8-assembly1_A	0.111	63	80	355	0.663	0.172	4.366E-01	3.440E-01	1.111E-01	6.000E+00	22
egfr-siteA-id86	6fad-assembly3_C	0.111	63	80	359	0.663	0.170	4.261E-01	3.384E-01	1.087E-01	6.427E+00	22
egfr-siteA-id86	5t64-assembly1_B	0.138	36	80	397	0.450	0.078	4.863E-01	2.458E-01	6.565E-02	3.017E+00	22
egfr-siteA-id86	4e33-assembly1_A	0.111	36	80	404	0.450	0.077	4.839E-01	2.467E-01	6.494E-02	3.462E+00	22
egfr-siteA-id86	6rks-assembly1_C	0.200	55	80	508	0.663	0.100	4.834E-01	3.574E-01	8.035E-02	6.885E+00	22
egfr-siteA-id86	7d9t-assembly1_B	0.091	87	80	567	0.913	0.150	4.578E-01	4.220E-01	8.026E-02	6.000E+00	22
egfr-siteA-id86	8tpt-assembly1_B	0.166	54	80	571	0.663	0.082	4.237E-01	2.909E-01	6.417E-02	4.882E+00	22
egfr-siteA-id86	3oqt-assembly1_C-3	0.140	57	80	70	0.688	0.814	3.880E-01	2.964E-01	3.264E-01	4.882E+00	21
egfr-siteA-id86	8rha-assembly1_A	0.111	27	80	76	0.338	0.355	5.918E-01	2.613E-01	2.729E-01	8.462E+00	21
egfr-siteA-id86	5cfh-assembly1_A	0.194	36	80	99	0.287	0.364	4.953E-01	1.949E-01	1.599E-01	4.557E+00	21
egfr-siteA-id86	8ecx-assembly1_B	0.140	57	80	99	0.650	0.535	4.670E-01	3.368E-01	2.898E-01	9.064E+00	21
egfr-siteA-id86	4rms-assembly1_A	0.125	24	80	100	0.287	0.240	4.569E-01	2.218E-01	1.839E-01	4.255E+00	21
egfr-siteA-id86	4umg-assembly1_A	0.120	58	80	102	0.725	0.343	4.140E-01	2.053E-01	1.650E-01	3.462E+00	21
egfr-siteA-id86	6xyb-assembly1_B	0.148	47	80	102	0.575	0.412	4.417E-01	2.766E-01	2.347E-01	6.000E+00	21
egfr-siteA-id86	2ee6-assembly1_A	0.230	26	80	105	0.262	0.248	4.448E-01	1.897E-01	1.496E-01	3.972E+00	21
egfr-siteA-id86	6xyd-assembly1_C	0.144	83	80	107	0.875	0.710	3.213E-01	2.897E-01	2.365E-01	2.816E+00	21
egfr-siteA-id86	6xyb-assembly1_C	0.148	47	80	108	0.575	0.389	4.464E-01	2.778E-01	2.296E-01	5.601E+00	21
egfr-siteA-id86	6okk-assembly1_a	0.174	63	80	120	0.688	0.458	3.580E-01	2.899E-01	2.234E-01	4.255E+00	21
egfr-siteA-id86	8a3w-assembly1_SZ	0.153	65	80	122	0.688	0.459	3.037E-01	2.433E-01	1.859E-01	2.816E+00	21
egfr-siteA-id86	2dmb-assembly1_A	0.151	33	80	124	0.300	0.266	5.886E-01	2.278E-01	1.522E-01	7.375E+00	21
egfr-siteA-id86	7qiz-assembly1_KA	0.200	60	80	126	0.688	0.437	3.231E-01	2.731E-01	2.053E-01	3.017E+00	21
egfr-siteA-id86	7z3o-assembly1_SY	0.112	62	80	132	0.688	0.409	3.305E-01	2.676E-01	1.982E-01	3.462E+00	21
egfr-siteA-id86	7vkl-assembly1_A	0.163	55	80	160	0.650	0.294	4.802E-01	3.291E-01	1.909E-01	8.462E+00	21
egfr-siteA-id86	8hkz-assembly1_L15E	0.086	92	80	169	0.837	0.527	4.178E-01	3.637E-01	2.033E-01	7.375E+00	21
egfr-siteA-id86	4w64-assembly1_A	0.136	22	80	171	0.275	0.129	6.281E-01	2.405E-01	1.189E-01	9.064E+00	21
egfr-siteA-id86	6lad-assembly8_F	0.125	56	80	182	0.675	0.247	4.148E-01	2.936E-01	1.629E-01	4.882E+00	21
egfr-siteA-id86	3pxj-assembly4_D	0.142	21	80	194	0.262	0.108	5.173E-01	2.187E-01	9.763E-02	6.885E+00	21
egfr-siteA-id86	6lad-assembly7_A	0.120	58	80	197	0.675	0.249	4.245E-01	3.181E-01	1.626E-01	5.229E+00	21
egfr-siteA-id86	5moi-assembly1_E	0.114	35	80	200	0.287	0.170	5.831E-01	2.041E-01	8.813E-02	7.375E+00	21
egfr-siteA-id86	5anm-assembly2_E	0.147	34	80	206	0.275	0.165	5.606E-01	2.110E-01	8.732E-02	7.375E+00	21
egfr-siteA-id86	8ove-assembly1_AX	0.084	83	80	208	0.600	0.380	4.412E-01	2.988E-01	1.409E-01	6.000E+00	21
egfr-siteA-id86	6g90-assembly1_G	0.125	72	80	216	0.875	0.282	4.605E-01	3.814E-01	1.808E-01	8.462E+00	21
egfr-siteA-id86	7u4t-assembly1_H	0.148	47	80	220	0.587	0.205	4.830E-01	3.380E-01	1.579E-01	8.462E+00	21
egfr-siteA-id86	6rxx-assembly1_CB	0.169	65	80	222	0.738	0.266	4.942E-01	4.029E-01	1.831E-01	9.709E+00	21
egfr-siteA-id86	6sk9-assembly1_A	0.169	53	80	240	0.637	0.217	4.378E-01	3.411E-01	1.543E-01	8.462E+00	21
egfr-siteA-id86	3ep3-assembly1_A	0.111	72	80	242	0.863	0.281	3.198E-01	2.884E-01	1.402E-01	3.017E+00	21
egfr-siteA-id86	5m53-assembly1_A	0.166	54	80	255	0.663	0.204	4.193E-01	3.280E-01	1.442E-01	6.427E+00	21
egfr-siteA-id86	8edh-assembly2_C	0.185	54	80	261	0.650	0.199	4.927E-01	3.775E-01	1.500E-01	8.462E+00	21
egfr-siteA-id86	9d3f-assembly1_A	0.160	56	80	265	0.663	0.204	4.165E-01	3.286E-01	1.406E-01	4.882E+00	21
egfr-siteA-id86	9d7q-assembly1_B	0.203	59	80	265	0.700	0.215	4.440E-01	3.577E-01	1.492E-01	6.000E+00	21
egfr-siteA-id86	4rfq-assembly1_A-2	0.243	37	80	270	0.463	0.126	5.609E-01	3.029E-01	1.070E-01	9.709E+00	21
egfr-siteA-id86	7uos-assembly1_A	0.203	59	80	271	0.700	0.210	4.161E-01	3.383E-01	1.423E-01	5.229E+00	21
egfr-siteA-id86	1jow-assembly1_B	0.098	61	80	277	0.675	0.213	4.133E-01	3.132E-01	1.294E-01	6.000E+00	21
egfr-siteA-id86	3lou-assembly1_A	0.072	55	80	281	0.650	0.167	5.060E-01	3.487E-01	1.254E-01	8.462E+00	21
egfr-siteA-id86	4mun-assembly2_A	0.120	58	80	283	0.500	0.205	4.575E-01	2.759E-01	9.256E-02	5.229E+00	21
egfr-siteA-id86	1inl-assembly1_A	0.155	58	80	285	0.712	0.189	3.754E-01	2.931E-01	1.212E-01	4.557E+00	21
egfr-siteA-id86	1jq3-assembly1_B	0.125	56	80	286	0.688	0.182	3.781E-01	2.913E-01	1.186E-01	4.882E+00	21
egfr-siteA-id86	8rq1-assembly1_A	0.136	66	80	288	0.688	0.226	4.015E-01	3.002E-01	1.121E-01	5.229E+00	21
egfr-siteA-id86	6yg2-assembly1_A	0.074	54	80	290	0.637	0.172	3.661E-01	2.837E-01	1.130E-01	6.000E+00	21
egfr-siteA-id86	2mzw-assembly1_A	0.094	53	80	292	0.650	0.161	4.489E-01	2.715E-01	9.950E-02	8.462E+00	21
egfr-siteA-id86	4v4r-assembly1_AY	0.181	88	80	333	0.875	0.237	3.192E-01	2.837E-01	8.701E-02	2.292E+00	21
egfr-siteA-id86	5ci6-assembly1_A	0.152	59	80	335	0.700	0.173	3.956E-01	3.222E-01	1.168E-01	5.601E+00	21
egfr-siteA-id86	7zks-assembly1_A	0.111	63	80	348	0.663	0.175	4.306E-01	3.390E-01	1.122E-01	7.375E+00	21
egfr-siteA-id86	7dd1-assembly1_A	0.111	63	80	351	0.663	0.174	4.535E-01	3.541E-01	1.133E-01	7.899E+00	21
egfr-siteA-id86	7pqs-assembly2_B	0.111	63	80	351	0.663	0.174	4.630E-01	3.615E-01	1.146E-01	7.899E+00	21
egfr-siteA-id86	8u15-assembly1_A	0.125	72	80	352	0.700	0.179	3.602E-01	2.783E-01	9.288E-02	3.972E+00	21
egfr-siteA-id86	2gz3-assembly1_C	0.162	74	80	355	0.688	0.194	5.053E-01	3.786E-01	1.095E-01	8.462E+00	21
egfr-siteA-id86	1q2x-assembly1_B	0.136	66	80	357	0.600	0.182	4.556E-01	3.107E-01	9.083E-02	6.000E+00	21
egfr-siteA-id86	4e31-assembly1_A	0.111	36	80	404	0.450	0.077	4.770E-01	2.460E-01	6.493E-02	4.255E+00	21
egfr-siteA-id86	4e2x-assembly1_A	0.111	36	80	405	0.450	0.077	4.831E-01	2.464E-01	6.479E-02	3.708E+00	21
egfr-siteA-id86	4e2z-assembly1_A	0.111	36	80	405	0.450	0.077	4.833E-01	2.466E-01	6.473E-02	4.255E+00	21
egfr-siteA-id86	4e30-assembly1_A	0.111	36	80	405	0.450	0.077	4.835E-01	2.468E-01	6.477E-02	4.255E+00	21
egfr-siteA-id86	5t67-assembly1_A	0.138	36	80	405	0.450	0.077	4.814E-01	2.452E-01	6.454E-02	3.708E+00	21
egfr-siteA-id86	6ld1-assembly1_A	0.142	35	80	574	0.438	0.054	4.498E-01	1.966E-01	3.611E-02	4.882E+00	21
egfr-siteA-id86	2pzi-assembly2_B	0.169	59	80	644	0.700	0.087	4.784E-01	3.763E-01	6.943E-02	7.899E+00	21
egfr-siteA-id86	5jxf-assembly1_A	0.145	55	80	694	0.625	0.075	4.496E-01	2.917E-01	4.866E-02	5.229E+00	21
egfr-siteA-id86	1uv7-assembly1_B	0.096	52	80	74	0.637	0.635	3.247E-01	2.477E-01	2.599E-01	3.232E+00	20
egfr-siteA-id86	1kvd-assembly1_B	0.133	60	80	77	0.675	0.714	3.495E-01	2.723E-01	2.775E-01	4.557E+00	20
egfr-siteA-id86	3rgh-assembly2_B	0.121	33	80	97	0.300	0.340	5.607E-01	2.151E-01	1.811E-01	7.899E+00	20
egfr-siteA-id86	7nmr-assembly1_AAA	0.146	41	80	98	0.338	0.418	4.195E-01	2.039E-01	1.720E-01	3.708E+00	20
egfr-siteA-id86	7nn5-assembly1_AAA	0.146	41	80	99	0.338	0.414	4.383E-01	2.102E-01	1.755E-01	3.708E+00	20
egfr-siteA-id86	5cka-assembly1_A	0.170	41	80	100	0.338	0.410	4.283E-01	2.093E-01	1.735E-01	3.232E+00	20
egfr-siteA-id86	4fxl-assembly1_A	0.146	41	80	100	0.338	0.410	4.271E-01	2.066E-01	1.710E-01	3.708E+00	20
egfr-siteA-id86	7nmv-assembly1_AAA	0.166	36	80	100	0.287	0.360	4.778E-01	1.826E-01	1.506E-01	4.882E+00	20
egfr-siteA-id86	4rmq-assembly1_A	0.146	41	80	100	0.338	0.410	4.228E-01	2.047E-01	1.696E-01	3.462E+00	20
egfr-siteA-id86	4rmu-assembly1_A	0.166	36	80	100	0.287	0.360	4.828E-01	1.828E-01	1.510E-01	4.882E+00	20
egfr-siteA-id86	3bm7-assembly1_A-2	0.238	42	80	106	0.500	0.368	4.513E-01	2.963E-01	2.416E-01	9.064E+00	20
egfr-siteA-id86	1nwy-assembly1_L	0.155	103	80	114	0.913	0.895	3.042E-01	2.851E-01	2.302E-01	3.232E+00	20
egfr-siteA-id86	4v5n-assembly1_BR	0.208	48	80	117	0.575	0.402	3.209E-01	2.206E-01	1.646E-01	2.455E+00	20
egfr-siteA-id86	8rdw-assembly1_MB	0.090	111	80	119	1.000	0.882	3.527E-01	3.498E-01	2.669E-01	6.000E+00	20
egfr-siteA-id86	6tba-assembly1_4A	0.130	69	80	134	0.675	0.478	4.581E-01	3.536E-01	2.451E-01	8.462E+00	20
egfr-siteA-id86	2wvd-assembly2_B	0.103	87	80	135	0.975	0.585	3.248E-01	3.174E-01	2.254E-01	4.255E+00	20
egfr-siteA-id86	6ylx-assembly1_N	0.086	58	80	180	0.688	0.278	3.628E-01	2.615E-01	1.485E-01	6.000E+00	20
egfr-siteA-id86	4tpv-assembly1_A	0.112	89	80	182	0.825	0.467	3.376E-01	2.892E-01	1.764E-01	5.601E+00	20
egfr-siteA-id86	6th6-assembly1_BP	0.181	33	80	193	0.387	0.171	4.574E-01	2.196E-01	1.075E-01	5.229E+00	20
egfr-siteA-id86	4gko-assembly2_C	0.250	20	80	197	0.237	0.102	4.843E-01	2.009E-01	8.811E-02	6.427E+00	20
egfr-siteA-id86	5moj-assembly1_B	0.114	35	80	197	0.287	0.173	5.712E-01	2.042E-01	8.966E-02	8.462E+00	20
egfr-siteA-id86	7oyb-assembly1_N1	0.119	92	80	202	0.812	0.441	4.066E-01	3.495E-01	1.688E-01	9.064E+00	20
egfr-siteA-id86	6xu8-assembly1_CN	0.093	32	80	203	0.400	0.158	4.692E-01	2.554E-01	1.219E-01	9.709E+00	20
egfr-siteA-id86	3ku1-assembly2_B	0.065	76	80	214	0.938	0.304	4.351E-01	3.799E-01	1.940E-01	9.064E+00	20
egfr-siteA-id86	7d5t-assembly1_3C	0.106	66	80	224	0.738	0.263	4.221E-01	3.523E-01	1.687E-01	7.899E+00	20
egfr-siteA-id86	3dz6-assembly1_A	0.097	72	80	238	0.863	0.286	3.147E-01	2.841E-01	1.392E-01	3.462E+00	20
egfr-siteA-id86	3ep7-assembly1_A	0.080	75	80	239	0.863	0.285	3.437E-01	3.108E-01	1.465E-01	4.557E+00	20
egfr-siteA-id86	3ep4-assembly1_A	0.102	68	80	241	0.812	0.270	3.434E-01	2.964E-01	1.358E-01	4.255E+00	20
egfr-siteA-id86	1zyd-assembly1_B	0.083	24	80	253	0.300	0.091	4.693E-01	2.279E-01	8.146E-02	5.601E+00	20
egfr-siteA-id86	5wdy-assembly2_B	0.203	59	80	259	0.700	0.216	4.109E-01	3.336E-01	1.448E-01	6.000E+00	20
egfr-siteA-id86	5dlb-assembly1_A	0.117	17	80	263	0.213	0.065	5.626E-01	1.914E-01	6.174E-02	9.709E+00	20
egfr-siteA-id86	7aw1-assembly1_A	0.272	44	80	268	0.512	0.157	3.946E-01	2.735E-01	1.115E-01	4.882E+00	20
egfr-siteA-id86	6o64-assembly2_D	0.096	62	80	275	0.700	0.196	4.491E-01	3.503E-01	1.345E-01	9.064E+00	20
egfr-siteA-id86	2b2c-assembly1_B	0.166	72	80	276	0.875	0.236	4.106E-01	3.641E-01	1.546E-01	7.375E+00	20
egfr-siteA-id86	9bhk-assembly1_A	0.181	55	80	277	0.663	0.177	4.397E-01	3.304E-01	1.303E-01	7.375E+00	20
egfr-siteA-id86	8ygz-assembly1_A	0.200	50	80	290	0.587	0.169	4.482E-01	3.195E-01	1.191E-01	8.462E+00	20
egfr-siteA-id86	8iy6-assembly1_R	0.066	45	80	293	0.562	0.143	4.635E-01	2.524E-01	7.352E-02	4.255E+00	20
egfr-siteA-id86	6ero-assembly1_A	0.107	65	80	296	0.712	0.199	3.190E-01	2.650E-01	1.089E-01	3.017E+00	20
egfr-siteA-id86	6v6a-assembly2_C	0.142	21	80	299	0.262	0.064	4.089E-01	1.751E-01	5.505E-02	3.232E+00	20
egfr-siteA-id86	8k7r-assembly1_E	0.114	35	80	304	0.287	0.112	5.822E-01	2.052E-01	5.959E-02	8.462E+00	20
egfr-siteA-id86	4yh6-assembly1_B	0.089	56	80	305	0.700	0.141	3.279E-01	2.138E-01	7.192E-02	3.017E+00	20
egfr-siteA-id86	4yh6-assembly1_A	0.089	56	80	313	0.700	0.137	3.358E-01	2.201E-01	7.235E-02	3.462E+00	20
egfr-siteA-id86	5lgj-assembly1_A	0.147	34	80	315	0.275	0.108	5.495E-01	2.113E-01	5.926E-02	8.462E+00	20
egfr-siteA-id86	4uy5-assembly1_A	0.106	47	80	326	0.587	0.113	5.125E-01	2.734E-01	8.629E-02	9.064E+00	20
egfr-siteA-id86	2gyy-assembly1_B	0.162	74	80	339	0.688	0.204	5.049E-01	3.784E-01	1.140E-01	9.064E+00	20
egfr-siteA-id86	1pqu-assembly2_C	0.136	66	80	356	0.600	0.183	4.775E-01	3.189E-01	9.075E-02	8.462E+00	20
egfr-siteA-id86	8g66-assembly1_B	0.114	70	80	372	0.725	0.188	4.195E-01	3.357E-01	1.019E-01	7.375E+00	20
egfr-siteA-id86	4e2y-assembly1_A	0.111	36	80	405	0.450	0.077	4.833E-01	2.472E-01	6.487E-02	5.229E+00	20
egfr-siteA-id86	6ld3-assembly1_A	0.190	21	80	578	0.262	0.035	4.928E-01	1.958E-01	3.162E-02	7.375E+00	20
egfr-siteA-id86	5tfr-assembly2_B	0.153	39	80	882	0.488	0.040	3.106E-01	2.003E-01	2.853E-02	3.232E+00	20
egfr-siteA-id86	3w5n-assembly1_A	0.150	60	80	1029	0.688	0.040	4.206E-01	2.472E-01	2.694E-02	5.601E+00	20
egfr-siteA-id86	2cif-assembly1_A	0.118	59	80	61	0.688	0.885	3.194E-01	2.471E-01	2.943E-01	3.462E+00	19
egfr-siteA-id86	2vkf-assembly1_A	0.084	59	80	62	0.688	0.887	3.175E-01	2.488E-01	2.931E-01	3.972E+00	19
egfr-siteA-id86	2vxa-assembly1_A	0.131	61	80	66	0.688	0.864	3.223E-01	2.486E-01	2.835E-01	3.708E+00	19
egfr-siteA-id86	2od5-assembly1_A	0.113	79	80	91	0.887	0.813	3.314E-01	3.047E-01	2.819E-01	6.427E+00	19
egfr-siteA-id86	4v6u-assembly1_B6	0.118	59	80	94	0.650	0.553	3.755E-01	2.841E-01	2.549E-01	7.375E+00	19
egfr-siteA-id86	3hx9-assembly1_B	0.145	55	80	98	0.663	0.551	3.905E-01	2.993E-01	2.637E-01	9.064E+00	19
egfr-siteA-id86	5csg-assembly1_A	0.166	36	80	100	0.287	0.360	4.830E-01	1.823E-01	1.506E-01	6.427E+00	19
egfr-siteA-id86	3dhj-assembly1_A	0.166	36	80	100	0.287	0.360	4.917E-01	1.910E-01	1.574E-01	6.427E+00	19
egfr-siteA-id86	6m1b-assembly1_A-2	0.146	41	80	100	0.338	0.410	4.093E-01	2.022E-01	1.678E-01	3.708E+00	19
egfr-siteA-id86	4rmv-assembly1_A	0.146	41	80	100	0.338	0.410	4.130E-01	2.020E-01	1.676E-01	4.255E+00	19
egfr-siteA-id86	1tlk-assembly1_A-2	0.102	39	80	103	0.338	0.379	4.044E-01	2.049E-01	1.657E-01	3.708E+00	19
egfr-siteA-id86	4v4p-assembly1_A0	0.204	49	80	105	0.587	0.457	3.223E-01	2.212E-01	1.794E-01	3.017E+00	19
egfr-siteA-id86	6em3-assembly1_P	0.142	56	80	117	0.575	0.479	3.225E-01	2.419E-01	1.970E-01	3.462E+00	19
egfr-siteA-id86	7oyc-assembly1_Y2	0.158	63	80	123	0.688	0.439	3.050E-01	2.420E-01	1.846E-01	3.972E+00	19
egfr-siteA-id86	7ohy-assembly1_P	0.142	56	80	126	0.575	0.444	3.248E-01	2.417E-01	1.858E-01	3.232E+00	19
egfr-siteA-id86	7uzk-assembly1_I	0.132	68	80	167	0.675	0.395	4.069E-01	3.011E-01	1.664E-01	6.000E+00	19
egfr-siteA-id86	5dih-assembly2_F	0.192	52	80	192	0.650	0.229	4.694E-01	3.110E-01	1.635E-01	9.709E+00	19
egfr-siteA-id86	4v8p-assembly4_GL	0.176	34	80	203	0.400	0.167	4.561E-01	2.201E-01	1.035E-01	6.885E+00	19
egfr-siteA-id86	5bw4-assembly1_A	0.088	68	80	205	0.700	0.317	4.476E-01	3.492E-01	1.704E-01	8.462E+00	19
egfr-siteA-id86	4hnx-assembly1_B	0.077	77	80	213	0.950	0.291	2.785E-01	2.457E-01	1.385E-01	3.017E+00	19
egfr-siteA-id86	2fbj-assembly1_H	0.127	55	80	220	0.688	0.155	4.624E-01	2.325E-01	9.346E-02	6.885E+00	19
egfr-siteA-id86	7pza-assembly1_A	0.105	76	80	225	0.863	0.298	2.884E-01	2.441E-01	1.185E-01	6.885E+00	19
egfr-siteA-id86	6e95-assembly1_A	0.171	64	80	240	0.688	0.229	3.871E-01	2.864E-01	1.232E-01	6.427E+00	19
egfr-siteA-id86	3g8b-assembly1_A	0.116	60	80	241	0.738	0.220	4.372E-01	3.257E-01	1.502E-01	8.462E+00	19
egfr-siteA-id86	3epb-assembly1_A	0.088	68	80	253	0.812	0.257	3.514E-01	3.039E-01	1.356E-01	6.427E+00	19
egfr-siteA-id86	4x7l-assembly1_A	0.203	54	80	260	0.637	0.200	3.874E-01	3.079E-01	1.343E-01	7.375E+00	19
egfr-siteA-id86	1iy9-assembly1_D	0.096	62	80	274	0.738	0.204	4.013E-01	3.308E-01	1.374E-01	7.899E+00	19
egfr-siteA-id86	5o21-assembly2_B	0.192	57	80	274	0.675	0.208	4.384E-01	3.470E-01	1.434E-01	9.709E+00	19
egfr-siteA-id86	2x7f-assembly1_A	0.055	54	80	276	0.663	0.188	4.210E-01	3.246E-01	1.339E-01	7.375E+00	19
egfr-siteA-id86	4ddk-assembly1_B	0.103	58	80	281	0.500	0.206	4.521E-01	2.725E-01	9.177E-02	7.375E+00	19
egfr-siteA-id86	6bm7-assembly1_F	0.125	24	80	289	0.275	0.083	4.149E-01	2.002E-01	6.456E-02	3.017E+00	19
egfr-siteA-id86	6bm7-assembly2_E	0.120	25	80	291	0.287	0.086	4.299E-01	2.055E-01	6.632E-02	3.232E+00	19
egfr-siteA-id86	8iyi-assembly1_A	0.122	57	80	291	0.712	0.186	3.981E-01	3.217E-01	1.283E-01	7.899E+00	19
egfr-siteA-id86	6q2a-assembly1_A	0.200	30	80	339	0.375	0.083	4.678E-01	2.139E-01	6.531E-02	6.427E+00	19
egfr-siteA-id86	1wbp-assembly1_A	0.112	62	80	350	0.637	0.174	3.680E-01	2.949E-01	1.043E-01	5.601E+00	19
egfr-siteA-id86	4ckk-assembly1_C	0.153	65	80	484	0.663	0.134	3.703E-01	2.877E-01	7.395E-02	6.427E+00	19
egfr-siteA-id86	5wz3-assembly1_A	0.106	47	80	565	0.587	0.073	3.290E-01	2.184E-01	4.295E-02	4.255E+00	19
egfr-siteA-id86	4mtp-assembly3_C	0.148	47	80	585	0.587	0.070	3.243E-01	2.065E-01	4.102E-02	3.462E+00	19
egfr-siteA-id86	7v9p-assembly1_A	0.153	26	80	850	0.287	0.031	4.802E-01	1.980E-01	2.170E-02	7.375E+00	19
egfr-siteA-id86	2yj0-assembly1_A	0.147	61	80	68	0.688	0.838	3.153E-01	2.480E-01	2.735E-01	4.255E+00	18
egfr-siteA-id86	4xhw-assembly3_D	0.164	67	80	91	0.812	0.648	3.435E-01	2.823E-01	2.595E-01	6.885E+00	18
egfr-siteA-id86	5uvr-assembly1_A	0.104	86	80	98	0.800	0.827	3.326E-01	2.845E-01	2.493E-01	6.427E+00	18
egfr-siteA-id86	3ekc-assembly1_A	0.166	36	80	100	0.287	0.360	4.932E-01	1.917E-01	1.579E-01	7.375E+00	18
egfr-siteA-id86	7nmt-assembly1_AAA	0.146	41	80	100	0.338	0.410	4.477E-01	2.118E-01	1.750E-01	5.229E+00	18
egfr-siteA-id86	3qda-assembly1_A	0.146	41	80	100	0.338	0.410	4.251E-01	2.049E-01	1.697E-01	4.882E+00	18
egfr-siteA-id86	1fhg-assembly1_A	0.102	39	80	102	0.338	0.382	4.105E-01	2.058E-01	1.676E-01	4.882E+00	18
egfr-siteA-id86	6xyd-assembly1_B	0.170	47	80	106	0.575	0.396	4.404E-01	2.745E-01	2.253E-01	9.064E+00	18
egfr-siteA-id86	3f62-assembly1_A	0.147	61	80	108	0.688	0.435	3.804E-01	2.449E-01	1.887E-01	6.000E+00	18
egfr-siteA-id86	4v9j-assembly1_BR	0.204	49	80	117	0.587	0.410	3.062E-01	2.173E-01	1.635E-01	3.232E+00	18
egfr-siteA-id86	4ce4-assembly1_R	0.056	107	80	120	0.938	0.858	3.074E-01	2.948E-01	2.292E-01	5.601E+00	18
egfr-siteA-id86	5vky-assembly1_A	0.117	111	80	122	0.938	0.852	3.552E-01	3.370E-01	2.507E-01	7.899E+00	18
egfr-siteA-id86	8r6f-assembly1_Y	0.250	60	80	124	0.688	0.444	3.035E-01	2.566E-01	1.974E-01	5.229E+00	18
egfr-siteA-id86	1yz7-assembly1_A	0.164	73	80	176	0.837	0.386	3.228E-01	2.884E-01	1.733E-01	6.427E+00	18
egfr-siteA-id86	3nwg-assembly1_A	0.176	51	80	180	0.637	0.239	4.452E-01	2.996E-01	1.674E-01	9.709E+00	18
egfr-siteA-id86	3pxj-assembly3_C	0.142	35	80	187	0.325	0.187	4.800E-01	2.045E-01	9.374E-02	6.000E+00	18
egfr-siteA-id86	8v87-assembly1_N	0.089	78	80	189	0.812	0.397	3.761E-01	3.277E-01	1.737E-01	8.462E+00	18
egfr-siteA-id86	8ipb-assembly1_HA	0.108	92	80	203	0.812	0.438	3.750E-01	3.253E-01	1.598E-01	7.899E+00	18
egfr-siteA-id86	7qiz-assembly1_P	0.109	73	80	203	0.688	0.360	3.773E-01	2.826E-01	1.421E-01	7.899E+00	18
egfr-siteA-id86	1zxe-assembly1_B	0.127	55	80	252	0.663	0.198	4.342E-01	3.284E-01	1.396E-01	9.709E+00	18
egfr-siteA-id86	3epa-assembly1_A	0.109	73	80	254	0.837	0.264	3.244E-01	2.920E-01	1.373E-01	5.229E+00	18
egfr-siteA-id86	6cn9-assembly1_A	0.216	37	80	271	0.425	0.137	3.627E-01	2.438E-01	9.697E-02	3.708E+00	18
egfr-siteA-id86	9cmz-assembly1_A	0.085	35	80	278	0.387	0.126	3.495E-01	2.224E-01	8.619E-02	3.232E+00	18
egfr-siteA-id86	6qfl-assembly1_A	0.074	54	80	287	0.637	0.174	3.604E-01	2.797E-01	1.120E-01	9.064E+00	18
egfr-siteA-id86	5tvf-assembly2_E	0.120	25	80	292	0.287	0.086	4.260E-01	2.055E-01	6.607E-02	4.557E+00	18
egfr-siteA-id86	5tvm-assembly1_F	0.125	24	80	295	0.275	0.081	4.167E-01	2.004E-01	6.338E-02	4.255E+00	18
egfr-siteA-id86	5tvm-assembly2_E	0.125	24	80	296	0.275	0.081	4.077E-01	2.000E-01	6.319E-02	3.972E+00	18
egfr-siteA-id86	3ivc-assembly1_A	0.103	58	80	298	0.500	0.195	4.635E-01	2.755E-01	8.729E-02	9.709E+00	18
egfr-siteA-id86	9j5d-assembly1_A	0.166	48	80	298	0.562	0.158	4.624E-01	2.676E-01	8.207E-02	8.462E+00	18
egfr-siteA-id86	6dd4-assembly4_D	0.074	67	80	311	0.700	0.212	3.892E-01	3.118E-01	1.142E-01	9.064E+00	18
egfr-siteA-id86	4yh7-assembly1_B	0.090	55	80	324	0.688	0.130	3.436E-01	2.187E-01	7.008E-02	4.557E+00	18
egfr-siteA-id86	6lbk-assembly1_A	0.133	90	80	325	0.913	0.265	3.260E-01	3.046E-01	1.119E-01	9.064E+00	18
egfr-siteA-id86	8u15-assembly2_D	0.126	71	80	350	0.700	0.174	3.562E-01	2.774E-01	9.214E-02	6.427E+00	18
egfr-siteA-id86	8tnq-assembly1_B	0.119	67	80	374	0.688	0.179	3.974E-01	3.052E-01	9.210E-02	9.709E+00	18
egfr-siteA-id86	3ejd-assembly4_H	0.068	44	80	382	0.512	0.115	4.265E-01	2.416E-01	7.232E-02	6.885E+00	18
egfr-siteA-id86	7v9q-assembly1_A	0.153	26	80	859	0.287	0.030	4.803E-01	1.946E-01	2.140E-02	9.064E+00	18
egfr-siteA-id86	2vx9-assembly1_A	0.081	61	80	63	0.688	0.905	3.231E-01	2.516E-01	2.944E-01	5.601E+00	17
egfr-siteA-id86	4b2j-assembly1_A	0.100	60	80	64	0.688	0.891	3.197E-01	2.577E-01	2.927E-01	6.000E+00	17
egfr-siteA-id86	5hl8-assembly2_B	0.114	35	80	81	0.412	0.432	3.307E-01	2.133E-01	2.114E-01	4.255E+00	17
egfr-siteA-id86	7ohp-assembly1_P	0.152	46	80	98	0.488	0.469	3.606E-01	2.221E-01	1.991E-01	6.885E+00	17
egfr-siteA-id86	4rmw-assembly1_A	0.146	41	80	100	0.338	0.410	4.232E-01	2.035E-01	1.687E-01	6.000E+00	17
egfr-siteA-id86	8b2l-assembly1_H1	0.216	60	80	127	0.688	0.433	2.912E-01	2.435E-01	1.877E-01	4.882E+00	17
egfr-siteA-id86	7ohx-assembly1_P	0.142	56	80	127	0.575	0.441	3.498E-01	2.473E-01	1.881E-01	6.885E+00	17
egfr-siteA-id86	6gzx-assembly1_H4	0.154	71	80	138	0.850	0.413	3.807E-01	3.106E-01	2.194E-01	9.709E+00	17
egfr-siteA-id86	8ctk-assembly1_B	0.166	24	80	188	0.300	0.117	3.977E-01	2.004E-01	9.705E-02	6.000E+00	17
egfr-siteA-id86	6wlz-assembly1_H	0.132	68	80	193	0.675	0.342	4.028E-01	2.961E-01	1.442E-01	7.375E+00	17
egfr-siteA-id86	5vme-assembly1_B	0.102	68	80	196	0.688	0.250	3.938E-01	2.638E-01	1.229E-01	9.064E+00	17
egfr-siteA-id86	6zu5-assembly1_LN0	0.107	93	80	203	0.825	0.443	3.498E-01	3.069E-01	1.547E-01	9.064E+00	17
egfr-siteA-id86	5mok-assembly1_B	0.138	36	80	205	0.287	0.176	4.788E-01	1.976E-01	8.680E-02	8.462E+00	17
egfr-siteA-id86	5anm-assembly2_F	0.137	58	80	208	0.700	0.178	3.820E-01	2.091E-01	9.125E-02	6.427E+00	17
egfr-siteA-id86	1i5e-assembly1_B	0.191	47	80	208	0.562	0.216	3.851E-01	2.340E-01	1.024E-01	6.885E+00	17
egfr-siteA-id86	4gko-assembly1_A	0.103	58	80	209	0.700	0.167	3.220E-01	1.777E-01	7.872E-02	3.232E+00	17
egfr-siteA-id86	8fwm-assembly1_F	0.263	19	80	225	0.237	0.084	4.142E-01	1.774E-01	7.180E-02	8.462E+00	17
egfr-siteA-id86	3ep5-assembly1_A	0.111	72	80	239	0.863	0.285	3.349E-01	3.024E-01	1.439E-01	7.375E+00	17
egfr-siteA-id86	3dz7-assembly1_A	0.112	71	80	243	0.850	0.276	3.180E-01	2.874E-01	1.365E-01	6.885E+00	17
egfr-siteA-id86	3dz5-assembly1_A	0.070	71	80	245	0.850	0.273	3.264E-01	2.899E-01	1.360E-01	6.885E+00	17
egfr-siteA-id86	3dz2-assembly1_A	0.093	75	80	246	0.863	0.293	3.047E-01	2.798E-01	1.434E-01	6.885E+00	17
egfr-siteA-id86	1i72-assembly1_A	0.086	81	80	252	0.900	0.294	3.358E-01	3.154E-01	1.519E-01	8.462E+00	17
egfr-siteA-id86	5k0x-assembly2_B	0.261	42	80	254	0.475	0.157	3.646E-01	2.478E-01	1.069E-01	5.601E+00	17
egfr-siteA-id86	5u6c-assembly1_B	0.238	42	80	257	0.475	0.156	3.380E-01	2.401E-01	1.039E-01	4.557E+00	17
egfr-siteA-id86	2aho-assembly1_B	0.194	67	80	259	0.775	0.255	3.335E-01	2.839E-01	1.247E-01	7.899E+00	17
egfr-siteA-id86	9bhj-assembly1_A	0.218	55	80	283	0.637	0.180	3.585E-01	2.877E-01	1.187E-01	6.427E+00	17
egfr-siteA-id86	7aaz-assembly1_A	0.235	51	80	290	0.587	0.162	3.874E-01	2.928E-01	1.142E-01	7.375E+00	17
egfr-siteA-id86	5e91-assembly1_A	0.142	35	80	297	0.425	0.114	4.485E-01	2.697E-01	9.159E-02	9.709E+00	17
egfr-siteA-id86	5y32-assembly1_B	0.090	55	80	322	0.688	0.130	3.410E-01	2.181E-01	7.100E-02	6.427E+00	17
egfr-siteA-id86	8u17-assembly1_A	0.130	69	80	336	0.688	0.179	3.501E-01	2.682E-01	9.428E-02	7.375E+00	17
egfr-siteA-id86	3eni-assembly1_A	0.350	20	80	357	0.250	0.056	3.649E-01	2.097E-01	5.290E-02	4.557E+00	17
egfr-siteA-id86	5h8z-assembly1_A	0.350	20	80	358	0.250	0.056	3.653E-01	2.095E-01	5.280E-02	4.882E+00	17
egfr-siteA-id86	3ejb-assembly1_B	0.068	44	80	380	0.512	0.116	4.289E-01	2.416E-01	7.228E-02	7.375E+00	17
egfr-siteA-id86	6ix7-assembly1_A	0.084	71	80	389	0.688	0.180	3.376E-01	2.733E-01	8.636E-02	6.427E+00	17
egfr-siteA-id86	6bld-assembly1_A	0.111	45	80	414	0.538	0.097	3.805E-01	2.251E-01	6.580E-02	6.885E+00	17
egfr-siteA-id86	8qqi-assembly1_A	0.220	59	80	517	0.663	0.099	3.279E-01	2.556E-01	6.704E-02	4.557E+00	17
egfr-siteA-id86	6ux2-assembly1_B	0.120	91	80	600	0.913	0.135	2.304E-01	2.138E-01	4.074E-02	2.139E+00	17
egfr-siteA-id86	7ziu-assembly1_A	0.151	86	80	603	0.913	0.134	2.398E-01	2.230E-01	4.304E-02	3.017E+00	17
egfr-siteA-id86	3se6-assembly1_A	0.100	60	80	869	0.750	0.037	4.428E-01	2.032E-01	2.255E-02	7.899E+00	17
egfr-siteA-id86	1mog-assembly1_A	0.079	63	80	67	0.688	0.851	2.930E-01	2.345E-01	2.611E-01	6.427E+00	16
egfr-siteA-id86	6hpj-assembly1_B	0.166	54	80	84	0.637	0.524	3.935E-01	2.562E-01	2.468E-01	9.709E+00	16
egfr-siteA-id86	8c95-assembly1_S	0.229	48	80	94	0.488	0.489	3.400E-01	2.075E-01	1.888E-01	5.229E+00	16
egfr-siteA-id86	3dhm-assembly1_A	0.146	41	80	100	0.338	0.410	4.132E-01	2.019E-01	1.676E-01	6.885E+00	16
egfr-siteA-id86	5wyk-assembly1_SZ	0.109	64	80	101	0.700	0.545	3.314E-01	2.679E-01	2.318E-01	8.462E+00	16
egfr-siteA-id86	6m36-assembly1_G	0.125	56	80	104	0.700	0.365	3.448E-01	2.439E-01	2.059E-01	7.375E+00	16
egfr-siteA-id86	7al7-assembly1_A	0.140	57	80	108	0.688	0.380	3.553E-01	2.325E-01	1.845E-01	5.601E+00	16
egfr-siteA-id86	7ohu-assembly1_P	0.150	53	80	108	0.538	0.491	3.761E-01	2.420E-01	2.032E-01	9.064E+00	16
egfr-siteA-id86	6cmv-assembly3_F	0.155	58	80	111	0.613	0.505	2.824E-01	2.038E-01	1.647E-01	6.000E+00	16
egfr-siteA-id86	3mer-assembly2_B	0.057	35	80	173	0.425	0.202	3.437E-01	2.212E-01	1.296E-01	6.000E+00	16
egfr-siteA-id86	2ill-assembly1_A	0.100	40	80	195	0.338	0.205	4.481E-01	2.128E-01	9.649E-02	9.709E+00	16
egfr-siteA-id86	4q6y-assembly1_B	0.101	69	80	206	0.700	0.243	3.699E-01	2.568E-01	1.170E-01	9.064E+00	16
egfr-siteA-id86	6dk7-assembly3_E	0.046	43	80	225	0.538	0.138	3.790E-01	1.901E-01	9.137E-02	7.899E+00	16
egfr-siteA-id86	8xe2-assembly1_C-2	0.080	50	80	236	0.625	0.199	3.944E-01	2.394E-01	8.763E-02	9.709E+00	16
egfr-siteA-id86	3ep8-assembly1_A	0.093	75	80	240	0.863	0.283	3.069E-01	2.768E-01	1.308E-01	7.375E+00	16
egfr-siteA-id86	4o4b-assembly1_B	0.090	44	80	250	0.512	0.172	3.523E-01	2.563E-01	1.131E-01	9.709E+00	16
egfr-siteA-id86	2fum-assembly1_A	0.115	26	80	263	0.300	0.099	3.648E-01	2.066E-01	7.644E-02	3.462E+00	16
egfr-siteA-id86	3orm-assembly1_A	0.115	26	80	266	0.300	0.098	3.630E-01	2.040E-01	7.550E-02	4.255E+00	16
egfr-siteA-id86	4x3f-assembly2_B	0.133	30	80	280	0.338	0.107	4.175E-01	2.132E-01	7.722E-02	6.000E+00	16
egfr-siteA-id86	4hnd-assembly1_B	0.089	78	80	337	0.938	0.154	2.818E-01	2.090E-01	6.975E-02	7.375E+00	16
egfr-siteA-id86	3ab4-assembly1_A	0.190	63	80	370	0.725	0.143	3.173E-01	2.526E-01	8.812E-02	7.375E+00	16
egfr-siteA-id86	4ckk-assembly2_D	0.220	59	80	484	0.663	0.105	3.430E-01	2.651E-01	7.241E-02	7.899E+00	16
egfr-siteA-id86	4mtp-assembly1_A	0.148	47	80	591	0.587	0.069	3.176E-01	2.031E-01	4.050E-02	6.885E+00	16
egfr-siteA-id86	4hdh-assembly1_A	0.159	88	80	613	0.900	0.131	2.340E-01	2.148E-01	3.875E-02	3.232E+00	16
egfr-siteA-id86	5xeu-assembly1_C	0.045	22	80	129	0.275	0.171	3.899E-01	1.711E-01	1.178E-01	5.601E+00	15
egfr-siteA-id86	3zc4-assembly9_I	0.144	69	80	157	0.837	0.382	2.469E-01	2.053E-01	1.658E-01	6.885E+00	15
egfr-siteA-id86	5jik-assembly1_A	0.162	37	80	201	0.312	0.179	4.439E-01	1.797E-01	8.014E-02	9.064E+00	15
egfr-siteA-id86	4nqs-assembly2_H	0.071	56	80	207	0.700	0.159	3.945E-01	1.960E-01	8.620E-02	9.064E+00	15
egfr-siteA-id86	5dj2-assembly1_A	0.184	38	80	208	0.312	0.183	4.076E-01	1.698E-01	7.667E-02	7.375E+00	15
egfr-siteA-id86	4hag-assembly1_A-2	0.135	37	80	208	0.312	0.173	4.351E-01	1.768E-01	7.724E-02	8.462E+00	15
egfr-siteA-id86	4hny-assembly2_D	0.077	77	80	216	0.950	0.287	2.616E-01	2.326E-01	1.319E-01	6.885E+00	15
egfr-siteA-id86	6ue8-assembly1_K	0.068	58	80	221	0.700	0.181	3.710E-01	2.342E-01	1.001E-01	8.462E+00	15
egfr-siteA-id86	7jg1-assembly1_D	0.153	26	80	228	0.325	0.114	4.075E-01	2.337E-01	9.704E-02	9.709E+00	15
egfr-siteA-id86	8xdr-assembly1_B	0.090	44	80	239	0.550	0.159	3.219E-01	1.843E-01	8.899E-02	8.462E+00	15
egfr-siteA-id86	8xds-assembly1_B	0.090	44	80	242	0.550	0.157	3.215E-01	1.871E-01	8.803E-02	7.899E+00	15
egfr-siteA-id86	2fum-assembly2_B	0.115	26	80	262	0.300	0.099	3.561E-01	2.041E-01	7.646E-02	4.882E+00	15
egfr-siteA-id86	3ori-assembly4_D	0.115	26	80	267	0.300	0.097	3.554E-01	2.021E-01	7.469E-02	4.557E+00	15
egfr-siteA-id86	4x3f-assembly1_A	0.133	30	80	277	0.338	0.108	3.975E-01	2.104E-01	7.776E-02	6.427E+00	15
egfr-siteA-id86	5tvf-assembly1_F	0.125	24	80	290	0.275	0.083	4.147E-01	2.003E-01	6.435E-02	6.885E+00	15
egfr-siteA-id86	5tyq-assembly1_A	0.118	59	80	306	0.688	0.180	3.213E-01	2.371E-01	1.030E-01	9.064E+00	15
egfr-siteA-id86	9j56-assembly1_B	0.063	47	80	330	0.550	0.115	3.593E-01	2.043E-01	7.456E-02	6.885E+00	15
egfr-siteA-id86	3eoj-assembly1_A	0.272	22	80	358	0.275	0.061	3.742E-01	1.759E-01	5.273E-02	5.601E+00	15
egfr-siteA-id86	7uea-assembly1_V	0.350	20	80	360	0.250	0.056	3.520E-01	2.085E-01	5.252E-02	7.375E+00	15
egfr-siteA-id86	3ab4-assembly1_C	0.161	68	80	367	0.750	0.166	3.169E-01	2.658E-01	8.818E-02	8.462E+00	15
egfr-siteA-id86	4rbv-assembly3_E-6	0.190	21	80	87	0.262	0.241	2.941E-01	1.654E-01	1.561E-01	4.557E+00	14
egfr-siteA-id86	4fpi-assembly1_C	0.109	55	80	94	0.650	0.543	2.648E-01	2.085E-01	1.905E-01	7.375E+00	14
egfr-siteA-id86	1bm9-assembly1_A	0.135	74	80	120	0.913	0.475	2.751E-01	2.193E-01	1.448E-01	6.000E+00	14
egfr-siteA-id86	6mcb-assembly1_C	0.115	26	80	123	0.312	0.211	3.443E-01	2.013E-01	1.472E-01	8.462E+00	14
egfr-siteA-id86	6o8x-assembly1_O	0.103	58	80	123	0.675	0.463	2.593E-01	1.945E-01	1.497E-01	6.000E+00	14
egfr-siteA-id86	5xeu-assembly1_A	0.086	23	80	128	0.287	0.180	4.196E-01	1.820E-01	1.263E-01	7.375E+00	14
egfr-siteA-id86	4tv4-assembly1_B-2	0.150	20	80	143	0.250	0.140	3.449E-01	1.613E-01	1.018E-01	5.229E+00	14
egfr-siteA-id86	6yq5-assembly1_A	0.269	26	80	172	0.300	0.151	3.765E-01	1.869E-01	1.037E-01	7.375E+00	14
egfr-siteA-id86	8gcr-assembly1_B	0.083	24	80	176	0.300	0.136	2.660E-01	1.758E-01	9.660E-02	5.229E+00	14
egfr-siteA-id86	5i93-assembly1_A	0.164	97	80	179	0.850	0.480	2.376E-01	2.087E-01	1.114E-01	5.601E+00	14
egfr-siteA-id86	2vzy-assembly1_C	0.138	72	80	189	0.887	0.317	3.036E-01	2.569E-01	1.578E-01	9.709E+00	14
egfr-siteA-id86	5sws-assembly1_D	0.192	26	80	198	0.325	0.131	3.015E-01	2.015E-01	1.005E-01	6.885E+00	14
egfr-siteA-id86	5wav-assembly1_A	0.184	38	80	207	0.312	0.184	3.814E-01	1.633E-01	7.539E-02	7.375E+00	14
egfr-siteA-id86	7shy-assembly2_A	0.084	59	80	208	0.700	0.188	3.169E-01	1.835E-01	8.706E-02	7.375E+00	14
egfr-siteA-id86	5oyj-assembly1_D	0.250	24	80	218	0.300	0.110	3.190E-01	2.072E-01	9.150E-02	7.899E+00	14
egfr-siteA-id86	8xe0-assembly1_B	0.090	44	80	234	0.550	0.162	3.204E-01	1.872E-01	9.038E-02	9.709E+00	14
egfr-siteA-id86	8xdy-assembly1_B	0.090	44	80	238	0.550	0.160	3.226E-01	1.879E-01	8.921E-02	9.064E+00	14
egfr-siteA-id86	2fum-assembly3_C	0.115	26	80	254	0.300	0.102	3.647E-01	2.058E-01	7.879E-02	6.427E+00	14
egfr-siteA-id86	1o6y-assembly1_A	0.115	26	80	260	0.300	0.100	3.391E-01	1.995E-01	7.586E-02	5.601E+00	14
egfr-siteA-id86	5u94-assembly1_A	0.115	26	80	263	0.300	0.099	3.370E-01	2.003E-01	7.551E-02	5.229E+00	14
egfr-siteA-id86	3f61-assembly1_A	0.115	26	80	271	0.300	0.096	3.495E-01	2.009E-01	7.320E-02	6.000E+00	14
egfr-siteA-id86	8u2o-assembly1_A	0.085	35	80	289	0.387	0.121	3.469E-01	2.230E-01	8.327E-02	8.462E+00	14
egfr-siteA-id86	1xds-assembly1_B	0.063	47	80	330	0.550	0.115	3.581E-01	2.041E-01	7.379E-02	9.064E+00	14
egfr-siteA-id86	4hne-assembly1_B	0.144	76	80	341	0.938	0.158	2.477E-01	1.915E-01	6.453E-02	7.375E+00	14
egfr-siteA-id86	4ckk-assembly1_A	0.255	43	80	485	0.525	0.072	3.334E-01	2.086E-01	5.446E-02	7.899E+00	14
egfr-siteA-id86	4tma-assembly1_A	0.196	61	80	505	0.675	0.101	3.278E-01	2.583E-01	6.680E-02	9.709E+00	14
egfr-siteA-id86	8btr-assembly1_Sb	0.116	60	80	116	0.663	0.474	2.351E-01	1.873E-01	1.495E-01	8.462E+00	13
egfr-siteA-id86	7amx-assembly1_AAA	0.129	77	80	140	0.688	0.521	2.948E-01	2.178E-01	1.476E-01	9.064E+00	13
egfr-siteA-id86	6rpb-assembly3_N	0.208	24	80	188	0.300	0.128	3.228E-01	1.949E-01	1.003E-01	9.064E+00	13
egfr-siteA-id86	5fk9-assembly1_A	0.173	23	80	198	0.287	0.116	2.877E-01	1.886E-01	9.271E-02	7.899E+00	13
egfr-siteA-id86	4bsj-assembly1_A	0.375	24	80	213	0.275	0.113	3.304E-01	1.780E-01	8.186E-02	8.462E+00	13
egfr-siteA-id86	6ue7-assembly1_A	0.089	56	80	222	0.688	0.167	3.265E-01	2.071E-01	9.111E-02	7.899E+00	13
egfr-siteA-id86	5oyj-assembly1_C	0.208	24	80	223	0.287	0.103	2.899E-01	1.727E-01	7.751E-02	5.601E+00	13
egfr-siteA-id86	8xdt-assembly1_B	0.117	51	80	242	0.625	0.190	2.394E-01	1.691E-01	7.586E-02	6.885E+00	13
egfr-siteA-id86	4f0g-assembly1_A	0.172	58	80	263	0.613	0.202	2.639E-01	1.857E-01	7.010E-02	8.462E+00	13
egfr-siteA-id86	5jgl-assembly2_B	0.108	92	80	268	0.850	0.299	2.299E-01	1.955E-01	7.152E-02	7.899E+00	13
egfr-siteA-id86	3ork-assembly1_A	0.115	26	80	274	0.300	0.095	3.392E-01	1.992E-01	7.223E-02	6.885E+00	13
egfr-siteA-id86	3orp-assembly1_A	0.115	26	80	274	0.300	0.095	3.404E-01	1.999E-01	7.240E-02	7.375E+00	13
egfr-siteA-id86	6b3o-assembly1_A	0.111	18	80	344	0.225	0.052	3.288E-01	1.659E-01	4.713E-02	9.709E+00	13
egfr-siteA-id86	4rbv-assembly2_C	0.200	20	80	85	0.250	0.235	2.913E-01	1.586E-01	1.518E-01	7.375E+00	12
egfr-siteA-id86	4ofk-assembly1_A	0.100	60	80	103	0.750	0.359	2.703E-01	1.729E-01	1.428E-01	8.462E+00	12
egfr-siteA-id86	3v4h-assembly1_A	0.045	22	80	131	0.250	0.168	3.404E-01	1.707E-01	1.129E-01	8.462E+00	12
egfr-siteA-id86	5fa8-assembly1_A	0.090	33	80	156	0.300	0.212	3.070E-01	1.843E-01	1.072E-01	9.064E+00	12
egfr-siteA-id86	1v9s-assembly1_D	0.175	40	80	197	0.438	0.198	2.927E-01	1.624E-01	8.359E-02	9.064E+00	12
egfr-siteA-id86	7ttz-assembly1_B	0.125	56	80	210	0.688	0.176	2.451E-01	1.738E-01	8.472E-02	5.229E+00	12
egfr-siteA-id86	8uke-assembly3_F	0.132	53	80	232	0.625	0.198	2.539E-01	1.761E-01	7.866E-02	7.899E+00	12
egfr-siteA-id86	8zfw-assembly1_B	0.113	53	80	234	0.625	0.201	2.419E-01	1.690E-01	7.857E-02	7.375E+00	12
egfr-siteA-id86	8xdv-assembly1_B	0.117	51	80	242	0.625	0.190	2.387E-01	1.684E-01	7.474E-02	8.462E+00	12
egfr-siteA-id86	8z8p-assembly2_B	0.132	53	80	242	0.625	0.190	2.581E-01	1.765E-01	7.657E-02	7.899E+00	12
egfr-siteA-id86	8u2o-assembly1_B	0.047	21	80	276	0.262	0.076	2.902E-01	1.629E-01	6.190E-02	8.462E+00	12
egfr-siteA-id86	8wge-assembly1_A	0.160	25	80	348	0.287	0.072	3.284E-01	1.937E-01	5.700E-02	9.709E+00	12
egfr-siteA-id86	1q8y-assembly2_B	0.136	22	80	357	0.262	0.062	3.229E-01	1.860E-01	5.182E-02	7.899E+00	12
egfr-siteA-id86	1q8z-assembly2_B	0.136	22	80	364	0.262	0.060	3.122E-01	1.850E-01	5.082E-02	7.899E+00	12
egfr-siteA-id86	2hfz-assembly1_A	0.134	89	80	608	0.875	0.132	1.934E-01	1.764E-01	3.601E-02	3.232E+00	12
egfr-siteA-id86	7uvl-assembly1_A	0.095	63	80	209	0.738	0.215	2.751E-01	1.918E-01	9.040E-02	9.709E+00	11
egfr-siteA-id86	4wua-assembly1_A	0.136	22	80	344	0.262	0.064	2.943E-01	1.803E-01	5.308E-02	8.462E+00	11
egfr-siteA-id86	5xv7-assembly1_A	0.136	22	80	350	0.262	0.063	2.932E-01	1.814E-01	5.238E-02	9.709E+00	11
egfr-siteA-id86	2jd5-assembly1_A	0.136	22	80	353	0.262	0.062	2.979E-01	1.856E-01	5.242E-02	9.709E+00	11
egfr-siteA-id86	7lu4-assembly1_A	0.200	70	80	978	0.700	0.058	2.105E-01	1.784E-01	3.158E-02	8.462E+00	11
egfr-siteA-id3035	6d32-assembly1_A	0.194	77	75	573	0.973	0.134	5.023E-01	4.861E-01	9.262E-02	3.082E+00	39
egfr-siteA-id3035	3t49-assembly1_A	0.076	78	75	70	0.987	0.957	5.672E-01	5.104E-01	5.405E-01	5.883E+00	36
egfr-siteA-id3035	1x91-assembly1_A	0.086	92	75	149	0.933	0.617	4.562E-01	4.299E-01	2.651E-01	2.043E+00	36
egfr-siteA-id3035	4cqi-assembly1_A	0.171	76	75	107	0.960	0.710	4.276E-01	4.099E-01	3.072E-01	2.740E+00	35
egfr-siteA-id3035	6rur-assembly1_N	0.077	77	75	84	0.973	0.786	5.621E-01	5.014E-01	4.587E-01	8.878E+00	32
egfr-siteA-id3035	4z7x-assembly1_A	0.106	75	75	211	0.973	0.346	5.022E-01	4.892E-01	2.328E-01	8.878E+00	31
egfr-siteA-id3035	7nkk-assembly1_P	0.133	60	75	86	0.800	0.698	4.889E-01	4.092E-01	3.675E-01	6.617E+00	30
egfr-siteA-id3035	4v57-assembly2_CO	0.169	65	75	88	0.787	0.727	4.517E-01	3.750E-01	3.316E-01	5.548E+00	30
egfr-siteA-id3035	8pwn-assembly1_A	0.170	94	75	389	0.960	0.242	3.922E-01	3.776E-01	1.062E-01	3.467E+00	30
egfr-siteA-id3035	8g09-assembly1_2	0.135	59	75	81	0.787	0.728	4.918E-01	4.074E-01	3.838E-01	7.443E+00	29
egfr-siteA-id3035	7njl-assembly1_R	0.133	60	75	85	0.800	0.706	4.737E-01	3.987E-01	3.623E-01	7.018E+00	29
egfr-siteA-id3035	7bqn-assembly1_A	0.123	89	75	121	0.933	0.736	3.719E-01	3.510E-01	2.476E-01	4.651E+00	29
egfr-siteA-id3035	7jgb-assembly1_3	0.127	55	75	80	0.733	0.688	5.145E-01	4.064E-01	3.867E-01	9.985E+00	28
egfr-siteA-id3035	8g0b-assembly1_2	0.135	59	75	81	0.787	0.728	4.947E-01	4.095E-01	3.857E-01	8.878E+00	28
egfr-siteA-id3035	8g0d-assembly1_5	0.135	59	75	81	0.787	0.728	4.804E-01	3.997E-01	3.770E-01	8.371E+00	28
egfr-siteA-id3035	7jgb-assembly1_2	0.135	59	75	81	0.787	0.728	4.867E-01	4.040E-01	3.809E-01	7.893E+00	28
egfr-siteA-id3035	7jg7-assembly1_2	0.135	59	75	83	0.787	0.711	4.947E-01	4.094E-01	3.782E-01	8.878E+00	28
egfr-siteA-id3035	6dg5-assembly1_A	0.195	82	75	93	0.973	0.882	3.238E-01	3.135E-01	2.639E-01	4.385E+00	28
egfr-siteA-id3035	8j0s-assembly1_5	0.133	60	75	81	0.800	0.728	4.528E-01	3.825E-01	3.617E-01	8.371E+00	27
egfr-siteA-id3035	7jg9-assembly1_8	0.135	59	75	81	0.787	0.728	4.871E-01	4.040E-01	3.808E-01	9.985E+00	27
egfr-siteA-id3035	8jr0-assembly1_1	0.133	60	75	81	0.800	0.728	4.596E-01	3.875E-01	3.663E-01	7.893E+00	27
egfr-siteA-id3035	7nju-assembly1_R	0.133	60	75	84	0.800	0.714	4.690E-01	3.956E-01	3.631E-01	7.893E+00	27
egfr-siteA-id3035	7njm-assembly1_Q	0.133	60	75	85	0.800	0.706	4.817E-01	4.045E-01	3.671E-01	9.415E+00	27
egfr-siteA-id3035	7njn-assembly1_O	0.137	58	75	85	0.773	0.671	4.816E-01	3.936E-01	3.584E-01	9.415E+00	27
egfr-siteA-id3035	4n06-assembly1_A	0.177	62	75	346	0.747	0.179	4.192E-01	3.392E-01	1.009E-01	5.883E+00	27
egfr-siteA-id3035	7jg7-assembly1_8	0.133	60	75	81	0.800	0.728	4.640E-01	3.889E-01	3.675E-01	9.985E+00	26
egfr-siteA-id3035	8jr0-assembly1_8	0.116	60	75	81	0.800	0.728	4.923E-01	4.079E-01	3.843E-01	9.985E+00	26
egfr-siteA-id3035	8jr1-assembly1_9	0.133	60	75	81	0.800	0.728	4.605E-01	3.862E-01	3.651E-01	9.985E+00	26
egfr-siteA-id3035	7njp-assembly1_R	0.135	59	75	84	0.787	0.702	4.815E-01	4.003E-01	3.670E-01	9.985E+00	26
egfr-siteA-id3035	7ug7-assembly1_SO	0.194	72	75	88	0.960	0.716	3.862E-01	3.384E-01	2.995E-01	6.240E+00	26
egfr-siteA-id3035	4v54-assembly1_AO	0.180	72	75	88	0.960	0.716	3.675E-01	3.196E-01	2.841E-01	7.443E+00	25
egfr-siteA-id3035	6b0f-assembly1_A	0.259	54	75	204	0.667	0.255	3.990E-01	3.058E-01	1.564E-01	7.893E+00	25
egfr-siteA-id3035	7pjy-assembly1_o	0.180	72	75	88	0.960	0.716	3.700E-01	3.217E-01	2.858E-01	8.371E+00	24
egfr-siteA-id3035	7tl4-assembly1_A	0.180	61	75	184	0.773	0.310	3.524E-01	2.989E-01	1.643E-01	7.018E+00	24
egfr-siteA-id3035	3urz-assembly1_A	0.191	73	75	202	0.973	0.337	3.584E-01	3.330E-01	1.511E-01	9.985E+00	23
egfr-siteA-id2048	8j9b-assembly1_K-2	0.178	73	75	331	0.973	0.193	7.307E-01	6.321E-01	1.679E-01	5.526E+00	44
egfr-siteA-id2048	3t49-assembly1_A	0.089	78	75	70	0.987	0.957	6.008E-01	5.410E-01	5.723E-01	3.427E+00	42
egfr-siteA-id2048	8j9b-assembly1_I-2	0.217	69	75	335	0.920	0.185	7.569E-01	6.380E-01	1.645E-01	7.017E+00	42
egfr-siteA-id2048	4cqi-assembly1_A	0.171	76	75	107	0.960	0.710	4.231E-01	4.057E-01	3.046E-01	2.002E+00	36
egfr-siteA-id2048	1x8z-assembly1_A-2	0.095	94	75	151	0.960	0.623	5.511E-01	5.300E-01	3.116E-01	4.620E+00	36
egfr-siteA-id2048	1x8z-assembly3_A	0.095	94	75	151	0.960	0.623	5.511E-01	5.300E-01	3.116E-01	4.620E+00	36
egfr-siteA-id2048	4n06-assembly1_A	0.227	66	75	346	0.747	0.191	6.486E-01	4.870E-01	1.131E-01	9.458E+00	32
egfr-siteA-id2048	6d32-assembly1_A	0.194	77	75	573	0.973	0.134	4.962E-01	4.806E-01	9.205E-02	5.866E+00	32
egfr-siteA-id2048	4z7x-assembly1_A	0.106	75	75	211	0.973	0.346	4.919E-01	4.778E-01	2.279E-01	7.449E+00	31
egfr-siteA-id2048	6nz1-assembly2_E	0.164	85	75	97	0.947	0.876	3.831E-01	3.614E-01	2.910E-01	4.904E+00	29
egfr-siteA-id2048	4wlr-assembly1_A	0.136	73	75	296	0.973	0.243	4.933E-01	4.699E-01	1.314E-01	7.449E+00	29
egfr-siteA-id2048	6nz1-assembly1_B	0.164	85	75	97	0.947	0.876	3.812E-01	3.600E-01	2.911E-01	5.206E+00	28
egfr-siteA-id2048	7bqn-assembly1_A	0.188	101	75	121	0.960	0.835	3.183E-01	3.090E-01	2.327E-01	3.041E+00	28
egfr-siteA-id2048	7kwg-assembly1_t	0.089	78	75	80	0.987	0.738	4.479E-01	3.722E-01	3.542E-01	9.458E+00	26
egfr-siteA-id2048	4dnd-assembly1_A	0.141	78	75	95	0.960	0.800	3.477E-01	3.357E-01	2.854E-01	7.907E+00	25
egfr-siteA-id2048	5iid-assembly2_B	0.101	99	75	115	0.987	0.861	3.844E-01	3.761E-01	2.843E-01	8.393E+00	25
egfr-siteA-id2048	6nz1-assembly2_D	0.164	85	75	94	0.947	0.904	3.357E-01	3.174E-01	2.629E-01	7.449E+00	24
egfr-siteA-id2048	3urz-assembly1_A	0.191	73	75	202	0.973	0.337	3.621E-01	3.344E-01	1.515E-01	8.393E+00	24
egfr-siteA-id2048	7ug7-assembly1_SO	0.180	72	75	88	0.960	0.716	3.642E-01	3.124E-01	2.759E-01	8.393E+00	23
egfr-siteA-id2048	6ztl-assembly1_AO	0.166	72	75	89	0.960	0.708	3.582E-01	3.086E-01	2.708E-01	9.458E+00	22
egfr-siteA-id2048	1is2-assembly1_B	0.166	78	75	629	0.947	0.124	2.601E-01	2.439E-01	4.652E-02	5.526E+00	20
egfr-siteA-id2048	5n7k-assembly4_D	0.240	75	75	114	0.960	0.623	2.676E-01	2.508E-01	1.802E-01	9.458E+00	18
egfr-siteA-id2046	1x8z-assembly1_A-2	0.095	94	75	151	0.960	0.623	5.550E-01	5.335E-01	3.113E-01	2.894E+00	40
egfr-siteA-id2046	1x8z-assembly3_A	0.095	94	75	151	0.960	0.623	5.550E-01	5.335E-01	3.113E-01	2.894E+00	40
egfr-siteA-id2046	3t49-assembly1_A	0.102	78	75	70	0.987	0.957	5.659E-01	5.112E-01	5.394E-01	5.019E+00	36
egfr-siteA-id2046	4n06-assembly1_A	0.191	68	75	346	0.693	0.191	6.816E-01	4.766E-01	1.203E-01	6.814E+00	36
egfr-siteA-id2046	7bqn-assembly1_A	0.123	89	75	121	0.933	0.736	4.029E-01	3.800E-01	2.658E-01	3.477E+00	32
egfr-siteA-id2046	6d32-assembly1_A	0.194	77	75	573	0.973	0.134	4.966E-01	4.809E-01	9.214E-02	5.335E+00	32
egfr-siteA-id2046	2gsc-assembly1_C	0.189	74	75	110	0.973	0.573	5.155E-01	4.333E-01	3.034E-01	6.410E+00	31
egfr-siteA-id2046	4cqi-assembly1_A	0.171	76	75	107	0.960	0.710	4.262E-01	4.085E-01	3.062E-01	4.177E+00	30
egfr-siteA-id2046	8pwn-assembly1_A	0.170	94	75	389	0.960	0.242	3.867E-01	3.715E-01	1.058E-01	2.894E+00	30
egfr-siteA-id2046	2qff-assembly1_A	0.105	76	75	74	0.960	0.878	5.627E-01	4.953E-01	5.007E-01	9.836E+00	29
egfr-siteA-id2046	4wlr-assembly1_A	0.150	73	75	296	0.973	0.243	4.934E-01	4.700E-01	1.314E-01	6.814E+00	29
egfr-siteA-id2046	8f4x-assembly1_0	0.240	75	75	67	0.987	0.970	3.510E-01	3.181E-01	3.414E-01	4.721E+00	27
egfr-siteA-id2046	3urz-assembly1_A	0.191	73	75	202	0.973	0.337	3.603E-01	3.341E-01	1.511E-01	5.335E+00	26
egfr-siteA-id2046	8dz8-assembly7_G	0.207	82	75	94	0.973	0.872	2.960E-01	2.871E-01	2.434E-01	5.335E+00	24
egfr-siteA-id2046	6dg5-assembly1_A	0.212	80	75	93	0.973	0.849	3.022E-01	2.950E-01	2.575E-01	6.410E+00	23
egfr-siteA-id2046	7lv0-assembly1_T	0.189	74	75	88	0.987	0.705	3.727E-01	3.108E-01	2.691E-01	9.252E+00	21
egfr-siteA-id2046	8dz8-assembly6_F	0.219	82	75	95	0.973	0.863	2.939E-01	2.858E-01	2.439E-01	8.187E+00	21
egfr-siteA-id2046	5j0l-assembly1_B	0.223	85	75	120	0.960	0.708	3.304E-01	3.203E-01	2.354E-01	8.187E+00	21
egfr-siteA-id2046	8dz8-assembly3_C	0.214	84	75	96	0.973	0.875	2.801E-01	2.695E-01	2.283E-01	8.187E+00	20
egfr-siteA-id2046	1is2-assembly1_B	0.166	78	75	629	0.947	0.124	2.604E-01	2.441E-01	4.660E-02	5.019E+00	20
egfr-siteA-id2046	4cs9-assembly1_B	0.170	94	75	164	0.947	0.543	2.229E-01	2.102E-01	1.207E-01	9.836E+00	15
egfr-siteA-id3036	3t49-assembly1_A	0.076	78	75	70	0.987	0.957	5.659E-01	5.110E-01	5.390E-01	2.893E+00	42
egfr-siteA-id3036	4n06-assembly1_A	0.140	71	75	346	0.720	0.205	6.457E-01	4.904E-01	1.355E-01	5.860E+00	39
egfr-siteA-id3036	6d32-assembly1_A	0.194	77	75	573	0.973	0.134	5.014E-01	4.852E-01	9.228E-02	3.254E+00	38
egfr-siteA-id3036	4z7x-assembly1_A	0.106	75	75	211	0.973	0.346	5.005E-01	4.875E-01	2.311E-01	5.525E+00	35
egfr-siteA-id3036	4cqi-assembly1_A	0.171	76	75	107	0.960	0.710	4.376E-01	4.191E-01	3.124E-01	3.068E+00	34
egfr-siteA-id3036	7bqn-assembly1_A	0.123	89	75	121	0.933	0.736	3.727E-01	3.504E-01	2.472E-01	2.425E+00	34
egfr-siteA-id3036	6tmk-assembly1_L1	0.137	51	75	71	0.680	0.718	6.168E-01	4.502E-01	4.709E-01	8.846E+00	33
egfr-siteA-id3036	8pwn-assembly1_A	0.170	94	75	389	0.960	0.242	3.891E-01	3.743E-01	1.062E-01	2.286E+00	33
egfr-siteA-id3036	7tko-assembly1_0	0.166	54	75	75	0.720	0.707	5.565E-01	4.262E-01	4.262E-01	7.415E+00	32
egfr-siteA-id3036	7jg7-assembly1_2	0.135	59	75	83	0.787	0.711	5.039E-01	4.157E-01	3.838E-01	5.525E+00	32
egfr-siteA-id3036	7nkk-assembly1_P	0.163	61	75	86	0.800	0.698	4.734E-01	3.989E-01	3.594E-01	4.631E+00	32
egfr-siteA-id3036	6tmj-assembly1_K2	0.137	51	75	71	0.680	0.718	5.879E-01	4.348E-01	4.541E-01	9.950E+00	31
egfr-siteA-id3036	8ap6-assembly1_P1	0.166	54	75	78	0.720	0.679	5.553E-01	4.247E-01	4.118E-01	8.340E+00	31
egfr-siteA-id3036	8apb-assembly1_T1	0.166	54	75	78	0.720	0.679	5.723E-01	4.344E-01	4.210E-01	8.340E+00	31
egfr-siteA-id3036	8apj-assembly1_V1	0.166	54	75	78	0.720	0.679	5.668E-01	4.312E-01	4.179E-01	8.340E+00	31
egfr-siteA-id3036	8apk-assembly1_X1	0.166	54	75	78	0.720	0.679	5.778E-01	4.375E-01	4.239E-01	9.382E+00	31
egfr-siteA-id3036	7nju-assembly1_R	0.133	60	75	84	0.800	0.714	4.779E-01	4.020E-01	3.685E-01	5.525E+00	31
egfr-siteA-id3036	6rur-assembly1_N	0.077	77	75	84	0.973	0.786	5.565E-01	4.970E-01	4.533E-01	8.846E+00	31
egfr-siteA-id3036	7nkk-assembly1_Q	0.133	60	75	85	0.800	0.706	5.051E-01	4.211E-01	3.811E-01	5.860E+00	31
egfr-siteA-id3036	5fl7-assembly1_M	0.148	54	75	75	0.720	0.707	5.395E-01	4.157E-01	4.157E-01	8.340E+00	30
egfr-siteA-id3036	7jg7-assembly1_6	0.150	53	75	80	0.707	0.650	5.247E-01	4.018E-01	3.826E-01	8.340E+00	30
egfr-siteA-id3036	6dg5-assembly1_A	0.182	82	75	93	0.973	0.882	3.276E-01	3.171E-01	2.663E-01	3.254E+00	30
egfr-siteA-id3036	2lmg-assembly1_A	0.148	81	75	74	0.987	0.892	4.804E-01	4.278E-01	4.311E-01	8.846E+00	29
egfr-siteA-id3036	7tkd-assembly1_9	0.166	54	75	74	0.720	0.716	5.578E-01	4.266E-01	4.311E-01	9.950E+00	29
egfr-siteA-id3036	7tkg-assembly1_5	0.166	54	75	75	0.720	0.707	5.623E-01	4.290E-01	4.290E-01	9.950E+00	29
egfr-siteA-id3036	4h6i-assembly1_A	0.053	75	75	77	0.987	0.831	4.770E-01	4.269E-01	4.192E-01	7.864E+00	29
egfr-siteA-id3036	8g0b-assembly1_2	0.135	59	75	81	0.787	0.728	5.047E-01	4.165E-01	3.920E-01	8.340E+00	29
egfr-siteA-id3036	8j0s-assembly1_4	0.133	60	75	81	0.800	0.728	4.698E-01	3.929E-01	3.711E-01	6.592E+00	29
egfr-siteA-id3036	7jg9-assembly1_8	0.135	59	75	81	0.787	0.728	4.957E-01	4.101E-01	3.862E-01	7.864E+00	29
egfr-siteA-id3036	8cqv-assembly1_B	0.162	37	75	199	0.493	0.186	5.786E-01	3.306E-01	1.378E-01	9.382E+00	29
egfr-siteA-id3036	4wlr-assembly1_A	0.136	73	75	296	0.973	0.243	4.988E-01	4.749E-01	1.318E-01	8.340E+00	29
egfr-siteA-id3036	8g0d-assembly1_5	0.135	59	75	81	0.787	0.728	4.899E-01	4.064E-01	3.830E-01	7.864E+00	28
egfr-siteA-id3036	8j0s-assembly1_5	0.133	60	75	81	0.800	0.728	4.630E-01	3.896E-01	3.680E-01	7.415E+00	28
egfr-siteA-id3036	7jgb-assembly1_2	0.135	59	75	81	0.787	0.728	4.963E-01	4.107E-01	3.868E-01	8.846E+00	28
egfr-siteA-id3036	8jr0-assembly1_1	0.118	59	75	81	0.787	0.728	4.938E-01	4.091E-01	3.854E-01	8.340E+00	28
egfr-siteA-id3036	7njl-assembly1_R	0.133	60	75	85	0.800	0.706	4.822E-01	4.048E-01	3.675E-01	8.340E+00	28
egfr-siteA-id3036	4kbq-assembly2_D	0.111	63	75	87	0.747	0.724	4.830E-01	3.909E-01	3.561E-01	8.846E+00	28
egfr-siteA-id3036	7jg6-assembly1_8	0.166	60	75	81	0.787	0.728	4.772E-01	3.982E-01	3.759E-01	8.846E+00	27
egfr-siteA-id3036	7jg7-assembly1_8	0.133	60	75	81	0.800	0.728	4.730E-01	3.952E-01	3.732E-01	8.846E+00	27
egfr-siteA-id3036	7bu5-assembly1_A	0.218	32	75	84	0.427	0.381	5.279E-01	3.050E-01	2.806E-01	9.382E+00	27
egfr-siteA-id3036	7njp-assembly1_R	0.135	59	75	84	0.787	0.702	4.906E-01	4.067E-01	3.724E-01	9.382E+00	27
egfr-siteA-id3036	7dgu-assembly1_A	0.152	85	75	97	0.960	0.876	3.876E-01	3.769E-01	3.308E-01	7.415E+00	27
egfr-siteA-id3036	8to0-assembly1_b	0.133	112	75	191	0.987	0.586	4.823E-01	4.727E-01	2.032E-01	9.382E+00	27
egfr-siteA-id3036	7ane-assembly1_z	0.173	52	75	971	0.693	0.051	4.798E-01	3.680E-01	4.045E-02	8.846E+00	27
egfr-siteA-id3036	3ehf-assembly2_C	0.187	48	75	57	0.640	0.772	4.604E-01	3.319E-01	3.958E-01	7.415E+00	26
egfr-siteA-id3036	2qff-assembly1_A	0.100	80	75	74	0.960	0.932	4.268E-01	3.985E-01	4.023E-01	9.382E+00	26
egfr-siteA-id3036	8j0s-assembly1_6	0.133	60	75	81	0.800	0.728	4.643E-01	3.905E-01	3.689E-01	9.382E+00	26
egfr-siteA-id3036	8j0s-assembly1_7	0.133	60	75	81	0.800	0.728	4.671E-01	3.926E-01	3.708E-01	9.382E+00	26
egfr-siteA-id3036	7njn-assembly1_L	0.150	60	75	83	0.787	0.711	4.707E-01	3.936E-01	3.649E-01	9.950E+00	26
egfr-siteA-id3036	7njv-assembly1_N	0.163	61	75	84	0.800	0.714	4.624E-01	3.917E-01	3.601E-01	8.846E+00	26
egfr-siteA-id3036	7njm-assembly1_Q	0.163	61	75	85	0.800	0.706	4.682E-01	3.955E-01	3.599E-01	9.950E+00	26
egfr-siteA-id3036	7f83-assembly1_A	0.163	55	75	396	0.653	0.139	4.983E-01	3.480E-01	8.249E-02	7.415E+00	26
egfr-siteA-id3036	4v57-assembly2_CO	0.189	74	75	88	0.987	0.705	3.644E-01	3.039E-01	2.652E-01	5.209E+00	25
egfr-siteA-id3036	7ug7-assembly1_SO	0.180	72	75	88	0.960	0.716	3.670E-01	3.227E-01	2.866E-01	7.415E+00	24
egfr-siteA-id3036	4ni7-assembly1_A	0.181	77	75	151	0.933	0.497	3.469E-01	3.292E-01	1.980E-01	7.415E+00	24
egfr-siteA-id3036	3ehf-assembly1_A	0.202	74	75	179	0.960	0.369	3.598E-01	3.269E-01	1.652E-01	6.215E+00	24
egfr-siteA-id3036	4h6h-assembly2_B	0.086	81	75	80	0.933	0.875	3.782E-01	3.552E-01	3.403E-01	9.382E+00	23
egfr-siteA-id3036	4v54-assembly1_AO	0.180	72	75	88	0.960	0.716	3.652E-01	3.200E-01	2.849E-01	8.340E+00	23
egfr-siteA-id3036	8dz8-assembly7_G	0.207	82	75	94	0.973	0.872	2.964E-01	2.886E-01	2.471E-01	6.592E+00	23
egfr-siteA-id3036	2q9q-assembly2_F	0.186	86	75	196	0.920	0.413	3.389E-01	3.156E-01	1.449E-01	7.415E+00	22
egfr-siteA-id3036	8tf5-assembly1_A	0.142	105	75	364	0.960	0.288	3.889E-01	3.740E-01	1.113E-01	9.382E+00	22
egfr-siteA-id3036	6drz-assembly1_A	0.164	97	75	388	0.960	0.250	3.656E-01	3.502E-01	9.930E-02	8.846E+00	22
egfr-siteA-id3036	3ehf-assembly2_D	0.202	74	75	181	0.960	0.365	3.607E-01	3.274E-01	1.638E-01	9.950E+00	21
egfr-siteA-id3036	4bpu-assembly4_D	0.207	77	75	209	0.947	0.359	2.841E-01	2.706E-01	1.282E-01	8.846E+00	19
egfr-siteA-id3036	8xuq-assembly1_G	0.126	111	75	885	0.987	0.125	2.604E-01	2.558E-01	4.768E-02	8.846E+00	19
egfr-siteA-id3036	1is2-assembly1_B	0.166	78	75	629	0.947	0.124	2.497E-01	2.345E-01	4.631E-02	8.846E+00	18
egfr-bridge-id47	7obi-assembly2_B	0.508	118	145	134	0.814	0.881	9.668E-01	7.840E-01	8.469E-01	2.836E-08	426
egfr-bridge-id47	2hyz-assembly1_A-2	0.466	120	145	136	0.828	0.853	9.365E-01	7.505E-01	7.981E-01	2.571E-08	412
egfr-bridge-id47	8cp8-assembly2_B	0.455	123	145	136	0.848	0.875	8.991E-01	7.417E-01	7.877E-01	2.330E-08	397
egfr-bridge-id47	8ch0-assembly1_A	0.470	119	145	136	0.821	0.875	9.130E-01	7.521E-01	7.990E-01	4.635E-08	396
egfr-bridge-id47	8cqp-assembly3_C	0.470	119	145	134	0.821	0.888	9.575E-01	7.840E-01	8.465E-01	1.507E-07	394
egfr-bridge-id47	8cqq-assembly1_A	0.393	155	145	272	0.966	0.562	8.026E-01	7.730E-01	4.195E-01	6.498E-09	394
egfr-bridge-id47	2wqh-assembly1_A-2	0.550	100	145	104	0.690	0.962	9.511E-01	6.601E-01	9.076E-01	7.957E-08	391
egfr-bridge-id47	1na0-assembly2_B	0.491	118	145	119	0.814	0.958	8.387E-01	6.701E-01	8.002E-01	1.426E-08	389
egfr-bridge-id47	6b85-assembly1_J	0.449	109	145	215	0.752	0.507	9.375E-01	7.089E-01	4.852E-01	1.122E-07	387
egfr-bridge-id47	1na0-assembly1_A	0.491	118	145	119	0.814	0.958	8.258E-01	6.619E-01	7.894E-01	1.915E-08	381
egfr-bridge-id47	6vfh-assembly1_A	0.520	100	145	119	0.690	0.840	9.101E-01	6.377E-01	7.675E-01	2.023E-07	372
egfr-bridge-id47	6v8e-assembly1_A	0.406	118	145	119	0.814	0.958	8.624E-01	6.850E-01	8.221E-01	1.068E-07	363
egfr-bridge-id47	1w3b-assembly1_B	0.371	105	145	368	0.724	0.285	9.207E-01	6.747E-01	2.757E-01	2.587E-07	360
egfr-bridge-id47	4gyw-assembly2_A	0.260	119	145	695	0.821	0.171	9.440E-01	7.747E-01	1.675E-01	8.409E-07	359
egfr-bridge-id47	5hgv-assembly2_C	0.270	111	145	674	0.766	0.165	9.564E-01	7.338E-01	1.626E-01	6.578E-07	358
egfr-bridge-id47	8ump-assembly1_A	0.426	122	145	120	0.841	0.983	8.311E-01	6.848E-01	8.138E-01	1.068E-07	357
egfr-bridge-id47	5a01-assembly3_C	0.267	116	145	681	0.800	0.170	9.480E-01	7.598E-01	1.676E-01	9.744E-07	356
egfr-bridge-id47	8fe7-assembly4_G	0.260	119	145	705	0.821	0.169	8.986E-01	7.428E-01	1.628E-01	5.677E-07	356
egfr-bridge-id47	5hgv-assembly1_A	0.260	119	145	695	0.821	0.171	9.451E-01	7.755E-01	1.676E-01	1.075E-06	354
egfr-bridge-id47	3kd7-assembly2_B	0.515	99	145	100	0.683	0.990	9.535E-01	6.546E-01	9.353E-01	5.404E-07	353
egfr-bridge-id47	3kd7-assembly5_E	0.520	96	145	100	0.662	0.960	9.417E-01	6.298E-01	8.973E-01	4.440E-07	353
egfr-bridge-id47	6v8e-assembly2_F	0.406	118	145	119	0.814	0.958	8.390E-01	6.691E-01	8.009E-01	1.435E-07	352
egfr-bridge-id47	8far-assembly1_A	0.394	109	145	136	0.752	0.801	9.332E-01	7.063E-01	7.507E-01	9.744E-07	347
egfr-bridge-id47	4gyw-assembly1_C	0.270	111	145	674	0.766	0.165	9.565E-01	7.338E-01	1.626E-01	1.516E-06	343
egfr-bridge-id47	6q4m-assembly1_A	0.264	117	145	698	0.807	0.168	8.808E-01	7.190E-01	1.616E-01	1.023E-06	341
egfr-bridge-id47	8fwd-assembly1_3	0.403	109	145	139	0.752	0.784	9.242E-01	7.011E-01	7.296E-01	1.075E-06	340
egfr-bridge-id47	8fwd-assembly1_C	0.403	109	145	139	0.752	0.784	9.265E-01	7.026E-01	7.312E-01	1.075E-06	340
egfr-bridge-id47	8fwd-assembly1_7	0.403	109	145	139	0.752	0.784	9.214E-01	6.996E-01	7.279E-01	1.075E-06	338
egfr-bridge-id47	6e37-assembly1_A	0.267	116	145	692	0.800	0.168	8.951E-01	7.234E-01	1.623E-01	1.374E-06	338
egfr-bridge-id47	3kd7-assembly1_A	0.515	99	145	102	0.683	0.971	9.135E-01	6.344E-01	8.805E-01	9.277E-07	337
egfr-bridge-id47	3pe3-assembly4_D	0.258	120	145	701	0.828	0.171	8.911E-01	7.410E-01	1.641E-01	1.444E-06	337
egfr-bridge-id47	6ibo-assembly1_A	0.264	117	145	695	0.807	0.168	8.711E-01	7.124E-01	1.617E-01	1.129E-06	336
egfr-bridge-id47	6vfj-assembly1_B	0.480	104	145	119	0.717	0.840	9.032E-01	6.306E-01	7.600E-01	7.257E-07	335
egfr-bridge-id47	8cm9-assembly2_B	0.267	116	145	699	0.800	0.166	9.197E-01	7.404E-01	1.620E-01	2.734E-06	332
egfr-bridge-id47	4n3c-assembly1_A	0.267	116	145	697	0.800	0.166	8.626E-01	7.002E-01	1.591E-01	1.374E-06	330
egfr-bridge-id47	5lvv-assembly1_A	0.260	119	145	720	0.821	0.165	8.395E-01	6.985E-01	1.560E-01	1.075E-06	330
egfr-bridge-id47	6vfk-assembly1_A	0.391	120	145	120	0.828	0.967	8.138E-01	6.623E-01	7.842E-01	4.440E-07	328
egfr-bridge-id47	5vie-assembly1_C	0.271	114	145	667	0.786	0.171	8.936E-01	7.112E-01	1.654E-01	2.036E-06	328
egfr-bridge-id47	8cm9-assembly4_D	0.258	120	145	704	0.828	0.170	8.901E-01	7.406E-01	1.632E-01	2.359E-06	328
egfr-bridge-id47	8dtg-assembly1_A	0.310	116	145	802	0.800	0.145	9.021E-01	7.287E-01	1.408E-01	2.246E-06	328
egfr-bridge-id47	5bnw-assembly1_A	0.267	116	145	694	0.800	0.167	8.735E-01	7.081E-01	1.607E-01	1.938E-06	327
egfr-bridge-id47	3cv0-assembly1_A	0.215	139	145	300	0.959	0.463	8.874E-01	8.478E-01	4.287E-01	2.359E-06	321
egfr-bridge-id47	8fe6-assembly4_G	0.260	119	145	696	0.821	0.171	9.078E-01	7.497E-01	1.653E-01	4.468E-06	321
egfr-bridge-id47	3asf-assembly1_A	0.308	120	145	174	0.828	0.690	8.645E-01	7.222E-01	6.105E-01	1.516E-06	320
egfr-bridge-id47	6tka-assembly1_AAA	0.258	120	145	694	0.828	0.173	8.226E-01	6.905E-01	1.609E-01	1.593E-06	320
egfr-bridge-id47	5lwv-assembly1_A	0.264	117	145	711	0.807	0.165	8.532E-01	6.992E-01	1.569E-01	2.478E-06	319
egfr-bridge-id47	3cvl-assembly1_A	0.219	141	145	294	0.959	0.480	9.063E-01	8.654E-01	4.434E-01	4.050E-06	317
egfr-bridge-id47	2j9q-assembly1_B	0.255	141	145	269	0.910	0.524	8.579E-01	7.819E-01	4.406E-01	1.308E-06	315
egfr-bridge-id47	5nps-assembly1_A	0.264	117	145	693	0.807	0.169	8.683E-01	7.102E-01	1.620E-01	3.671E-06	315
egfr-bridge-id47	5hrz-assembly1_A	0.391	120	145	122	0.828	0.951	8.329E-01	6.761E-01	7.901E-01	1.444E-06	314
egfr-bridge-id47	3vty-assembly4_D	0.287	146	145	171	0.910	0.848	7.545E-01	6.865E-01	5.883E-01	3.307E-07	314
egfr-bridge-id47	8os1-assembly1_B	0.216	143	145	306	0.931	0.467	8.696E-01	8.090E-01	4.030E-01	2.138E-06	314
egfr-bridge-id47	1na3-assembly1_A	0.590	83	145	86	0.572	0.965	9.374E-01	5.448E-01	8.963E-01	4.050E-06	312
egfr-bridge-id47	3cvn-assembly1_A	0.236	144	145	300	0.959	0.473	8.775E-01	8.378E-01	4.227E-01	2.359E-06	312
egfr-bridge-id47	8dti-assembly1_B	0.310	116	145	629	0.800	0.184	8.987E-01	7.262E-01	1.784E-01	4.929E-06	310
egfr-bridge-id47	9f8w-assembly2_B	0.217	152	145	319	0.979	0.470	8.294E-01	8.087E-01	3.919E-01	2.359E-06	307
egfr-bridge-id47	6vl6-assembly1_A	0.396	121	145	122	0.834	0.959	8.361E-01	6.839E-01	7.992E-01	1.938E-06	306
egfr-bridge-id47	8os1-assembly2_A	0.221	149	145	299	0.972	0.498	8.619E-01	8.345E-01	4.255E-01	3.168E-06	305
egfr-bridge-id47	5fzr-assembly1_B	0.411	102	145	105	0.703	0.971	9.126E-01	6.516E-01	8.805E-01	2.603E-06	304
egfr-bridge-id47	8fuf-assembly1_A	0.258	120	145	695	0.828	0.173	8.678E-01	7.249E-01	1.642E-01	4.929E-06	304
egfr-bridge-id47	7yeh-assembly1_A	0.348	112	145	1020	0.772	0.110	9.324E-01	7.252E-01	1.082E-01	5.438E-06	304
egfr-bridge-id47	1w3b-assembly1_A	0.280	146	145	388	0.910	0.374	7.921E-01	7.187E-01	2.791E-01	1.308E-06	303
egfr-bridge-id47	2c0l-assembly1_A	0.275	120	145	292	0.814	0.404	9.028E-01	7.366E-01	3.761E-01	4.693E-06	302
egfr-bridge-id47	6eou-assembly1_A	0.279	154	145	343	0.952	0.437	7.437E-01	7.057E-01	3.167E-01	4.664E-07	302
egfr-bridge-id47	8dth-assembly1_A	0.310	116	145	736	0.800	0.158	9.120E-01	7.353E-01	1.536E-01	1.193E-05	301
egfr-bridge-id47	1na3-assembly2_B	0.583	84	145	86	0.579	0.977	9.325E-01	5.489E-01	9.020E-01	7.669E-06	300
egfr-bridge-id47	4xif-assembly1_A	0.277	119	145	702	0.821	0.164	9.103E-01	7.273E-01	1.591E-01	8.461E-06	300
egfr-bridge-id47	2vyi-assembly2_B	0.295	122	145	123	0.841	0.959	8.387E-01	6.890E-01	8.013E-01	3.495E-06	298
egfr-bridge-id47	2c0m-assembly4_F	0.255	141	145	302	0.910	0.467	8.376E-01	7.635E-01	3.868E-01	2.871E-06	298
egfr-bridge-id47	3vtx-assembly2_B	0.309	139	145	183	0.910	0.754	7.421E-01	6.764E-01	5.458E-01	6.263E-07	297
egfr-bridge-id47	3r9a-assembly1_D	0.276	134	145	292	0.910	0.459	8.626E-01	7.866E-01	4.112E-01	3.495E-06	297
egfr-bridge-id47	4kxk-assembly1_D	0.260	138	145	288	0.910	0.479	8.575E-01	7.811E-01	4.126E-01	3.495E-06	296
egfr-bridge-id47	1fch-assembly2_B	0.276	134	145	297	0.910	0.451	8.616E-01	7.849E-01	4.027E-01	4.693E-06	295
egfr-bridge-id47	4kyo-assembly1_D	0.266	135	145	285	0.910	0.474	8.617E-01	7.849E-01	4.184E-01	4.050E-06	294
egfr-bridge-id47	9gag-assembly1_A	0.250	148	145	297	0.959	0.498	8.380E-01	8.009E-01	4.113E-01	3.856E-06	293
egfr-bridge-id47	9f8w-assembly1_A	0.220	145	145	313	0.924	0.454	8.182E-01	7.571E-01	3.713E-01	3.495E-06	293
egfr-bridge-id47	6q6h-assembly1_J	0.268	119	145	496	0.821	0.240	9.148E-01	7.545E-01	2.313E-01	1.383E-05	293
egfr-bridge-id47	5fzq-assembly1_B	0.411	102	145	105	0.703	0.971	9.145E-01	6.523E-01	8.823E-01	5.999E-06	291
egfr-bridge-id47	6vfi-assembly1_B	0.403	119	145	118	0.821	0.975	8.353E-01	6.712E-01	8.096E-01	4.050E-06	291
egfr-bridge-id47	8ye5-assembly1_A	0.278	122	145	125	0.841	0.936	8.632E-01	7.045E-01	8.067E-01	8.887E-06	291
egfr-bridge-id47	6vl6-assembly1_B	0.395	96	145	98	0.662	0.980	9.185E-01	6.186E-01	8.926E-01	1.452E-05	290
egfr-bridge-id47	8fwd-assembly1_P	0.410	95	145	100	0.655	0.950	9.264E-01	6.165E-01	8.747E-01	1.602E-05	289
egfr-bridge-id47	5fzr-assembly2_D	0.411	102	145	105	0.703	0.971	8.867E-01	6.373E-01	8.562E-01	4.468E-06	288
egfr-bridge-id47	8gck-assembly1_B	0.260	119	145	128	0.814	0.930	8.482E-01	6.979E-01	7.819E-01	8.461E-06	288
egfr-bridge-id47	8ehz-assembly1_A	0.260	119	145	129	0.814	0.922	8.822E-01	7.231E-01	8.061E-01	1.383E-05	287
egfr-bridge-id47	2j9q-assembly1_A	0.277	144	145	300	0.945	0.480	8.237E-01	7.772E-01	4.015E-01	4.050E-06	285
egfr-bridge-id47	5vie-assembly1_A	0.257	128	145	666	0.883	0.186	8.565E-01	7.377E-01	1.756E-01	9.334E-06	285
egfr-bridge-id47	8fwd-assembly1_L	0.410	95	145	100	0.655	0.950	9.215E-01	6.140E-01	8.703E-01	1.857E-05	284
egfr-bridge-id47	8gck-assembly2_A	0.260	119	145	126	0.814	0.944	8.532E-01	7.019E-01	7.977E-01	1.136E-05	284
egfr-bridge-id47	5lfm-assembly6_F	0.241	124	145	178	0.855	0.697	8.714E-01	7.510E-01	6.222E-01	1.082E-05	284
egfr-bridge-id47	7tb1-assembly2_B	0.254	122	145	126	0.834	0.968	8.061E-01	6.829E-01	7.726E-01	6.952E-06	283
egfr-bridge-id47	3as5-assembly2_B	0.309	113	145	169	0.779	0.669	8.795E-01	6.945E-01	6.028E-01	1.253E-05	283
egfr-bridge-id47	9gaw-assembly1_P	0.246	142	145	491	0.979	0.281	8.534E-01	8.117E-01	2.605E-01	1.253E-05	283
egfr-bridge-id47	8cus-assembly1_A	0.356	132	145	135	0.828	0.978	8.567E-01	7.122E-01	7.620E-01	1.452E-05	282
egfr-bridge-id47	5g05-assembly1_H	0.251	143	145	488	0.986	0.285	8.508E-01	8.149E-01	2.635E-01	1.253E-05	281
egfr-bridge-id47	8fwd-assembly1_0	0.410	95	145	100	0.655	0.950	9.239E-01	6.151E-01	8.724E-01	2.260E-05	280
egfr-bridge-id47	3as5-assembly1_A	0.309	113	145	183	0.779	0.617	8.448E-01	6.716E-01	5.438E-01	9.804E-06	280
egfr-bridge-id47	3r9a-assembly1_B	0.266	139	145	289	0.910	0.481	8.537E-01	7.772E-01	4.098E-01	1.030E-05	278
egfr-bridge-id47	3q4a-assembly1_B	0.258	120	145	132	0.821	0.909	8.394E-01	6.970E-01	7.589E-01	1.452E-05	277
egfr-bridge-id47	6gxz-assembly1_A	0.326	95	145	149	0.655	0.638	9.352E-01	6.200E-01	6.040E-01	2.750E-05	277
egfr-bridge-id47	8umr-assembly1_A	0.426	122	145	120	0.841	0.983	8.223E-01	6.791E-01	8.040E-01	6.301E-06	276
egfr-bridge-id47	3as4-assembly1_A	0.306	111	145	170	0.766	0.653	8.469E-01	6.607E-01	5.714E-01	1.253E-05	276
egfr-bridge-id47	6nsv-assembly1_A	0.260	119	145	128	0.814	0.930	8.391E-01	6.905E-01	7.736E-01	1.602E-05	275
egfr-bridge-id47	3ash-assembly2_B	0.306	111	145	172	0.766	0.645	8.217E-01	6.443E-01	5.528E-01	1.030E-05	275
egfr-bridge-id47	3cvp-assembly1_A	0.227	154	145	279	0.972	0.541	7.890E-01	7.629E-01	4.070E-01	6.952E-06	275
egfr-bridge-id47	7yea-assembly1_B	0.278	151	145	1017	0.945	0.147	7.760E-01	7.307E-01	1.141E-01	4.929E-06	275
egfr-bridge-id47	8ye5-assembly1_B	0.288	118	145	119	0.814	0.950	8.445E-01	6.695E-01	8.000E-01	1.683E-05	274
egfr-bridge-id47	8ei0-assembly1_A	0.260	119	145	132	0.814	0.902	8.477E-01	6.982E-01	7.604E-01	1.950E-05	274
egfr-bridge-id47	1fch-assembly1_A	0.274	135	145	302	0.910	0.447	8.548E-01	7.791E-01	3.948E-01	1.383E-05	274
egfr-bridge-id47	4ui9-assembly1_P	0.275	109	145	491	0.752	0.222	9.263E-01	7.029E-01	2.163E-01	3.693E-05	274
egfr-bridge-id47	4kyo-assembly1_B	0.257	136	145	286	0.910	0.476	8.550E-01	7.785E-01	4.134E-01	1.383E-05	273
egfr-bridge-id47	5g04-assembly1_F	0.256	144	145	498	0.986	0.279	8.582E-01	8.207E-01	2.587E-01	1.768E-05	273
egfr-bridge-id47	7ntf-assembly1_B	0.279	143	145	822	0.897	0.174	7.688E-01	6.904E-01	1.331E-01	2.359E-06	273
egfr-bridge-id47	3upv-assembly1_A	0.283	120	145	125	0.814	0.960	8.556E-01	7.020E-01	8.052E-01	1.768E-05	271
egfr-bridge-id47	5lyp-assembly1_A	0.261	130	145	137	0.897	0.934	8.406E-01	7.441E-01	7.842E-01	1.602E-05	271
egfr-bridge-id47	8fwd-assembly1_2	0.410	95	145	100	0.655	0.950	9.301E-01	6.183E-01	8.780E-01	4.721E-05	270
egfr-bridge-id47	8fyu-assembly2_A	0.260	119	145	126	0.814	0.944	8.509E-01	7.001E-01	7.956E-01	2.619E-05	270
egfr-bridge-id47	4eqf-assembly1_A	0.252	123	145	281	0.848	0.423	8.745E-01	7.214E-01	3.860E-01	2.152E-05	269
egfr-bridge-id47	6tlj-assembly1_P	0.218	151	145	491	0.945	0.305	7.831E-01	7.378E-01	2.338E-01	9.804E-06	269
egfr-bridge-id47	3sz7-assembly1_A	0.264	121	145	151	0.834	0.788	8.538E-01	7.067E-01	6.807E-01	2.152E-05	268
egfr-bridge-id47	3cvq-assembly1_A	0.214	140	145	289	0.931	0.453	8.486E-01	7.668E-01	4.003E-01	2.374E-05	267
egfr-bridge-id47	1elw-assembly1_A	0.262	122	145	117	0.841	0.983	9.008E-01	7.189E-01	8.792E-01	3.693E-05	265
egfr-bridge-id47	5lyn-assembly1_B	0.280	121	145	133	0.834	0.895	8.595E-01	7.127E-01	7.709E-01	3.187E-05	265
egfr-bridge-id47	8a61-assembly1_F	0.275	149	145	502	0.931	0.295	7.519E-01	6.990E-01	2.180E-01	8.461E-06	263
egfr-bridge-id47	6gxz-assembly2_C	0.305	118	145	156	0.814	0.737	8.147E-01	6.551E-01	6.126E-01	1.950E-05	260
egfr-bridge-id47	4rg6-assembly1_A	0.275	116	145	474	0.800	0.245	8.730E-01	7.070E-01	2.315E-01	5.209E-05	260
egfr-bridge-id47	6q6h-assembly1_P	0.251	143	145	484	0.986	0.287	8.469E-01	8.104E-01	2.649E-01	4.280E-05	260
egfr-bridge-id47	9gaw-assembly1_J	0.232	155	145	499	0.966	0.307	7.777E-01	7.473E-01	2.314E-01	1.452E-05	260
egfr-bridge-id47	7ntf-assembly1_A	0.282	145	145	918	0.897	0.156	7.808E-01	6.989E-01	1.198E-01	8.461E-06	259
egfr-bridge-id47	6hpg-assembly1_A	0.245	118	145	121	0.814	0.942	8.611E-01	6.835E-01	8.085E-01	5.209E-05	256
egfr-bridge-id47	4cgv-assembly3_C	0.246	126	145	126	0.869	0.968	8.343E-01	7.076E-01	8.042E-01	4.280E-05	255
egfr-bridge-id47	6zbk-assembly1_A	0.260	115	145	117	0.793	0.949	8.700E-01	6.736E-01	8.219E-01	6.036E-05	253
egfr-bridge-id47	4cgv-assembly4_D	0.245	122	145	123	0.841	0.959	8.557E-01	7.043E-01	8.179E-01	5.471E-05	253
egfr-bridge-id47	3asd-assembly1_A	0.306	111	145	137	0.766	0.810	8.199E-01	6.363E-01	6.706E-01	3.034E-05	253
egfr-bridge-id47	5lfl-assembly6_F	0.197	152	145	178	0.959	0.854	7.687E-01	7.348E-01	6.100E-01	1.857E-05	252
egfr-bridge-id47	8pkp-assembly1_J	0.300	113	145	476	0.772	0.237	8.948E-01	6.979E-01	2.242E-01	8.513E-05	252
egfr-bridge-id47	4cgw-assembly2_B	0.313	102	145	108	0.697	0.944	8.884E-01	6.269E-01	8.271E-01	7.716E-05	251
egfr-bridge-id47	6q3q-assembly1_B	0.245	118	145	121	0.814	0.942	8.237E-01	6.574E-01	7.747E-01	3.879E-05	251
egfr-bridge-id47	3asg-assembly1_A	0.296	118	145	182	0.814	0.637	8.111E-01	6.615E-01	5.395E-01	3.516E-05	251
egfr-bridge-id47	5a31-assembly1_F	0.207	154	145	498	0.966	0.307	7.592E-01	7.296E-01	2.282E-01	2.260E-05	251
egfr-bridge-id47	8qca-assembly1_B	0.241	124	145	756	0.841	0.164	8.170E-01	6.956E-01	1.499E-01	3.879E-05	250
egfr-bridge-id47	4rg9-assembly1_A	0.275	116	145	471	0.800	0.246	8.690E-01	7.042E-01	2.324E-01	1.036E-04	248
egfr-bridge-id47	2c2l-assembly4_D	0.256	121	145	281	0.828	0.431	8.339E-01	6.993E-01	3.816E-01	6.659E-05	247
egfr-bridge-id47	3esk-assembly1_A	0.276	130	145	128	0.841	0.977	8.328E-01	7.046E-01	7.909E-01	6.036E-05	246
egfr-bridge-id47	4rg7-assembly1_B	0.273	117	145	467	0.807	0.251	8.551E-01	6.974E-01	2.334E-01	1.143E-04	246
egfr-bridge-id47	4ui9-assembly1_K	0.198	111	145	493	0.766	0.225	8.792E-01	6.853E-01	2.154E-01	1.088E-04	246
egfr-bridge-id47	2avp-assembly1_A	0.615	65	145	68	0.448	0.956	9.838E-01	4.414E-01	9.276E-01	2.061E-04	245
egfr-bridge-id47	3fp4-assembly1_A	0.288	118	145	483	0.814	0.236	8.041E-01	6.331E-01	1.953E-01	3.516E-05	243
egfr-bridge-id47	1elw-assembly2_B	0.274	113	145	115	0.779	0.948	9.069E-01	6.870E-01	8.550E-01	1.535E-04	241
egfr-bridge-id47	8gi0-assembly1_E	0.225	142	145	303	0.910	0.462	8.298E-01	7.567E-01	3.825E-01	4.721E-05	241
egfr-bridge-id47	5jjt-assembly2_B	0.260	119	145	479	0.821	0.240	9.054E-01	7.226E-01	2.297E-01	1.779E-04	241
egfr-bridge-id47	8a61-assembly1_D	0.197	147	145	560	0.952	0.262	7.907E-01	7.501E-01	2.147E-01	2.889E-05	241
egfr-bridge-id47	1a17-assembly1_A	0.256	121	145	159	0.834	0.736	8.768E-01	7.152E-01	6.570E-01	1.391E-04	240
egfr-bridge-id47	8tau-assembly1_V	0.232	116	145	534	0.800	0.217	9.193E-01	7.397E-01	2.103E-01	1.962E-04	240
egfr-bridge-id47	8pkp-assembly1_V	0.215	153	145	534	0.959	0.285	7.922E-01	7.559E-01	2.181E-01	6.659E-05	239
egfr-bridge-id47	6i57-assembly1_A	0.170	123	145	125	0.848	0.952	8.402E-01	6.973E-01	7.977E-01	9.392E-05	237
egfr-bridge-id47	2c2l-assembly3_C	0.262	118	145	281	0.807	0.420	8.270E-01	6.775E-01	3.696E-01	1.325E-04	236
egfr-bridge-id47	7kw7-assembly1_E	0.238	134	145	327	0.910	0.398	7.894E-01	7.082E-01	3.309E-01	5.747E-05	236
egfr-bridge-id47	7kdt-assembly1_A	0.297	121	145	467	0.800	0.253	8.281E-01	6.705E-01	2.244E-01	8.941E-05	236
egfr-bridge-id47	5l9t-assembly1_C	0.215	153	145	475	0.959	0.320	7.776E-01	7.425E-01	2.435E-01	5.747E-05	236
egfr-bridge-id47	6af0-assembly1_A	0.223	170	145	905	0.972	0.187	7.358E-01	7.134E-01	1.399E-01	3.034E-05	235
egfr-bridge-id47	4xi0-assembly1_E	0.196	153	145	177	0.959	0.859	7.494E-01	7.159E-01	5.950E-01	4.959E-05	234
egfr-bridge-id47	3lca-assembly1_A	0.291	120	145	482	0.828	0.228	8.390E-01	6.499E-01	2.117E-01	8.513E-05	234
egfr-bridge-id47	6fdt-assembly1_A	0.289	114	145	120	0.786	0.917	8.380E-01	6.458E-01	7.677E-01	8.941E-05	233
egfr-bridge-id47	2nc9-assembly1_A	0.265	128	145	131	0.834	0.939	8.270E-01	6.946E-01	7.628E-01	8.941E-05	233
egfr-bridge-id47	6fdp-assembly1_A	0.282	117	145	120	0.807	0.942	8.459E-01	6.674E-01	7.942E-01	1.391E-04	232
egfr-bridge-id47	8pkp-assembly1_U	0.238	151	145	503	0.945	0.298	6.755E-01	6.371E-01	2.062E-01	2.493E-05	232
egfr-bridge-id47	9gaw-assembly1_K	0.181	138	145	518	0.890	0.259	8.146E-01	7.281E-01	2.230E-01	1.391E-04	232
egfr-bridge-id47	4buj-assembly2_F	0.233	124	145	1351	0.841	0.092	8.135E-01	6.917E-01	8.553E-02	1.325E-04	232
egfr-bridge-id47	8gh3-assembly1_F	0.205	146	145	254	0.972	0.575	8.415E-01	8.155E-01	4.892E-01	1.535E-04	231
egfr-bridge-id47	7dhg-assembly1_C	0.250	144	145	470	0.917	0.289	8.025E-01	7.370E-01	2.458E-01	8.941E-05	231
egfr-bridge-id47	8tau-assembly1_P	0.272	121	145	496	0.828	0.244	8.503E-01	7.093E-01	2.237E-01	2.508E-04	230
egfr-bridge-id47	7qdy-assembly1_B	0.258	124	145	1212	0.772	0.102	8.616E-01	6.730E-01	8.832E-02	1.779E-04	230
egfr-bridge-id47	5g05-assembly1_F	0.283	113	145	460	0.779	0.246	8.901E-01	7.012E-01	2.341E-01	3.538E-04	229
egfr-bridge-id47	2vgx-assembly1_B	0.213	131	145	145	0.869	0.890	8.109E-01	7.093E-01	7.093E-01	1.201E-04	228
egfr-bridge-id47	5jjt-assembly1_A	0.264	125	145	471	0.848	0.259	8.051E-01	6.759E-01	2.255E-01	9.864E-05	228
egfr-bridge-id47	9g8o-assembly1_B	0.262	118	145	934	0.800	0.125	8.659E-01	7.015E-01	1.190E-01	1.868E-04	228
egfr-bridge-id47	5l9u-assembly1_P	0.233	150	145	425	0.938	0.351	6.822E-01	6.387E-01	2.414E-01	3.516E-05	227
egfr-bridge-id47	4am9-assembly1_A	0.208	125	145	131	0.821	0.931	8.255E-01	6.815E-01	7.492E-01	1.693E-04	226
egfr-bridge-id47	2vgx-assembly1_A	0.208	125	145	134	0.862	0.903	8.561E-01	7.182E-01	7.722E-01	2.508E-04	226
egfr-bridge-id47	8gh2-assembly1_F	0.252	123	145	296	0.841	0.416	8.655E-01	7.337E-01	3.748E-01	1.261E-04	226
egfr-bridge-id47	8gft-assembly1_E	0.256	121	145	459	0.834	0.255	8.246E-01	6.750E-01	2.323E-01	1.461E-04	226
egfr-bridge-id47	5djs-assembly1_A	0.230	117	145	520	0.772	0.213	8.493E-01	6.577E-01	1.947E-01	2.165E-04	226
egfr-bridge-id47	2xcb-assembly1_A	0.241	120	145	133	0.828	0.872	8.537E-01	6.913E-01	7.481E-01	2.508E-04	225
egfr-bridge-id47	3u4t-assembly2_B	0.219	123	145	258	0.828	0.477	8.621E-01	7.198E-01	4.209E-01	2.165E-04	225
egfr-bridge-id47	4rg9-assembly1_B	0.230	143	145	472	0.952	0.292	7.570E-01	7.191E-01	2.415E-01	1.036E-04	225
egfr-bridge-id47	6q6g-assembly1_K	0.183	142	145	518	0.917	0.266	8.021E-01	7.372E-01	2.282E-01	1.868E-04	225
egfr-bridge-id47	2xpi-assembly1_A	0.213	117	145	520	0.807	0.225	9.035E-01	7.339E-01	2.160E-01	5.505E-04	225
egfr-bridge-id47	4jl0-assembly2_B	0.235	119	145	124	0.821	0.927	8.678E-01	6.955E-01	8.034E-01	2.635E-04	224
egfr-bridge-id47	3fwv-assembly2_B	0.276	130	145	128	0.841	0.977	7.832E-01	6.673E-01	7.457E-01	9.392E-05	224
egfr-bridge-id47	3uq3-assembly1_A	0.285	140	145	258	0.952	0.527	7.677E-01	7.185E-01	4.192E-01	8.513E-05	224
egfr-bridge-id47	4j8e-assembly1_A	0.234	98	145	119	0.676	0.824	9.307E-01	6.359E-01	7.675E-01	6.379E-04	223
egfr-bridge-id47	9gaw-assembly1_U	0.233	154	145	488	0.966	0.314	6.680E-01	6.425E-01	2.147E-01	4.721E-05	223
egfr-bridge-id47	6q6h-assembly1_U	0.248	149	145	515	0.924	0.287	7.731E-01	7.133E-01	2.162E-01	1.325E-04	223
egfr-bridge-id47	8tar-assembly1_U	0.215	153	145	540	0.959	0.281	7.416E-01	7.094E-01	2.090E-01	1.036E-04	223
egfr-bridge-id47	5khr-assembly1_C	0.218	151	145	468	0.945	0.321	7.578E-01	7.142E-01	2.406E-01	1.088E-04	222
egfr-bridge-id47	2e2e-assembly1_B	0.231	138	145	171	0.910	0.784	7.673E-01	7.038E-01	6.106E-01	8.941E-05	221
egfr-bridge-id47	2pl2-assembly1_B	0.203	152	145	194	0.924	0.742	7.839E-01	7.247E-01	5.541E-01	1.461E-04	221
egfr-bridge-id47	4r7s-assembly1_A	0.246	138	145	256	0.848	0.539	8.126E-01	6.944E-01	4.099E-01	1.612E-04	221
egfr-bridge-id47	8q9t-assembly1_E	0.198	141	145	1060	0.959	0.129	7.516E-01	7.114E-01	1.167E-01	1.143E-04	221
egfr-bridge-id47	2xcc-assembly1_B	0.239	121	145	132	0.834	0.886	8.548E-01	6.965E-01	7.594E-01	3.053E-04	219
egfr-bridge-id47	4nrh-assembly2_B	0.164	128	145	170	0.883	0.729	8.312E-01	7.146E-01	6.168E-01	2.508E-04	219
egfr-bridge-id47	4gco-assembly1_A	0.200	120	145	120	0.828	0.967	8.792E-01	7.086E-01	8.453E-01	4.750E-04	218
egfr-bridge-id47	5a31-assembly1_C	0.248	149	145	524	0.924	0.282	7.658E-01	7.075E-01	2.122E-01	1.391E-04	218
egfr-bridge-id47	5nnp-assembly1_A	0.194	139	145	665	0.959	0.203	7.232E-01	6.797E-01	1.788E-01	1.201E-04	218
egfr-bridge-id47	3zfw-assembly2_B	0.251	139	145	225	0.793	0.618	8.875E-01	7.087E-01	4.679E-01	4.306E-04	217
egfr-bridge-id47	2vgy-assembly1_A-2	0.228	127	145	132	0.841	0.947	8.572E-01	7.246E-01	7.908E-01	4.523E-04	215
egfr-bridge-id47	5khu-assembly1_P	0.275	109	145	442	0.752	0.247	9.252E-01	7.023E-01	2.396E-01	7.392E-04	215
egfr-bridge-id47	3fp2-assembly1_A	0.279	118	145	483	0.814	0.234	7.981E-01	6.237E-01	1.929E-01	1.868E-04	215
egfr-bridge-id47	5g05-assembly1_K	0.194	139	145	493	0.897	0.274	7.872E-01	7.088E-01	2.305E-01	2.165E-04	214
egfr-bridge-id47	6fd7-assembly1_A	0.253	126	145	127	0.834	0.976	7.888E-01	6.595E-01	7.476E-01	1.962E-04	213
egfr-bridge-id47	4gcn-assembly2_B	0.244	127	145	127	0.828	0.937	8.253E-01	6.829E-01	7.710E-01	2.767E-04	213
egfr-bridge-id47	6xt9-assembly1_H	0.226	119	145	398	0.814	0.286	8.010E-01	6.460E-01	2.581E-01	1.779E-04	213
egfr-bridge-id47	5a31-assembly1_J	0.212	132	145	504	0.848	0.256	8.231E-01	7.023E-01	2.188E-01	4.100E-04	213
egfr-bridge-id47	5g04-assembly1_J	0.188	138	145	504	0.890	0.266	8.067E-01	7.203E-01	2.268E-01	3.538E-04	213
egfr-bridge-id47	3wxx-assembly2_C	0.227	136	145	150	0.910	0.880	8.085E-01	7.360E-01	7.132E-01	3.716E-04	212
egfr-bridge-id47	1e96-assembly1_B	0.240	100	145	185	0.690	0.524	9.441E-01	6.370E-01	5.034E-01	9.925E-04	212
egfr-bridge-id47	3edt-assembly3_H	0.214	140	145	254	0.828	0.551	7.906E-01	6.664E-01	4.045E-01	2.165E-04	211
egfr-bridge-id47	3edt-assembly2_D	0.214	140	145	255	0.828	0.549	7.901E-01	6.661E-01	4.030E-01	2.274E-04	211
egfr-bridge-id47	3ieg-assembly2_B	0.245	122	145	359	0.821	0.329	7.999E-01	6.596E-01	2.868E-01	3.716E-04	211
egfr-bridge-id47	4ui9-assembly1_J	0.188	138	145	504	0.890	0.266	8.069E-01	7.206E-01	2.270E-01	3.903E-04	211
egfr-bridge-id47	5dse-assembly1_A	0.180	155	145	537	0.917	0.287	7.371E-01	6.773E-01	1.968E-01	1.868E-04	211
egfr-bridge-id47	3zfw-assembly1_A	0.251	139	145	226	0.793	0.615	8.874E-01	7.089E-01	4.659E-01	6.700E-04	210
egfr-bridge-id47	8a61-assembly1_J	0.215	116	145	509	0.800	0.228	8.976E-01	7.256E-01	2.193E-01	7.392E-04	210
egfr-bridge-id47	5g05-assembly1_C	0.236	152	145	524	0.945	0.286	6.887E-01	6.518E-01	2.001E-01	1.088E-04	210
egfr-bridge-id47	2vq2-assembly1_A-2	0.206	160	145	220	0.979	0.718	7.226E-01	7.041E-01	4.775E-01	1.693E-04	209
egfr-bridge-id47	6vbv-assembly1_4	0.216	143	145	391	0.876	0.366	7.101E-01	6.273E-01	2.529E-01	9.392E-05	209
egfr-bridge-id47	7qdz-assembly1_B	0.262	118	145	1145	0.800	0.102	8.708E-01	7.046E-01	9.761E-02	7.037E-04	209
egfr-bridge-id47	2q7f-assembly2_B	0.238	172	145	194	0.952	0.845	5.584E-01	5.289E-01	4.017E-01	2.374E-05	208
egfr-bridge-id47	1wm5-assembly1_A	0.183	136	145	205	0.821	0.649	8.462E-01	7.022E-01	5.102E-01	4.990E-04	208
egfr-bridge-id47	6tm5-assembly1_P	0.234	149	145	492	0.931	0.301	6.668E-01	6.203E-01	2.035E-01	8.513E-05	208
egfr-bridge-id47	8a61-assembly1_H	0.264	159	145	505	0.993	0.313	7.146E-01	7.055E-01	2.217E-01	1.779E-04	208
egfr-bridge-id47	3edt-assembly1_B	0.221	140	145	258	0.828	0.543	7.860E-01	6.617E-01	3.960E-01	2.508E-04	207
egfr-bridge-id47	6f9i-assembly1_A	0.243	148	145	261	0.855	0.567	8.413E-01	7.236E-01	4.208E-01	4.990E-04	207
egfr-bridge-id47	4wnd-assembly1_A	0.244	135	145	329	0.834	0.410	8.562E-01	7.213E-01	3.367E-01	8.996E-04	207
egfr-bridge-id47	8tau-assembly1_S	0.194	139	145	506	0.890	0.265	7.823E-01	7.005E-01	2.216E-01	2.767E-04	207
egfr-bridge-id47	8a61-assembly1_P	0.234	141	145	556	0.931	0.248	8.099E-01	7.565E-01	2.192E-01	2.907E-04	207
egfr-bridge-id47	7x9r-assembly1_A	0.234	111	145	448	0.731	0.248	9.094E-01	6.737E-01	2.281E-01	9.925E-04	206
egfr-bridge-id47	6voa-assembly1_F	0.222	135	145	475	0.910	0.276	7.617E-01	6.935E-01	2.399E-01	3.368E-04	206
egfr-bridge-id47	2dba-assembly1_A	0.211	123	145	148	0.828	0.784	8.163E-01	6.640E-01	6.520E-01	4.750E-04	205
egfr-bridge-id47	9fef-assembly1_E	0.215	144	145	247	0.938	0.583	8.380E-01	7.860E-01	4.838E-01	6.073E-04	205
egfr-bridge-id47	8xup-assembly1_B	0.196	158	145	260	0.966	0.588	7.100E-01	6.832E-01	4.000E-01	1.535E-04	205
egfr-bridge-id47	8re8-assembly1_A	0.216	120	145	429	0.807	0.277	7.839E-01	6.464E-01	2.421E-01	3.716E-04	205
egfr-bridge-id47	4ja7-assembly1_A	0.256	121	145	466	0.834	0.251	8.555E-01	6.999E-01	2.351E-01	9.925E-04	205
egfr-bridge-id47	1wao-assembly4_4	0.256	121	145	466	0.834	0.251	8.669E-01	7.075E-01	2.359E-01	1.042E-03	205
egfr-bridge-id47	4cgw-assembly1_A	0.327	107	145	115	0.724	0.930	8.456E-01	6.202E-01	7.707E-01	7.764E-04	204
egfr-bridge-id47	5o09-assembly1_1C	0.190	147	145	238	0.855	0.618	8.071E-01	6.993E-01	4.477E-01	3.538E-04	204
egfr-bridge-id47	3ceq-assembly1_A	0.241	141	145	250	0.834	0.564	7.872E-01	6.685E-01	4.122E-01	3.053E-04	204
egfr-bridge-id47	3ceq-assembly1_B	0.241	141	145	269	0.834	0.524	7.905E-01	6.715E-01	3.873E-01	2.907E-04	204
egfr-bridge-id47	8a5y-assembly1_K	0.221	140	145	505	0.917	0.269	7.863E-01	7.241E-01	2.308E-01	4.523E-04	204
egfr-bridge-id47	1hh8-assembly1_A	0.183	153	145	192	0.938	0.781	8.265E-01	7.756E-01	6.019E-01	6.379E-04	203
egfr-bridge-id47	5dse-assembly2_C	0.195	133	145	712	0.821	0.185	6.836E-01	5.710E-01	1.339E-01	1.143E-04	203
egfr-bridge-id47	2ho1-assembly1_A	0.209	143	145	222	0.876	0.622	6.971E-01	6.154E-01	4.165E-01	1.201E-04	202
egfr-bridge-id47	7ai4-assembly1_A	0.208	173	145	243	0.986	0.712	7.431E-01	7.296E-01	4.682E-01	2.061E-04	202
egfr-bridge-id47	2xpi-assembly1_D	0.180	155	145	518	0.972	0.293	7.106E-01	6.876E-01	2.086E-01	3.207E-04	202
egfr-bridge-id47	6f9i-assembly1_B	0.236	148	145	264	0.876	0.561	7.909E-01	6.990E-01	4.091E-01	3.903E-04	201
egfr-bridge-id47	3sf4-assembly3_C	0.245	159	145	346	0.993	0.454	7.937E-01	7.846E-01	3.594E-01	6.700E-04	201
egfr-bridge-id47	5l0y-assembly5_H	0.192	135	145	133	0.848	0.970	8.037E-01	6.872E-01	7.433E-01	5.782E-04	200
egfr-bridge-id47	7o6s-assembly1_A	0.212	132	145	137	0.910	0.905	7.649E-01	6.604E-01	6.948E-01	2.274E-04	200
egfr-bridge-id47	5o01-assembly2_B	0.190	147	145	254	0.855	0.579	7.908E-01	6.857E-01	4.153E-01	3.716E-04	200
egfr-bridge-id47	5khu-assembly1_H	0.283	113	145	479	0.779	0.236	8.766E-01	6.931E-01	2.242E-01	1.042E-03	200
egfr-bridge-id47	3fp3-assembly1_A	0.234	149	145	498	0.924	0.293	6.822E-01	6.307E-01	2.037E-01	1.535E-04	199
egfr-bridge-id47	6q6h-assembly1_V	0.231	151	145	530	0.945	0.270	6.828E-01	6.442E-01	1.975E-01	1.535E-04	199
egfr-bridge-id47	7bev-assembly1_A	0.279	118	145	126	0.814	0.929	7.708E-01	6.261E-01	7.140E-01	4.306E-04	198
egfr-bridge-id47	4j8d-assembly2_B	0.198	126	145	159	0.869	0.761	8.130E-01	6.843E-01	6.289E-01	1.042E-03	198
egfr-bridge-id47	5l0w-assembly1_B	0.172	133	145	209	0.821	0.617	8.391E-01	6.944E-01	4.940E-01	1.042E-03	198
egfr-bridge-id47	9cpc-assembly1_1D	0.135	118	145	211	0.814	0.536	8.660E-01	6.821E-01	4.799E-01	1.400E-03	198
egfr-bridge-id47	4j8f-assembly1_A	0.208	125	145	551	0.834	0.218	7.790E-01	6.481E-01	1.883E-01	5.782E-04	198
egfr-bridge-id47	6c9m-assembly2_C	0.194	134	145	773	0.917	0.173	7.736E-01	7.158E-01	1.587E-01	6.700E-04	198
egfr-bridge-id47	7y4i-assembly1_A	0.235	195	145	822	0.966	0.231	5.266E-01	5.060E-01	1.044E-01	1.136E-05	198
egfr-bridge-id47	7ai4-assembly2_B	0.215	172	145	235	0.966	0.723	7.081E-01	6.823E-01	4.424E-01	2.061E-04	197
egfr-bridge-id47	8ggd-assembly1_E	0.211	151	145	275	0.986	0.549	7.792E-01	7.650E-01	4.306E-01	3.538E-04	197
egfr-bridge-id47	5l0y-assembly7_G	0.172	133	145	144	0.821	0.868	8.240E-01	6.810E-01	6.854E-01	9.925E-04	196
egfr-bridge-id47	3ro2-assembly1_A	0.237	135	145	328	0.834	0.412	8.726E-01	7.332E-01	3.419E-01	1.880E-03	196
egfr-bridge-id47	7b1u-assembly1_A	0.217	129	145	128	0.890	0.945	7.744E-01	6.540E-01	7.308E-01	3.207E-04	195
egfr-bridge-id47	5a6c-assembly2_A	0.237	135	145	363	0.834	0.372	8.619E-01	7.258E-01	3.080E-01	1.544E-03	195
egfr-bridge-id47	7y4i-assembly1_B	0.255	188	145	815	0.917	0.225	5.396E-01	4.931E-01	1.007E-01	1.602E-05	195
egfr-bridge-id47	6y4l-assembly1_A	0.197	162	145	271	0.952	0.598	6.924E-01	6.597E-01	3.800E-01	2.388E-04	194
egfr-bridge-id47	6bq1-assembly1_B	0.195	133	145	728	0.821	0.181	7.115E-01	5.940E-01	1.332E-01	2.907E-04	194
egfr-bridge-id47	6yj6-assembly1_A	0.175	137	145	819	0.924	0.164	5.608E-01	5.235E-01	1.265E-01	4.495E-05	194
egfr-bridge-id47	7ayw-assembly1_A	0.229	131	145	138	0.897	0.891	7.767E-01	6.664E-01	6.954E-01	4.306E-04	193
egfr-bridge-id47	5aio-assembly1_A	0.195	143	145	415	0.890	0.333	5.821E-01	5.256E-01	2.155E-01	5.747E-05	192
egfr-bridge-id47	7owv-assembly1_B	0.221	131	145	140	0.897	0.879	7.818E-01	6.715E-01	6.927E-01	5.241E-04	191
egfr-bridge-id47	3hym-assembly10_L	0.202	153	145	299	0.952	0.508	6.353E-01	6.040E-01	3.152E-01	2.061E-04	191
egfr-bridge-id47	3sf4-assembly1_A	0.251	155	145	355	0.972	0.423	7.724E-01	7.487E-01	3.360E-01	7.392E-04	191
egfr-bridge-id47	7e6j-assembly1_A	0.216	120	145	429	0.807	0.277	7.807E-01	6.440E-01	2.415E-01	8.996E-04	191
egfr-bridge-id47	7v6q-assembly2_H	0.188	191	145	200	0.972	0.955	6.994E-01	6.790E-01	5.092E-01	3.053E-04	190
egfr-bridge-id47	8wej-assembly1_D	0.225	102	145	219	0.703	0.452	9.469E-01	6.509E-01	4.364E-01	3.560E-03	190
egfr-bridge-id47	6swu-assembly1_B	0.200	145	145	288	0.862	0.503	8.164E-01	7.122E-01	3.828E-01	7.037E-04	190
egfr-bridge-id47	3hym-assembly10_H	0.202	153	145	302	0.952	0.503	7.282E-01	6.915E-01	3.510E-01	7.764E-04	190
egfr-bridge-id47	5aem-assembly1_A	0.219	105	145	407	0.724	0.258	6.686E-01	5.104E-01	2.111E-01	2.767E-04	190
egfr-bridge-id47	5l0y-assembly3_C	0.185	140	145	150	0.869	0.887	7.739E-01	6.789E-01	6.582E-01	8.155E-04	189
egfr-bridge-id47	6ejn-assembly1_B	0.200	140	145	267	0.828	0.524	8.047E-01	6.788E-01	3.933E-01	1.095E-03	189
egfr-bridge-id47	3nf1-assembly1_A	0.243	148	145	283	0.855	0.523	8.448E-01	7.266E-01	3.908E-01	1.622E-03	189
egfr-bridge-id47	5l9t-assembly1_Y	0.200	155	145	416	0.966	0.370	7.007E-01	6.743E-01	2.574E-01	5.782E-04	189
egfr-bridge-id47	8re7-assembly1_A	0.240	125	145	429	0.841	0.280	7.590E-01	6.397E-01	2.399E-01	6.700E-04	189
egfr-bridge-id47	6c95-assembly1_A	0.194	134	145	773	0.917	0.173	8.049E-01	7.426E-01	1.604E-01	1.333E-03	189
egfr-bridge-id47	7qds-assembly1_B	0.235	140	145	1006	0.890	0.138	7.449E-01	6.709E-01	1.164E-01	3.716E-04	189
egfr-bridge-id47	8hmd-assembly1_C	0.190	173	145	1334	0.924	0.129	7.246E-01	6.703E-01	8.524E-02	7.392E-04	189
egfr-bridge-id47	5l0y-assembly6_F	0.180	133	145	140	0.821	0.914	8.203E-01	6.817E-01	7.033E-01	1.622E-03	188
egfr-bridge-id47	7aie-assembly1_A	0.188	170	145	207	0.938	0.821	7.203E-01	6.755E-01	4.991E-01	3.538E-04	188
egfr-bridge-id47	6ejn-assembly1_A	0.200	140	145	271	0.828	0.517	8.144E-01	6.852E-01	3.900E-01	1.208E-03	188
egfr-bridge-id47	4g2v-assembly1_A	0.210	152	145	321	0.910	0.474	8.446E-01	7.706E-01	3.700E-01	2.178E-03	188
egfr-bridge-id47	4wng-assembly1_A	0.212	165	145	330	0.959	0.500	7.899E-01	7.557E-01	3.550E-01	1.042E-03	188
egfr-bridge-id47	6hc2-assembly4_S	0.235	157	145	362	0.972	0.414	7.523E-01	7.282E-01	3.097E-01	8.996E-04	188
egfr-bridge-id47	5jqy-assembly1_A	0.240	125	145	429	0.841	0.280	7.542E-01	6.362E-01	2.392E-01	7.037E-04	188
egfr-bridge-id47	5nnp-assembly2_E	0.190	147	145	658	0.917	0.211	6.494E-01	5.990E-01	1.531E-01	1.868E-04	188
egfr-bridge-id47	2bug-assembly1_A	0.256	121	145	131	0.834	0.893	8.253E-01	6.772E-01	7.418E-01	1.544E-03	187
egfr-bridge-id47	7azv-assembly1_B	0.189	137	145	133	0.924	0.970	7.561E-01	6.765E-01	7.308E-01	6.073E-04	187
egfr-bridge-id47	5a7d-assembly4_D	0.207	135	145	345	0.834	0.391	8.393E-01	7.079E-01	3.179E-01	2.288E-03	187
egfr-bridge-id47	6hc2-assembly1_C	0.235	157	145	367	0.972	0.409	7.501E-01	7.263E-01	3.049E-01	8.996E-04	187
egfr-bridge-id47	6c9m-assembly1_A	0.194	134	145	771	0.917	0.174	7.190E-01	6.675E-01	1.548E-01	8.565E-04	187
egfr-bridge-id47	2lni-assembly1_A	0.222	126	145	133	0.869	0.917	7.503E-01	6.451E-01	6.934E-01	6.700E-04	186
egfr-bridge-id47	4i1a-assembly3_A	0.175	148	145	274	0.903	0.540	7.871E-01	7.145E-01	4.044E-01	1.042E-03	186
egfr-bridge-id47	4wne-assembly1_A	0.222	148	145	326	0.924	0.439	8.207E-01	7.578E-01	3.597E-01	1.974E-03	186
egfr-bridge-id47	1ihg-assembly1_A	0.250	140	145	364	0.841	0.385	7.218E-01	6.095E-01	2.704E-01	4.100E-04	186
egfr-bridge-id47	7axy-assembly1_B	0.185	140	145	136	0.924	0.971	7.447E-01	6.804E-01	7.203E-01	6.073E-04	185
egfr-bridge-id47	7aie-assembly4_D	0.190	168	145	205	0.938	0.820	7.113E-01	6.688E-01	5.048E-01	3.716E-04	185
egfr-bridge-id47	5l0y-assembly2_B	0.187	133	145	149	0.821	0.866	8.103E-01	6.743E-01	6.580E-01	1.704E-03	184
egfr-bridge-id47	3ro3-assembly1_A	0.252	115	145	159	0.710	0.723	9.088E-01	6.529E-01	5.983E-01	5.020E-03	184
egfr-bridge-id47	5ojf-assembly3_C	0.250	152	145	262	0.869	0.580	7.812E-01	6.859E-01	4.029E-01	9.925E-04	184
egfr-bridge-id47	6q9i-assembly1_A	0.200	120	145	429	0.807	0.277	7.777E-01	6.413E-01	2.412E-01	1.400E-03	184
egfr-bridge-id47	5a31-assembly1_Y	0.200	155	145	496	0.966	0.310	7.007E-01	6.743E-01	2.183E-01	8.155E-04	184
egfr-bridge-id47	5nnr-assembly1_A	0.188	154	145	666	0.966	0.219	6.203E-01	5.990E-01	1.580E-01	2.061E-04	184
egfr-bridge-id47	3ks2-assembly1_A	0.208	120	145	137	0.814	0.854	8.102E-01	6.632E-01	6.980E-01	1.400E-03	183
egfr-bridge-id47	8re6-assembly1_A	0.240	125	145	428	0.841	0.280	7.540E-01	6.364E-01	2.397E-01	9.449E-04	183
egfr-bridge-id47	4j0u-assembly1_A	0.213	164	145	471	0.952	0.331	7.812E-01	7.431E-01	2.483E-01	1.622E-03	183
egfr-bridge-id47	3zgq-assembly1_A	0.204	166	145	475	0.966	0.333	7.879E-01	7.586E-01	2.529E-01	2.178E-03	183
egfr-bridge-id47	4g1t-assembly1_A	0.204	147	145	426	0.924	0.340	6.783E-01	6.300E-01	2.499E-01	3.716E-04	181
egfr-bridge-id47	5khu-assembly1_J	0.212	132	145	504	0.848	0.256	8.164E-01	6.978E-01	2.182E-01	1.880E-03	181
egfr-bridge-id47	8j07-assembly1_u9	0.134	119	145	204	0.821	0.559	8.545E-01	6.802E-01	4.953E-01	3.927E-03	180
egfr-bridge-id47	6swu-assembly1_A	0.193	145	145	294	0.855	0.490	7.947E-01	6.887E-01	3.654E-01	1.150E-03	180
egfr-bridge-id47	4hoq-assembly1_A	0.204	166	145	477	0.966	0.331	7.607E-01	7.324E-01	2.448E-01	1.622E-03	180
egfr-bridge-id47	8f5o-assembly1_D	0.278	104	145	1180	0.717	0.087	7.994E-01	5.929E-01	8.370E-02	1.400E-03	180
egfr-bridge-id47	5l0y-assembly4_D	0.172	133	145	150	0.821	0.853	8.193E-01	6.798E-01	6.591E-01	2.784E-03	179
egfr-bridge-id47	6swu-assembly2_D	0.195	143	145	287	0.848	0.498	7.912E-01	6.809E-01	3.704E-01	1.208E-03	179
egfr-bridge-id47	9gaw-assembly1_Z	0.202	153	145	455	0.945	0.332	6.909E-01	6.519E-01	2.308E-01	1.095E-03	179
egfr-bridge-id47	5udj-assembly1_A	0.196	127	145	460	0.731	0.276	8.897E-01	6.608E-01	2.201E-01	4.780E-03	179
egfr-bridge-id47	8tau-assembly1_K	0.181	138	145	531	0.890	0.252	8.085E-01	7.231E-01	2.171E-01	2.651E-03	179
egfr-bridge-id47	3gz1-assembly1_A	0.198	116	145	144	0.800	0.799	8.223E-01	6.617E-01	6.658E-01	2.524E-03	178
egfr-bridge-id47	5l0y-assembly1_A	0.179	134	145	155	0.821	0.832	8.142E-01	6.748E-01	6.347E-01	2.403E-03	178
egfr-bridge-id47	6swu-assembly3_F	0.179	162	145	281	0.952	0.577	7.778E-01	7.412E-01	4.162E-01	1.333E-03	178
egfr-bridge-id47	6ww7-assembly1_B	0.219	132	145	281	0.890	0.456	7.009E-01	6.302E-01	3.608E-01	6.073E-04	178
egfr-bridge-id47	5khu-assembly1_K	0.176	153	145	493	0.938	0.302	7.476E-01	7.015E-01	2.320E-01	1.150E-03	177
egfr-bridge-id47	8j8p-assembly1_C	0.159	138	145	906	0.828	0.152	7.749E-01	6.518E-01	1.206E-01	1.269E-03	177
egfr-bridge-id47	5l0y-assembly5_E	0.172	133	145	151	0.821	0.841	8.001E-01	6.637E-01	6.394E-01	2.784E-03	176
egfr-bridge-id47	6swu-assembly3_E	0.192	140	145	281	0.828	0.498	7.967E-01	6.719E-01	3.715E-01	1.470E-03	176
egfr-bridge-id47	8ffv-assembly1_D	0.231	147	145	409	0.890	0.333	7.106E-01	6.351E-01	2.460E-01	9.449E-04	176
egfr-bridge-id47	7zr5-assembly1_P	0.266	120	145	429	0.828	0.270	8.469E-01	6.905E-01	2.527E-01	2.784E-03	176
egfr-bridge-id47	5khu-assembly1_F	0.219	146	145	473	0.910	0.298	6.995E-01	6.347E-01	2.118E-01	7.764E-04	176
egfr-bridge-id47	8pkp-assembly1_Y	0.195	148	145	499	0.924	0.297	7.166E-01	6.648E-01	2.126E-01	1.880E-03	176
egfr-bridge-id47	7dkh-assembly2_E	0.169	136	145	913	0.834	0.149	8.044E-01	6.794E-01	1.224E-01	1.704E-03	176
egfr-bridge-id47	8qoy-assembly1_A	0.218	165	145	1036	0.786	0.159	6.224E-01	4.931E-01	8.021E-02	2.274E-04	176
egfr-bridge-id47	3gz2-assembly1_B	0.197	147	145	143	0.993	0.972	7.053E-01	6.748E-01	6.832E-01	8.996E-04	175
egfr-bridge-id47	4wnf-assembly1_A	0.166	174	145	255	0.959	0.682	7.822E-01	7.492E-01	4.546E-01	2.651E-03	175
egfr-bridge-id47	3sf4-assembly2_B	0.251	155	145	350	0.972	0.429	7.632E-01	7.407E-01	3.380E-01	1.974E-03	175
egfr-bridge-id47	8qcb-assembly1_B	0.211	142	145	644	0.834	0.217	6.972E-01	5.840E-01	1.438E-01	9.925E-04	175
egfr-bridge-id47	4ga1-assembly1_A	0.167	137	145	143	0.903	0.937	6.846E-01	6.228E-01	6.304E-01	8.155E-04	174
egfr-bridge-id47	7v1m-assembly2_G	0.198	186	145	195	0.972	0.954	6.935E-01	6.754E-01	5.188E-01	9.449E-04	174
egfr-bridge-id47	7w5m-assembly1_A	0.150	186	145	227	0.986	0.819	7.387E-01	7.260E-01	4.963E-01	1.333E-03	174
egfr-bridge-id47	5w5i-assembly1_C	0.218	119	145	436	0.731	0.266	8.593E-01	6.382E-01	2.241E-01	4.551E-03	174
egfr-bridge-id47	8ffw-assembly1_D	0.222	157	145	409	0.959	0.340	6.806E-01	6.507E-01	2.510E-01	8.996E-04	173
egfr-bridge-id47	5w5i-assembly1_A	0.238	113	145	430	0.724	0.263	8.327E-01	6.157E-01	2.224E-01	3.560E-03	173
egfr-bridge-id47	7zr6-assembly1_P	0.256	121	145	441	0.834	0.265	7.888E-01	6.492E-01	2.370E-01	1.880E-03	173
egfr-bridge-id47	2kcl-assembly1_A	0.213	89	145	99	0.614	0.889	8.893E-01	5.565E-01	7.913E-01	6.110E-03	172
egfr-bridge-id47	3rkv-assembly1_A	0.239	142	145	147	0.834	0.966	7.147E-01	5.995E-01	5.919E-01	1.333E-03	172
egfr-bridge-id47	4i9e-assembly1_B	0.189	116	145	383	0.710	0.303	8.954E-01	6.468E-01	2.555E-01	7.811E-03	172
egfr-bridge-id47	5udl-assembly1_A	0.196	127	145	460	0.731	0.276	8.887E-01	6.601E-01	2.199E-01	7.437E-03	172
egfr-bridge-id47	4a1s-assembly1_B	0.222	135	145	342	0.834	0.395	8.095E-01	6.840E-01	3.135E-01	3.927E-03	171
egfr-bridge-id47	2vsy-assembly1_A	0.204	132	145	547	0.848	0.241	7.476E-01	6.423E-01	1.903E-01	2.178E-03	171
egfr-bridge-id47	7o04-assembly1_B	0.185	140	145	131	0.959	0.977	7.455E-01	6.623E-01	7.251E-01	1.400E-03	170
egfr-bridge-id47	7v1m-assembly1_H	0.187	192	145	200	0.993	0.960	6.767E-01	6.682E-01	5.017E-01	8.565E-04	170
egfr-bridge-id47	7xn7-assembly1_q	0.238	147	145	930	0.945	0.155	7.225E-01	6.854E-01	1.298E-01	1.622E-03	170
egfr-bridge-id47	7tj4-assembly2_C	0.203	113	145	122	0.779	0.893	8.051E-01	6.243E-01	7.254E-01	3.560E-03	169
egfr-bridge-id47	4y6c-assembly1_A-2	0.153	183	145	212	0.945	0.858	6.752E-01	6.416E-01	4.563E-01	9.449E-04	169
egfr-bridge-id47	8bbe-assembly1_D	0.150	146	145	648	0.952	0.219	7.149E-01	6.793E-01	1.712E-01	1.622E-03	169
egfr-bridge-id47	2y4u-assembly1_A	0.233	120	145	424	0.814	0.276	7.880E-01	6.477E-01	2.443E-01	3.927E-03	168
egfr-bridge-id47	3q15-assembly2_B-3	0.192	114	145	332	0.697	0.343	9.057E-01	6.384E-01	2.883E-01	7.811E-03	167
egfr-bridge-id47	8c6j-assembly1_S	0.166	108	145	635	0.745	0.170	7.343E-01	5.739E-01	1.539E-01	2.925E-03	167
egfr-bridge-id47	1kt1-assembly1_A	0.246	154	145	374	0.959	0.382	6.470E-01	6.172E-01	2.648E-01	9.925E-04	166
egfr-bridge-id47	5khu-assembly1_X	0.208	134	145	396	0.924	0.331	8.066E-01	7.342E-01	2.971E-01	4.780E-03	166
egfr-bridge-id47	6qdl-assembly1_A	0.203	123	145	885	0.841	0.134	7.822E-01	6.555E-01	1.236E-01	5.273E-03	166
egfr-bridge-id47	4y6w-assembly1_A-2	0.152	184	145	211	0.952	0.867	6.669E-01	6.354E-01	4.571E-01	1.095E-03	165
egfr-bridge-id47	8ggh-assembly1_E	0.215	144	145	289	0.938	0.498	7.972E-01	7.483E-01	4.011E-01	2.524E-03	165
egfr-bridge-id47	4jhr-assembly1_A	0.217	147	145	290	0.869	0.507	8.307E-01	7.290E-01	3.886E-01	9.986E-03	165
egfr-bridge-id47	4i1a-assembly3_B	0.180	161	145	359	0.952	0.448	7.618E-01	7.250E-01	3.238E-01	2.403E-03	165
egfr-bridge-id47	7v6q-assembly1_D	0.177	203	145	212	0.972	0.958	6.923E-01	6.702E-01	4.742E-01	1.544E-03	164
egfr-bridge-id47	5mgx-assembly3_G	0.189	153	145	266	0.938	0.519	6.755E-01	6.340E-01	3.665E-01	1.974E-03	164
egfr-bridge-id47	5fjy-assembly2_C-2	0.244	147	145	267	0.848	0.551	7.967E-01	6.843E-01	3.949E-01	5.020E-03	164
egfr-bridge-id47	4hot-assembly1_A	0.208	168	145	476	0.979	0.328	7.545E-01	7.358E-01	2.467E-01	4.125E-03	164
egfr-bridge-id47	6q6g-assembly1_Z	0.194	149	145	486	0.931	0.307	6.981E-01	6.500E-01	2.165E-01	3.072E-03	164
egfr-bridge-id47	8sxg-assembly1_C	0.200	110	145	532	0.752	0.207	8.417E-01	6.486E-01	1.928E-01	7.437E-03	164
egfr-bridge-id47	7ep7-assembly1_A	0.208	168	145	327	0.959	0.505	7.780E-01	7.433E-01	3.510E-01	4.780E-03	163
egfr-bridge-id47	8j07-assembly1_d3	0.176	159	145	419	0.986	0.379	7.915E-01	7.777E-01	3.028E-01	3.389E-03	163
egfr-bridge-id47	7rqf-assembly1_A	0.181	138	145	523	0.855	0.262	7.096E-01	6.114E-01	1.852E-01	1.790E-03	163
egfr-bridge-id47	3gw4-assembly1_A	0.165	157	145	192	0.972	0.807	7.627E-01	7.403E-01	5.822E-01	6.741E-03	162
egfr-bridge-id47	4jhr-assembly1_B	0.216	148	145	289	0.869	0.512	8.300E-01	7.289E-01	3.898E-01	1.215E-02	162
egfr-bridge-id47	8tau-assembly1_Y	0.195	148	145	501	0.924	0.295	6.997E-01	6.501E-01	2.096E-01	2.784E-03	162
egfr-bridge-id47	2kcv-assembly1_A	0.204	93	145	99	0.628	0.939	8.149E-01	5.361E-01	7.507E-01	4.780E-03	161
egfr-bridge-id47	5tqb-assembly1_B	0.176	159	145	335	0.910	0.466	6.752E-01	6.238E-01	3.115E-01	1.544E-03	161
egfr-bridge-id47	7aoi-assembly1_BF	0.173	121	145	341	0.724	0.355	8.131E-01	6.092E-01	2.793E-01	6.110E-03	161
egfr-bridge-id47	8rte-assembly1_B	0.188	143	145	350	0.869	0.409	7.822E-01	6.875E-01	3.133E-01	5.273E-03	161
egfr-bridge-id47	6c6k-assembly2_B	0.161	204	145	454	0.966	0.447	7.232E-01	6.950E-01	2.351E-01	3.560E-03	161
egfr-bridge-id47	9b9g-assembly1_D	0.180	155	145	578	0.945	0.266	6.194E-01	5.865E-01	1.748E-01	7.037E-04	161
egfr-bridge-id47	8bbg-assembly1_D	0.184	163	145	1316	0.972	0.124	6.669E-01	6.458E-01	8.725E-02	3.227E-03	161
egfr-bridge-id47	8rte-assembly1_A	0.188	143	145	350	0.869	0.409	7.767E-01	6.836E-01	3.115E-01	5.020E-03	160
egfr-bridge-id47	7rro-assembly1_I2	0.142	119	145	192	0.821	0.594	8.350E-01	6.696E-01	5.190E-01	9.052E-03	159
egfr-bridge-id47	6fv0-assembly1_A	0.204	137	145	270	0.807	0.507	8.190E-01	6.727E-01	3.827E-01	7.811E-03	159
egfr-bridge-id47	1p5q-assembly1_A	0.227	154	145	283	0.938	0.481	6.766E-01	6.337E-01	3.440E-01	2.288E-03	159
egfr-bridge-id47	2gw1-assembly1_B	0.245	159	145	487	0.945	0.320	6.094E-01	5.786E-01	2.057E-01	6.379E-04	158
egfr-bridge-id47	5mc6-assembly1_i	0.209	143	145	1365	0.841	0.104	6.630E-01	5.619E-01	6.847E-02	1.269E-03	158
egfr-bridge-id47	7adp-assembly1_B	0.224	116	145	273	0.779	0.425	7.546E-01	6.106E-01	3.535E-01	3.560E-03	157
egfr-bridge-id47	8glv-assembly1_Lf	0.200	155	145	396	0.924	0.379	5.480E-01	5.155E-01	2.406E-01	5.782E-04	157
egfr-bridge-id47	4ga0-assembly1_A	0.204	142	145	143	0.876	0.937	6.409E-01	5.686E-01	5.752E-01	1.400E-03	156
egfr-bridge-id47	1zu2-assembly1_A	0.151	119	145	158	0.676	0.753	8.371E-01	5.848E-01	5.408E-01	1.157E-02	156
egfr-bridge-id47	7wzb-assembly1_B	0.224	156	145	254	0.979	0.606	6.229E-01	6.087E-01	3.796E-01	1.333E-03	156
egfr-bridge-id47	7ado-assembly1_B	0.190	163	145	275	0.959	0.578	6.132E-01	5.905E-01	3.434E-01	7.037E-04	156
egfr-bridge-id47	4g1t-assembly1_B	0.203	152	145	429	0.924	0.347	6.536E-01	6.074E-01	2.440E-01	1.704E-03	156
egfr-bridge-id47	7n61-assembly1_1E	0.167	143	145	623	0.869	0.230	6.989E-01	6.134E-01	1.646E-01	3.739E-03	156
egfr-bridge-id47	3ma5-assembly1_A	0.195	87	145	90	0.586	0.967	8.095E-01	5.031E-01	7.633E-01	7.437E-03	155
egfr-bridge-id47	5a7d-assembly2_E	0.203	172	145	352	0.972	0.474	7.821E-01	7.588E-01	3.413E-01	9.507E-03	155
egfr-bridge-id47	4ga2-assembly1_A	0.197	142	145	144	0.876	0.931	6.160E-01	5.448E-01	5.487E-01	9.449E-04	154
egfr-bridge-id47	6hft-assembly1_A	0.228	127	145	312	0.834	0.391	7.697E-01	6.532E-01	3.275E-01	9.507E-03	153
egfr-bridge-id47	6zmd-assembly1_B	0.225	102	145	332	0.676	0.307	7.422E-01	5.113E-01	2.331E-01	4.332E-03	153
egfr-bridge-id47	8clk-assembly1_D	0.152	125	145	457	0.793	0.271	7.839E-01	6.360E-01	2.241E-01	9.052E-03	153
egfr-bridge-id47	4kvm-assembly1_A	0.175	137	145	718	0.945	0.185	7.334E-01	6.792E-01	1.655E-01	7.437E-03	153
egfr-bridge-id47	9f1d-assembly1_DB	0.219	123	145	837	0.828	0.146	7.571E-01	6.404E-01	1.308E-01	6.741E-03	153
egfr-bridge-id47	6gmh-assembly1_Q	0.210	119	145	884	0.697	0.135	7.243E-01	5.129E-01	9.611E-02	3.560E-03	153
egfr-bridge-id47	8gh3-assembly1_E	0.222	148	145	252	0.966	0.575	7.052E-01	6.794E-01	4.191E-01	3.227E-03	152
egfr-bridge-id47	7t7t-assembly2_B	0.187	160	145	432	0.986	0.350	7.193E-01	7.058E-01	2.618E-01	9.052E-03	152
egfr-bridge-id47	5g05-assembly1_X	0.197	152	145	484	0.945	0.298	6.894E-01	6.511E-01	2.171E-01	5.020E-03	152
egfr-bridge-id47	4yvo-assembly1_A	0.238	113	145	119	0.697	0.950	8.928E-01	6.296E-01	7.586E-01	2.667E-02	151
egfr-bridge-id47	7v1k-assembly1_A-2	0.187	192	145	220	0.993	0.832	6.290E-01	6.209E-01	4.208E-01	2.074E-03	151
egfr-bridge-id47	6zym-assembly1_O	0.168	113	145	252	0.779	0.448	7.120E-01	5.786E-01	3.634E-01	5.539E-03	151
egfr-bridge-id47	1qz2-assembly1_C	0.233	154	145	285	0.938	0.477	6.776E-01	6.344E-01	3.421E-01	4.125E-03	151
egfr-bridge-id47	1hxi-assembly1_A	0.208	91	145	112	0.607	0.812	8.643E-01	5.311E-01	6.803E-01	2.302E-02	150
egfr-bridge-id47	7v1l-assembly1_B-2	0.182	186	145	221	0.993	0.801	6.573E-01	6.488E-01	4.357E-01	3.927E-03	150
egfr-bridge-id47	6fuz-assembly1_A	0.201	134	145	267	0.786	0.502	8.288E-01	6.619E-01	3.789E-01	1.479E-02	150
egfr-bridge-id47	7mnn-assembly1_A	0.181	138	145	750	0.897	0.177	6.736E-01	6.085E-01	1.404E-01	2.925E-03	150
egfr-bridge-id47	2fbn-assembly1_B	0.229	157	145	151	0.972	0.914	6.079E-01	5.815E-01	5.609E-01	2.288E-03	149
egfr-bridge-id47	3u3w-assembly1_B	0.167	161	145	280	1.000	0.546	7.078E-01	7.035E-01	3.924E-01	7.081E-03	149
egfr-bridge-id47	6c6k-assembly1_A	0.157	203	145	456	0.959	0.443	6.583E-01	6.282E-01	2.155E-01	4.332E-03	149
egfr-bridge-id47	7b80-assembly1_A	0.225	102	145	340	0.676	0.300	7.286E-01	5.047E-01	2.261E-01	5.273E-03	148
egfr-bridge-id47	1kt0-assembly1_A	0.242	157	145	357	0.959	0.389	6.245E-01	5.958E-01	2.610E-01	2.524E-03	148
egfr-bridge-id47	8rsv-assembly2_B	0.172	116	145	365	0.710	0.318	8.304E-01	6.103E-01	2.598E-01	2.191E-02	148
egfr-bridge-id47	6t59-assembly1_TT	0.179	162	145	426	0.752	0.380	6.407E-01	4.958E-01	1.894E-01	1.095E-03	148
egfr-bridge-id47	7mnl-assembly1_A	0.181	138	145	746	0.897	0.178	6.734E-01	6.087E-01	1.410E-01	3.560E-03	148
egfr-bridge-id47	3ma5-assembly3_C	0.197	86	145	89	0.579	0.966	8.068E-01	4.967E-01	7.610E-01	1.157E-02	147
egfr-bridge-id47	4i17-assembly1_A	0.247	121	145	224	0.814	0.513	7.207E-01	5.921E-01	4.072E-01	7.811E-03	147
egfr-bridge-id47	5z56-assembly1_J	0.154	155	145	522	0.979	0.289	6.093E-01	5.974E-01	2.024E-01	2.288E-03	147
egfr-bridge-id47	5nrl-assembly1_J	0.145	96	145	800	0.662	0.120	7.765E-01	5.398E-01	1.122E-01	1.157E-02	147
egfr-bridge-id47	4lct-assembly1_A	0.206	155	145	318	0.945	0.484	7.413E-01	7.033E-01	3.494E-01	1.215E-02	146
egfr-bridge-id47	5yzg-assembly1_J	0.139	151	145	571	0.979	0.257	6.093E-01	5.975E-01	1.888E-01	3.227E-03	146
egfr-bridge-id47	4hny-assembly1_A	0.171	111	145	733	0.752	0.151	8.108E-01	6.235E-01	1.385E-01	2.086E-02	146
egfr-bridge-id47	7kra-assembly1_B	0.160	150	145	290	0.897	0.486	7.298E-01	6.587E-01	3.536E-01	5.539E-03	145
egfr-bridge-id47	8rtc-assembly1_A	0.157	133	145	355	0.821	0.375	7.839E-01	6.558E-01	2.929E-01	2.418E-02	145
egfr-bridge-id47	9bax-assembly1_F	0.187	155	145	592	0.945	0.260	5.600E-01	5.317E-01	1.585E-01	1.333E-03	145
egfr-bridge-id47	4i2z-assembly1_A	0.244	127	145	899	0.841	0.138	7.535E-01	6.437E-01	1.211E-01	1.554E-02	145
egfr-bridge-id47	5zyq-assembly1_A	0.195	133	145	285	0.903	0.453	7.628E-01	6.850E-01	3.765E-01	1.632E-02	144
egfr-bridge-id47	4zlh-assembly1_A	0.222	148	145	323	0.924	0.455	6.170E-01	5.747E-01	2.890E-01	2.651E-03	144
egfr-bridge-id47	5lj3-assembly1_S	0.131	152	145	464	0.945	0.328	5.950E-01	5.663E-01	2.132E-01	3.072E-03	144
egfr-bridge-id47	5lj5-assembly1_S	0.131	152	145	464	0.945	0.328	5.950E-01	5.663E-01	2.132E-01	3.072E-03	144
egfr-bridge-id47	7t7t-assembly1_A	0.203	167	145	466	0.972	0.348	7.386E-01	7.163E-01	2.508E-01	8.618E-03	144
egfr-bridge-id47	6mfv-assembly4_D	0.215	172	145	641	0.959	0.267	6.204E-01	5.944E-01	1.616E-01	2.651E-03	144
egfr-bridge-id47	8arc-assembly2_C	0.168	95	145	107	0.655	0.888	8.743E-01	5.914E-01	7.794E-01	3.091E-02	143
egfr-bridge-id47	7t6d-assembly1_B	0.232	129	145	381	0.862	0.318	7.710E-01	6.536E-01	2.721E-01	9.986E-03	143
egfr-bridge-id47	4uzy-assembly1_A	0.189	158	145	624	0.841	0.253	5.705E-01	4.866E-01	1.351E-01	1.704E-03	143
egfr-bridge-id47	4hnw-assembly1_A	0.188	154	145	782	0.959	0.187	6.338E-01	6.083E-01	1.375E-01	5.539E-03	143
egfr-bridge-id47	2hr2-assembly2_B	0.195	143	145	157	0.828	0.911	7.107E-01	6.000E-01	5.627E-01	1.408E-02	142
egfr-bridge-id47	5xi8-assembly1_A	0.196	127	145	175	0.876	0.697	7.617E-01	6.514E-01	5.523E-01	1.341E-02	142
egfr-bridge-id47	8j0o-assembly1_B	0.172	151	145	296	0.903	0.507	6.512E-01	5.948E-01	3.293E-01	2.288E-03	142
egfr-bridge-id47	6yxy-assembly1_BF	0.164	134	145	346	0.779	0.387	7.482E-01	5.983E-01	2.714E-01	9.507E-03	142
egfr-bridge-id47	8rtc-assembly2_B	0.172	133	145	353	0.821	0.377	7.651E-01	6.415E-01	2.905E-01	2.418E-02	142
egfr-bridge-id47	7vop-assembly1_W	0.146	157	145	756	0.959	0.204	6.614E-01	6.328E-01	1.410E-01	5.273E-03	142
egfr-bridge-id47	7tdz-assembly1_P	0.154	155	145	798	0.890	0.194	6.076E-01	5.463E-01	1.191E-01	2.178E-03	142
egfr-bridge-id47	6qdk-assembly1_A	0.250	128	145	882	0.834	0.142	7.519E-01	6.428E-01	1.215E-01	1.479E-02	142
egfr-bridge-id47	9cpb-assembly1_6Z	0.144	118	145	192	0.814	0.589	8.529E-01	6.754E-01	5.213E-01	3.246E-02	141
egfr-bridge-id47	6xt9-assembly1_D	0.221	185	145	396	0.966	0.460	4.689E-01	4.505E-01	1.754E-01	2.388E-04	141
egfr-bridge-id47	2xev-assembly1_A	0.195	123	145	121	0.800	0.975	8.147E-01	6.625E-01	7.789E-01	3.091E-02	140
egfr-bridge-id47	5m72-assembly1_A	0.127	141	145	150	0.952	0.880	7.415E-01	6.804E-01	6.601E-01	1.632E-02	140
egfr-bridge-id47	7cc7-assembly1_A	0.211	175	145	227	0.945	0.722	6.357E-01	6.020E-01	4.088E-01	5.539E-03	139
egfr-bridge-id47	7tbl-assembly1_c1	0.169	142	145	742	0.897	0.179	6.425E-01	5.792E-01	1.324E-01	4.332E-03	139
egfr-bridge-id47	7v6p-assembly1_A-2	0.190	194	145	220	0.972	0.841	6.484E-01	6.276E-01	4.239E-01	7.081E-03	138
egfr-bridge-id47	4d10-assembly1_I	0.149	134	145	419	0.793	0.320	7.930E-01	6.445E-01	2.469E-01	2.418E-02	138
egfr-bridge-id47	8ruy-assembly1_F	0.218	137	145	539	0.841	0.254	7.267E-01	6.217E-01	1.871E-01	9.507E-03	138
egfr-bridge-id47	8ebf-assembly1_A	0.192	140	145	667	0.814	0.210	7.367E-01	6.139E-01	1.559E-01	1.554E-02	138
egfr-bridge-id47	7mnm-assembly1_A	0.169	142	145	746	0.897	0.178	6.418E-01	5.787E-01	1.317E-01	4.780E-03	138
egfr-bridge-id47	4xpd-assembly1_A	0.189	153	145	774	0.959	0.185	6.230E-01	5.980E-01	1.363E-01	6.741E-03	138
egfr-bridge-id47	6ait-assembly1_F	0.151	158	145	406	0.972	0.387	7.103E-01	6.882E-01	2.651E-01	1.341E-02	137
egfr-bridge-id47	9fmd-assembly1_J	0.168	113	145	602	0.779	0.188	6.995E-01	5.705E-01	1.649E-01	1.632E-02	137
egfr-bridge-id47	7n61-assembly1_1F	0.156	160	145	614	0.979	0.252	6.404E-01	6.249E-01	1.756E-01	7.811E-03	137
egfr-bridge-id47	7r5j-assembly1_00	0.154	155	145	756	0.938	0.205	6.232E-01	5.849E-01	1.320E-01	4.125E-03	137
egfr-bridge-id47	4cgq-assembly1_A	0.261	65	145	91	0.448	0.714	9.709E-01	4.390E-01	6.920E-01	7.483E-02	136
egfr-bridge-id47	6px0-assembly1_A	0.182	137	145	135	0.821	0.993	7.500E-01	6.259E-01	6.676E-01	2.086E-02	136
egfr-bridge-id47	8odn-assembly1_B	0.156	173	145	185	0.966	0.924	6.160E-01	5.943E-01	4.839E-01	6.110E-03	136
egfr-bridge-id47	6i7h-assembly1_A-2	0.230	100	145	331	0.662	0.302	7.419E-01	5.025E-01	2.310E-01	1.341E-02	136
egfr-bridge-id47	5jhe-assembly1_A-2	0.203	152	145	388	0.848	0.392	5.536E-01	4.895E-01	2.267E-01	2.288E-03	136
egfr-bridge-id47	4gpk-assembly3_K	0.209	153	145	340	0.938	0.450	7.355E-01	6.929E-01	3.291E-01	2.191E-02	135
egfr-bridge-id47	5dbk-assembly1_B	0.231	147	145	352	0.924	0.406	7.355E-01	6.822E-01	3.116E-01	1.801E-02	135
egfr-bridge-id47	2vsn-assembly2_B	0.225	124	145	534	0.821	0.230	7.041E-01	5.901E-01	1.822E-01	1.215E-02	135
egfr-bridge-id47	7mno-assembly1_A	0.169	142	145	746	0.897	0.178	6.414E-01	5.783E-01	1.317E-01	5.817E-03	135
egfr-bridge-id47	1qqe-assembly1_A	0.156	134	145	281	0.828	0.470	7.277E-01	6.179E-01	3.488E-01	2.539E-02	134
egfr-bridge-id47	7w59-assembly1_J	0.164	146	145	568	0.945	0.250	6.042E-01	5.748E-01	1.828E-01	5.539E-03	134
egfr-bridge-id47	5wrw-assembly2_D	0.142	133	145	130	0.834	0.977	6.809E-01	5.711E-01	6.323E-01	9.052E-03	133
egfr-bridge-id47	7kzv-assembly1_H	0.178	112	145	544	0.676	0.206	8.360E-01	5.854E-01	1.690E-01	3.951E-02	133
egfr-bridge-id47	7w5b-assembly1_J	0.164	146	145	569	0.945	0.250	6.043E-01	5.749E-01	1.825E-01	5.817E-03	133
egfr-bridge-id47	8glv-assembly1_Le	0.141	141	145	380	0.821	0.371	8.102E-01	6.767E-01	2.803E-01	3.762E-02	132
egfr-bridge-id47	8ro0-assembly1_J	0.156	147	145	574	0.966	0.253	6.129E-01	5.924E-01	1.881E-01	1.102E-02	132
egfr-bridge-id47	8xi2-assembly1_J	0.132	151	145	595	0.972	0.247	5.810E-01	5.645E-01	1.736E-01	6.418E-03	132
egfr-bridge-id47	8fgw-assembly1_D	0.147	203	145	1315	0.979	0.151	5.337E-01	5.200E-01	7.413E-02	1.544E-03	132
egfr-bridge-id47	2ifu-assembly4_D	0.160	156	145	270	0.979	0.570	5.774E-01	5.655E-01	3.400E-01	9.052E-03	131
egfr-bridge-id47	6i7i-assembly1_A-2	0.234	98	145	334	0.648	0.293	7.326E-01	4.876E-01	2.247E-01	1.479E-02	131
egfr-bridge-id47	6ait-assembly1_D	0.158	158	145	416	0.972	0.377	6.919E-01	6.704E-01	2.548E-01	1.554E-02	131
egfr-bridge-id47	8bpo-assembly1_t2	0.171	187	145	418	0.924	0.431	5.831E-01	5.390E-01	2.024E-01	6.418E-03	131
egfr-bridge-id47	5khu-assembly1_C	0.238	151	145	463	0.945	0.324	6.754E-01	6.372E-01	2.234E-01	1.891E-02	131
egfr-bridge-id47	6qdv-assembly1_S	0.136	183	145	570	0.945	0.307	5.708E-01	5.411E-01	1.591E-01	4.780E-03	131
egfr-bridge-id47	9esi-assembly1_R	0.129	139	145	603	0.959	0.222	6.288E-01	5.874E-01	1.790E-01	1.277E-02	131
egfr-bridge-id47	8rw5-assembly1_B	0.164	134	145	872	0.821	0.154	7.848E-01	6.567E-01	1.265E-01	4.150E-02	131
egfr-bridge-id47	5an3-assembly1_A	0.200	100	145	130	0.593	0.769	7.976E-01	4.964E-01	5.481E-01	4.579E-02	130
egfr-bridge-id47	4hou-assembly2_B	0.210	114	145	242	0.745	0.467	7.181E-01	5.635E-01	3.641E-01	2.191E-02	130
egfr-bridge-id47	6ait-assembly1_C	0.143	160	145	415	0.972	0.378	6.810E-01	6.601E-01	2.518E-01	1.479E-02	130
egfr-bridge-id47	8qzs-assembly1_N	0.135	177	145	831	0.917	0.211	5.741E-01	5.293E-01	1.094E-01	4.780E-03	130
egfr-bridge-id47	6w5q-assembly8_H	0.153	117	145	106	0.807	0.943	6.736E-01	4.735E-01	6.320E-01	1.714E-02	129
egfr-bridge-id47	5an3-assembly1_C	0.154	136	145	135	0.821	0.978	7.514E-01	6.288E-01	6.677E-01	3.410E-02	129
egfr-bridge-id47	4gyo-assembly2_A	0.201	129	145	357	0.779	0.361	7.881E-01	6.315E-01	2.803E-01	4.359E-02	129
egfr-bridge-id47	8rst-assembly1_A-2	0.186	129	145	364	0.779	0.354	8.227E-01	6.566E-01	2.831E-01	6.148E-02	129
egfr-bridge-id47	4abn-assembly2_B	0.185	162	145	426	0.752	0.380	5.509E-01	4.242E-01	1.763E-01	3.389E-03	129
egfr-bridge-id47	2xgm-assembly1_A	0.230	100	145	512	0.690	0.195	7.897E-01	5.665E-01	1.777E-01	4.359E-02	129
egfr-bridge-id47	4apo-assembly1_A	0.179	145	145	142	0.876	0.979	7.135E-01	6.297E-01	6.415E-01	2.802E-02	128
egfr-bridge-id47	4gpk-assembly2_F	0.224	147	145	341	0.924	0.419	7.055E-01	6.570E-01	3.103E-01	2.418E-02	128
egfr-bridge-id47	6ait-assembly1_B	0.151	158	145	418	0.972	0.376	6.694E-01	6.488E-01	2.472E-01	1.479E-02	128
egfr-bridge-id47	7w5a-assembly1_J	0.164	146	145	567	0.945	0.250	6.043E-01	5.749E-01	1.831E-01	8.618E-03	128
egfr-bridge-id47	7kzv-assembly1_G	0.180	100	145	577	0.669	0.173	8.966E-01	6.131E-01	1.627E-01	8.255E-02	128
egfr-bridge-id47	6ppl-assembly1_B	0.180	150	145	665	0.924	0.226	6.096E-01	5.685E-01	1.516E-01	5.817E-03	128
egfr-bridge-id47	8arb-assembly1_A	0.147	102	145	112	0.703	0.911	8.645E-01	6.250E-01	7.889E-01	8.671E-02	127
egfr-bridge-id47	5waq-assembly1_A	0.204	127	145	212	0.807	0.585	7.751E-01	6.379E-01	4.532E-01	2.943E-02	127
egfr-bridge-id47	4gpk-assembly1_D	0.228	149	145	342	0.938	0.436	7.152E-01	6.740E-01	3.232E-01	3.246E-02	127
egfr-bridge-id47	8tau-assembly1_Z	0.195	148	145	488	0.924	0.303	6.786E-01	6.290E-01	2.107E-01	2.418E-02	127
egfr-bridge-id47	6id0-assembly1_J	0.153	156	145	556	0.993	0.273	5.965E-01	5.900E-01	1.905E-01	1.049E-02	127
egfr-bridge-id47	8i0v-assembly1_J	0.144	145	145	563	0.945	0.252	6.346E-01	6.036E-01	1.918E-01	1.554E-02	127
egfr-bridge-id47	9dtr-assembly1_S	0.112	142	145	604	0.979	0.227	6.363E-01	6.051E-01	1.832E-01	2.418E-02	127
egfr-bridge-id47	7qij-assembly2_NC	0.163	98	145	102	0.655	0.931	8.286E-01	5.622E-01	7.713E-01	5.306E-02	126
egfr-bridge-id47	4u0s-assembly1_A	0.226	97	145	323	0.641	0.300	7.216E-01	4.773E-01	2.259E-01	1.891E-02	126
egfr-bridge-id47	4gpk-assembly2_H	0.210	147	145	343	0.897	0.417	7.004E-01	6.361E-01	2.981E-01	2.667E-02	126
egfr-bridge-id47	8h6e-assembly1_4G	0.133	150	145	794	0.959	0.178	6.017E-01	5.773E-01	1.282E-01	1.102E-02	126
egfr-bridge-id47	8ffz-assembly1_C	0.183	153	145	797	0.959	0.191	5.334E-01	5.141E-01	1.232E-01	6.741E-03	126
egfr-bridge-id47	9fpz-assembly1_B	0.194	159	145	834	0.966	0.189	6.246E-01	6.021E-01	1.268E-01	1.479E-02	126
egfr-bridge-id47	3urz-assembly2_B	0.163	202	145	206	0.993	0.981	6.157E-01	6.084E-01	4.494E-01	8.618E-03	124
egfr-bridge-id47	5mq0-assembly1_S	0.116	154	145	468	0.959	0.329	5.865E-01	5.639E-01	2.103E-01	1.215E-02	124
egfr-bridge-id47	8hmc-assembly1_C	0.156	153	145	640	0.897	0.234	5.699E-01	5.270E-01	1.613E-01	7.437E-03	124
egfr-bridge-id47	5gap-assembly1_J	0.122	139	145	729	0.862	0.191	6.460E-01	5.683E-01	1.387E-01	1.554E-02	124
egfr-bridge-id47	4hou-assembly1_A	0.201	114	145	261	0.745	0.437	7.526E-01	5.875E-01	3.526E-01	5.051E-02	123
egfr-bridge-id47	8amz-assembly1_Q	0.108	157	145	421	0.966	0.371	7.362E-01	7.105E-01	2.798E-01	5.573E-02	123
egfr-bridge-id47	8ro2-assembly1_J	0.146	150	145	561	0.952	0.267	6.053E-01	5.782E-01	1.787E-01	1.408E-02	123
egfr-bridge-id47	4hny-assembly2_C	0.135	103	145	759	0.710	0.136	8.234E-01	6.004E-01	1.270E-01	9.107E-02	123
egfr-bridge-id47	4xnh-assembly1_A	0.190	152	145	786	0.952	0.182	6.314E-01	6.026E-01	1.351E-01	2.418E-02	123
egfr-bridge-id47	6qx9-assembly1_5J	0.167	143	145	803	0.897	0.173	6.276E-01	5.700E-01	1.272E-01	1.479E-02	123
egfr-bridge-id47	2yq8-assembly1_A	0.178	123	145	225	0.717	0.547	7.415E-01	5.518E-01	3.721E-01	5.573E-02	122
egfr-bridge-id47	7zub-assembly1_C	0.204	147	145	304	0.890	0.461	6.300E-01	5.694E-01	3.058E-01	1.215E-02	122
egfr-bridge-id47	6sar-assembly1_A	0.160	156	145	392	0.959	0.395	6.758E-01	6.464E-01	2.600E-01	2.539E-02	122
egfr-bridge-id47	8h3a-assembly1_A	0.128	171	145	412	0.979	0.413	6.854E-01	6.687E-01	2.628E-01	3.951E-02	122
egfr-bridge-id47	4abn-assembly1_A	0.185	162	145	422	0.752	0.384	5.543E-01	4.262E-01	1.761E-01	6.110E-03	122
egfr-bridge-id47	8bda-assembly1_E	0.208	144	145	1325	0.924	0.098	5.998E-01	5.481E-01	8.079E-02	1.277E-02	122
egfr-bridge-id47	2lsv-assembly1_A	0.269	63	145	110	0.434	0.573	9.379E-01	4.188E-01	5.467E-01	1.284E-01	121
egfr-bridge-id47	6frk-assembly1_r	0.134	149	145	195	0.828	0.759	6.880E-01	5.726E-01	4.332E-01	2.302E-02	121
egfr-bridge-id47	6t46-assembly2_G	0.200	160	145	365	0.903	0.438	6.839E-01	6.231E-01	2.833E-01	2.943E-02	121
egfr-bridge-id47	7t6d-assembly1_A	0.154	155	145	389	0.910	0.386	6.086E-01	5.585E-01	2.338E-01	9.986E-03	121
egfr-bridge-id47	6ait-assembly1_E	0.151	158	145	410	0.972	0.383	7.131E-01	6.907E-01	2.628E-01	4.359E-02	121
egfr-bridge-id47	6ait-assembly1_A	0.152	157	145	418	0.966	0.373	6.764E-01	6.512E-01	2.468E-01	2.802E-02	121
egfr-bridge-id47	7mxb-assembly1_A	0.170	94	145	672	0.634	0.140	8.371E-01	5.518E-01	1.301E-01	6.457E-02	121
egfr-bridge-id47	7fik-assembly1_N	0.186	134	145	701	0.924	0.177	6.110E-01	5.364E-01	1.424E-01	1.891E-02	121
egfr-bridge-id47	7wzb-assembly1_A	0.188	127	145	251	0.821	0.482	6.254E-01	5.212E-01	3.225E-01	1.479E-02	120
egfr-bridge-id47	4ynw-assembly2_B	0.149	167	145	283	0.966	0.569	5.779E-01	5.579E-01	3.168E-01	7.081E-03	120
egfr-bridge-id47	4gyo-assembly3_B	0.181	160	145	359	0.952	0.429	6.724E-01	6.414E-01	2.911E-01	3.581E-02	120
egfr-bridge-id47	8qpb-assembly1_N	0.163	116	145	457	0.800	0.239	7.205E-01	5.663E-01	2.071E-01	6.148E-02	120
egfr-bridge-id47	7rro-assembly1_I1	0.142	119	145	192	0.821	0.594	8.124E-01	6.533E-01	5.087E-01	7.124E-02	119
egfr-bridge-id47	8w15-assembly1_B	0.140	164	145	279	0.924	0.588	6.812E-01	6.369E-01	3.728E-01	5.051E-02	119
egfr-bridge-id47	8qvx-assembly1_B	0.173	104	145	438	0.669	0.235	8.240E-01	5.659E-01	1.986E-01	6.457E-02	119
egfr-bridge-id47	1ya0-assembly2_B	0.169	124	145	464	0.766	0.267	5.529E-01	4.322E-01	1.551E-01	9.507E-03	119
egfr-bridge-id47	7b9v-assembly1_S	0.116	154	145	549	0.945	0.277	5.858E-01	5.580E-01	1.809E-01	1.801E-02	119
egfr-bridge-id47	7fik-assembly1_K	0.169	130	145	697	0.897	0.176	6.106E-01	5.346E-01	1.446E-01	2.539E-02	119
egfr-bridge-id47	2kc7-assembly1_A	0.268	82	145	99	0.559	0.818	8.913E-01	5.113E-01	7.321E-01	1.417E-01	118
egfr-bridge-id47	7qij-assembly1_HC	0.164	97	145	102	0.669	0.941	8.721E-01	5.945E-01	8.186E-01	1.223E-01	118
egfr-bridge-id47	4u04-assembly1_A	0.230	100	145	315	0.662	0.317	7.158E-01	4.831E-01	2.346E-01	3.581E-02	118
egfr-bridge-id47	4gpk-assembly1_C	0.251	131	145	340	0.814	0.385	7.571E-01	6.301E-01	2.954E-01	5.853E-02	118
egfr-bridge-id47	6lk8-assembly1_U	0.163	141	145	173	0.917	0.717	5.644E-01	4.935E-01	4.246E-01	1.408E-02	117
egfr-bridge-id47	6yxy-assembly1_BE	0.137	131	145	407	0.834	0.312	7.812E-01	6.607E-01	2.577E-01	8.255E-02	117
egfr-bridge-id47	3n71-assembly1_A	0.176	159	145	468	0.938	0.312	5.897E-01	5.547E-01	2.048E-01	1.801E-02	117
egfr-bridge-id47	4i2w-assembly1_A	0.251	127	145	904	0.841	0.137	7.356E-01	6.292E-01	1.199E-01	7.859E-02	117
egfr-bridge-id47	7qij-assembly2_OC	0.144	104	145	108	0.717	0.963	8.560E-01	6.317E-01	8.211E-01	1.563E-01	116
egfr-bridge-id47	8g53-assembly1_A	0.214	149	145	184	0.903	0.793	7.045E-01	6.429E-01	5.231E-01	4.150E-02	116
egfr-bridge-id47	4bt8-assembly1_A	0.183	120	145	222	0.724	0.541	7.310E-01	5.451E-01	3.714E-01	9.107E-02	116
egfr-bridge-id47	4u07-assembly1_A	0.226	97	145	323	0.641	0.300	7.219E-01	4.751E-01	2.257E-01	3.951E-02	116
egfr-bridge-id47	4gpk-assembly2_E	0.229	144	145	339	0.903	0.413	7.285E-01	6.637E-01	3.124E-01	5.853E-02	116
egfr-bridge-id47	6id1-assembly1_J	0.143	146	145	568	0.945	0.250	6.230E-01	5.920E-01	1.871E-01	3.410E-02	116
egfr-bridge-id47	4hnx-assembly1_A	0.179	156	145	713	0.959	0.206	6.158E-01	5.919E-01	1.464E-01	3.246E-02	116
egfr-bridge-id47	2v5f-assembly1_A	0.186	91	145	97	0.579	0.938	8.937E-01	5.321E-01	7.741E-01	2.099E-01	115
egfr-bridge-id47	8xwx-assembly1_C	0.159	113	145	117	0.724	0.949	7.612E-01	5.672E-01	6.859E-01	1.108E-01	115
egfr-bridge-id47	8rbk-assembly1_A	0.215	93	145	738	0.641	0.123	6.326E-01	4.265E-01	1.027E-01	2.191E-02	115
egfr-bridge-id47	7vop-assembly1_Z	0.165	157	145	758	0.917	0.204	6.495E-01	5.983E-01	1.377E-01	3.246E-02	115
egfr-bridge-id47	8bd7-assembly1_K	0.185	140	145	619	0.772	0.226	5.261E-01	4.133E-01	1.261E-01	7.081E-03	114
egfr-bridge-id47	7mxb-assembly2_B	0.190	84	145	655	0.566	0.128	8.657E-01	5.105E-01	1.209E-01	1.164E-01	114
egfr-bridge-id47	8h6l-assembly1_4G	0.163	147	145	801	0.924	0.174	5.865E-01	5.477E-01	1.246E-01	1.479E-02	114
egfr-bridge-id47	2lsu-assembly1_A	0.269	63	145	110	0.434	0.573	9.160E-01	4.139E-01	5.387E-01	1.563E-01	113
egfr-bridge-id47	4bt8-assembly1_B	0.192	130	145	233	0.724	0.558	7.430E-01	5.526E-01	3.606E-01	1.055E-01	113
egfr-bridge-id47	4u0z-assembly7_D	0.232	99	145	325	0.655	0.305	7.484E-01	5.011E-01	2.362E-01	7.124E-02	113
egfr-bridge-id47	8rsu-assembly1_A	0.161	136	145	360	0.821	0.369	7.620E-01	6.384E-01	2.818E-01	1.642E-01	113
egfr-bridge-id47	7tbm-assembly1_c1	0.141	156	145	743	0.841	0.201	4.476E-01	3.785E-01	9.325E-02	3.927E-03	113
egfr-bridge-id47	7kal-assembly1_F	0.139	165	145	194	0.903	0.814	6.959E-01	6.306E-01	4.858E-01	6.148E-02	112
egfr-bridge-id47	4u04-assembly1_B	0.233	107	145	324	0.710	0.330	6.945E-01	5.022E-01	2.374E-01	4.579E-02	112
egfr-bridge-id47	8rot-assembly1_B	0.130	153	145	897	0.924	0.154	6.684E-01	6.211E-01	1.197E-01	6.783E-02	112
egfr-bridge-id47	8g0l-assembly1_B	0.180	122	145	925	0.828	0.132	6.256E-01	5.419E-01	1.135E-01	2.802E-02	112
egfr-bridge-id47	4u0z-assembly3_B	0.232	99	145	326	0.655	0.304	7.484E-01	5.011E-01	2.355E-01	8.255E-02	111
egfr-bridge-id47	3q15-assembly1_A-2	0.169	177	145	365	0.979	0.471	5.516E-01	5.380E-01	2.316E-01	1.554E-02	111
egfr-bridge-id47	5efr-assembly1_A	0.196	132	145	403	0.800	0.320	7.523E-01	6.145E-01	2.443E-01	1.164E-01	111
egfr-bridge-id47	1tjc-assembly1_B	0.177	90	145	95	0.572	0.947	8.870E-01	5.239E-01	7.755E-01	2.684E-01	110
egfr-bridge-id47	4apo-assembly2_B	0.183	142	145	154	0.834	0.909	6.821E-01	5.743E-01	5.433E-01	6.783E-02	110
egfr-bridge-id47	7kat-assembly1_F	0.176	136	145	190	0.834	0.695	6.823E-01	5.872E-01	4.690E-01	5.573E-02	110
egfr-bridge-id47	3urz-assembly1_A	0.182	170	145	202	0.979	0.807	5.242E-01	5.110E-01	3.768E-01	1.157E-02	110
egfr-bridge-id47	2yq8-assembly1_B	0.169	124	145	226	0.717	0.549	7.510E-01	5.507E-01	3.673E-01	1.488E-01	110
egfr-bridge-id47	7msp-assembly2_B	0.190	105	145	333	0.683	0.303	7.152E-01	5.142E-01	2.464E-01	7.124E-02	110
egfr-bridge-id47	8fy4-assembly1_B	0.153	169	145	551	0.834	0.307	7.148E-01	6.054E-01	1.829E-01	8.671E-02	110
egfr-bridge-id47	9hmf-assembly1_L	0.172	185	145	683	0.966	0.261	4.627E-01	4.457E-01	1.228E-01	5.020E-03	110
egfr-bridge-id47	6evp-assembly1_A	0.166	90	145	94	0.572	0.957	8.152E-01	4.934E-01	7.243E-01	1.563E-01	109
egfr-bridge-id47	7aoi-assembly1_BE	0.137	131	145	401	0.834	0.317	7.788E-01	6.598E-01	2.613E-01	1.417E-01	109
egfr-bridge-id47	5a5b-assembly1_Q	0.117	128	145	431	0.752	0.297	7.678E-01	5.954E-01	2.242E-01	8.671E-02	109
egfr-bridge-id47	8qvw-assembly1_B	0.163	141	145	436	0.917	0.284	6.974E-01	6.073E-01	2.287E-01	7.859E-02	109
egfr-bridge-id47	7dvq-assembly1_J	0.177	124	145	522	0.828	0.238	6.559E-01	5.620E-01	1.885E-01	5.573E-02	109
egfr-bridge-id47	4y49-assembly3_M	0.150	100	145	769	0.690	0.127	7.426E-01	5.317E-01	1.169E-01	9.107E-02	109
egfr-bridge-id47	4h7y-assembly4_D	0.189	137	145	138	0.841	0.935	7.403E-01	6.336E-01	6.613E-01	8.671E-02	108
egfr-bridge-id47	2if4-assembly1_A	0.179	128	145	258	0.697	0.484	6.711E-01	4.714E-01	2.918E-01	5.051E-02	108
egfr-bridge-id47	8h77-assembly1_F	0.198	146	145	310	0.841	0.455	6.907E-01	5.856E-01	2.874E-01	6.783E-02	108
egfr-bridge-id47	5oql-assembly1_E	0.154	123	145	331	0.821	0.372	6.480E-01	5.496E-01	2.740E-01	4.579E-02	108
egfr-bridge-id47	4u0u-assembly1_A	0.214	107	145	334	0.710	0.305	6.646E-01	4.759E-01	2.187E-01	4.579E-02	108
egfr-bridge-id47	3jbz-assembly1_A	0.117	153	145	960	0.986	0.156	6.678E-01	6.563E-01	1.257E-01	8.671E-02	108
egfr-bridge-id47	2pzi-assembly2_B	0.140	114	145	644	0.786	0.175	8.310E-01	6.629E-01	1.655E-01	2.684E-01	107
egfr-bridge-id47	6o07-assembly1_A	0.150	100	145	763	0.690	0.131	7.318E-01	5.373E-01	1.206E-01	1.349E-01	107
egfr-bridge-id47	8a3y-assembly1_Q	0.195	169	145	890	0.972	0.190	5.733E-01	5.563E-01	1.150E-01	1.714E-02	107
egfr-bridge-id47	4jt6-assembly2_A	0.120	124	145	1054	0.841	0.115	7.545E-01	6.435E-01	1.052E-01	1.417E-01	107
egfr-bridge-id47	3k9i-assembly1_A-2	0.254	106	145	110	0.676	0.918	7.098E-01	4.946E-01	6.377E-01	9.107E-02	106
egfr-bridge-id47	4nq0-assembly1_A	0.156	134	145	254	0.710	0.528	7.480E-01	5.528E-01	3.362E-01	1.005E-01	106
egfr-bridge-id47	4o6f-assembly1_A	0.190	100	145	430	0.600	0.230	6.998E-01	4.598E-01	1.766E-01	1.005E-01	106
egfr-bridge-id47	8bd7-assembly1_H	0.180	133	145	539	0.683	0.247	6.163E-01	4.282E-01	1.224E-01	3.410E-02	106
egfr-bridge-id47	5gmk-assembly1_d	0.138	152	145	549	0.945	0.277	5.893E-01	5.603E-01	1.822E-01	5.051E-02	106
egfr-bridge-id47	8h6j-assembly1_4G	0.131	175	145	784	0.910	0.218	5.528E-01	5.060E-01	1.091E-01	1.891E-02	106
egfr-bridge-id47	5lqw-assembly1_R	0.123	154	145	219	0.945	0.694	5.828E-01	5.539E-01	3.983E-01	4.579E-02	105
egfr-bridge-id47	7t1s-assembly2_B	0.126	142	145	230	0.814	0.609	7.602E-01	6.340E-01	4.225E-01	1.903E-01	105
egfr-bridge-id47	6x9o-assembly1_B	0.133	150	145	244	0.841	0.615	7.358E-01	6.354E-01	4.086E-01	1.903E-01	105
egfr-bridge-id47	6i7k-assembly1_A	0.230	100	145	333	0.662	0.300	6.333E-01	4.288E-01	1.935E-01	3.762E-02	105
egfr-bridge-id47	9e8q-assembly1_X	0.158	158	145	379	0.972	0.417	7.136E-01	6.935E-01	3.077E-01	1.725E-01	105
egfr-bridge-id47	6bk8-assembly1_T	0.117	153	145	483	0.945	0.315	5.831E-01	5.546E-01	2.020E-01	5.573E-02	105
egfr-bridge-id47	4wjw-assembly1_B	0.143	132	145	673	0.772	0.196	8.143E-01	6.464E-01	1.560E-01	2.099E-01	105
egfr-bridge-id47	6hd7-assembly1_t	0.177	152	145	838	0.931	0.172	5.822E-01	5.453E-01	1.192E-01	3.951E-02	105
egfr-bridge-id47	2kat-assembly1_A	0.179	134	145	115	0.924	0.861	6.382E-01	4.493E-01	5.539E-01	4.809E-02	104
egfr-bridge-id47	3ffl-assembly2_B	0.145	103	145	126	0.614	0.817	7.902E-01	5.118E-01	5.798E-01	1.999E-01	104
egfr-bridge-id47	7qtt-assembly1_X	0.145	192	145	241	0.979	0.763	4.882E-01	4.765E-01	3.043E-01	1.277E-02	104
egfr-bridge-id47	7naz-assembly1_A	0.167	149	145	281	0.938	0.491	6.833E-01	6.437E-01	3.614E-01	1.284E-01	104
egfr-bridge-id47	4u0z-assembly1_A-2	0.233	107	145	322	0.710	0.332	6.942E-01	5.011E-01	2.383E-01	8.671E-02	104
egfr-bridge-id47	1ya0-assembly1_A	0.159	157	145	458	0.793	0.341	6.171E-01	4.982E-01	1.761E-01	5.051E-02	104
egfr-bridge-id47	6evl-assembly1_A	0.166	90	145	94	0.572	0.957	8.071E-01	4.900E-01	7.171E-01	2.433E-01	103
egfr-bridge-id47	4btb-assembly1_A	0.174	126	145	231	0.697	0.545	7.310E-01	5.242E-01	3.443E-01	1.812E-01	103
egfr-bridge-id47	7msn-assembly1_B	0.174	166	145	416	0.979	0.382	6.126E-01	5.975E-01	2.257E-01	7.124E-02	103
egfr-bridge-id47	6paf-assembly1_A	0.141	141	145	423	0.834	0.333	6.245E-01	5.377E-01	2.200E-01	9.107E-02	103
egfr-bridge-id47	6p7z-assembly1_A	0.146	143	145	425	0.841	0.336	6.104E-01	5.309E-01	2.183E-01	7.483E-02	103
egfr-bridge-id47	5ylz-assembly1_I	0.123	154	145	517	0.945	0.294	5.754E-01	5.474E-01	1.890E-01	5.051E-02	103
egfr-bridge-id47	6j6g-assembly1_d	0.118	152	145	566	0.945	0.269	5.828E-01	5.550E-01	1.756E-01	6.783E-02	103
egfr-bridge-id47	8jau-assembly1_A	0.156	166	145	571	0.834	0.291	7.129E-01	6.048E-01	1.777E-01	1.223E-01	103
egfr-bridge-id47	8ro1-assembly1_I	0.191	120	145	747	0.759	0.158	6.967E-01	5.528E-01	1.294E-01	1.284E-01	103
egfr-bridge-id47	2kck-assembly1_A	0.267	112	145	112	0.703	0.911	6.998E-01	5.107E-01	6.400E-01	6.148E-02	102
egfr-bridge-id47	1nzn-assembly1_A	0.135	111	145	122	0.731	0.910	8.285E-01	6.200E-01	7.245E-01	3.785E-01	102
egfr-bridge-id47	3esl-assembly2_B	0.103	165	145	202	0.986	0.782	6.347E-01	6.246E-01	4.794E-01	7.483E-02	102
egfr-bridge-id47	8i0p-assembly1_J	0.180	122	145	249	0.814	0.490	6.890E-01	5.801E-01	3.662E-01	1.642E-01	102
egfr-bridge-id47	4fsc-assembly1_A	0.200	160	145	264	0.972	0.561	6.678E-01	6.487E-01	3.892E-01	7.483E-02	102
egfr-bridge-id47	5jjx-assembly1_A	0.170	123	145	299	0.800	0.411	6.348E-01	5.319E-01	2.972E-01	8.255E-02	102
egfr-bridge-id47	5jj6-assembly3_B	0.216	106	145	333	0.655	0.318	6.451E-01	4.387E-01	2.066E-01	5.573E-02	102
egfr-bridge-id47	9hmf-assembly1_K	0.159	144	145	773	0.931	0.184	7.903E-01	7.380E-01	1.588E-01	2.433E-01	102
egfr-bridge-id47	6xss-assembly1_A	0.347	115	145	260	0.793	0.408	7.229E-01	5.307E-01	3.017E-01	1.812E-01	101
egfr-bridge-id47	5a1v-assembly1_Q	0.117	136	145	292	0.828	0.466	5.977E-01	5.071E-01	2.772E-01	7.483E-02	101
egfr-bridge-id47	5w5h-assembly1_A	0.176	193	145	451	0.924	0.428	4.004E-01	3.717E-01	1.724E-01	7.081E-03	101
egfr-bridge-id47	6lk8-assembly1_S	0.153	137	145	169	0.945	0.722	5.381E-01	4.687E-01	4.182E-01	4.579E-02	100
egfr-bridge-id47	5bt1-assembly1_B	0.157	140	145	249	0.724	0.562	7.358E-01	5.555E-01	3.454E-01	1.417E-01	100
egfr-bridge-id47	6z3w-assembly1_B	0.208	139	145	263	0.938	0.513	6.489E-01	6.114E-01	3.794E-01	1.055E-01	100
egfr-bridge-id47	3mkr-assembly1_A	0.107	139	145	291	0.848	0.478	6.279E-01	5.422E-01	2.950E-01	8.671E-02	100
egfr-bridge-id47	3txn-assembly1_A	0.149	161	145	353	0.979	0.450	7.183E-01	7.017E-01	3.258E-01	2.099E-01	100
egfr-bridge-id47	8rsv-assembly1_A	0.163	177	145	364	0.993	0.486	5.523E-01	5.455E-01	2.383E-01	5.853E-02	100
egfr-bridge-id47	6o9o-assembly1_A	0.146	143	145	426	0.841	0.336	6.088E-01	5.266E-01	2.168E-01	9.107E-02	100
egfr-bridge-id47	3qww-assembly1_A	0.127	133	145	430	0.779	0.309	6.677E-01	5.408E-01	2.132E-01	1.164E-01	100
egfr-bridge-id47	5w5h-assembly1_C	0.173	190	145	446	0.924	0.426	3.972E-01	3.743E-01	1.790E-01	5.273E-03	100
egfr-bridge-id47	3rjv-assembly1_A	0.161	124	145	208	0.703	0.562	6.499E-01	4.725E-01	3.418E-01	7.124E-02	99
egfr-bridge-id47	6ip1-assembly1_E	0.173	156	145	292	0.959	0.524	6.088E-01	5.866E-01	3.411E-01	9.107E-02	99
egfr-bridge-id47	4u0z-assembly2_G-3	0.228	105	145	322	0.697	0.326	6.881E-01	4.879E-01	2.322E-01	1.108E-01	99
egfr-bridge-id47	6epf-assembly1_Q	0.169	153	145	422	0.938	0.363	6.624E-01	6.285E-01	2.621E-01	1.488E-01	99
egfr-bridge-id47	6p6k-assembly1_A	0.141	141	145	424	0.834	0.333	6.189E-01	5.326E-01	2.191E-01	1.223E-01	99
egfr-bridge-id47	7qij-assembly1_CC	0.150	100	145	108	0.690	0.917	8.688E-01	6.108E-01	7.972E-01	5.082E-01	98
egfr-bridge-id47	7qij-assembly2_JC	0.157	108	145	109	0.724	0.963	7.876E-01	5.910E-01	7.569E-01	2.819E-01	98
egfr-bridge-id47	7msk-assembly1_B	0.137	167	145	421	0.945	0.385	5.535E-01	5.223E-01	2.010E-01	5.051E-02	98
egfr-bridge-id47	7abi-assembly1_O	0.176	125	145	248	0.834	0.504	6.498E-01	5.600E-01	3.611E-01	1.349E-01	97
egfr-bridge-id47	3dpy-assembly1_A	0.128	132	145	323	0.800	0.409	4.817E-01	4.079E-01	2.297E-01	3.091E-02	97
egfr-bridge-id47	5zyp-assembly1_A	0.167	143	145	340	0.883	0.400	6.972E-01	6.247E-01	2.983E-01	1.642E-01	97
egfr-bridge-id47	3q5m-assembly1_A	0.136	198	145	210	0.986	0.905	5.892E-01	5.782E-01	4.165E-01	8.255E-02	96
egfr-bridge-id47	5ic8-assembly6_C	0.142	91	145	252	0.628	0.361	7.045E-01	4.804E-01	2.994E-01	1.999E-01	96
egfr-bridge-id47	4fsc-assembly2_B	0.200	130	145	264	0.807	0.462	7.120E-01	5.855E-01	3.424E-01	1.417E-01	96
egfr-bridge-id47	2ond-assembly1_B	0.150	173	145	308	0.959	0.549	4.800E-01	4.607E-01	2.493E-01	2.539E-02	96
egfr-bridge-id47	3zhe-assembly2_D	0.113	158	145	387	0.821	0.408	5.071E-01	4.186E-01	1.815E-01	3.762E-02	96
egfr-bridge-id47	3tg5-assembly1_A	0.180	100	145	425	0.600	0.233	7.316E-01	4.771E-01	1.822E-01	2.555E-01	96
egfr-bridge-id47	4q66-assembly1_B	0.184	119	145	507	0.738	0.225	7.553E-01	5.766E-01	1.821E-01	2.316E-01	96
egfr-bridge-id47	5wby-assembly1_B	0.129	155	145	1058	0.717	0.144	6.851E-01	5.213E-01	8.625E-02	1.223E-01	96
egfr-bridge-id47	5wft-assembly1_A	0.147	95	145	118	0.648	0.788	6.877E-01	4.762E-01	5.638E-01	1.903E-01	95
egfr-bridge-id47	8xwx-assembly1_B	0.150	113	145	119	0.717	0.950	7.713E-01	5.720E-01	6.818E-01	4.607E-01	95
egfr-bridge-id47	3ffl-assembly2_D	0.150	100	145	123	0.600	0.813	7.998E-01	5.060E-01	5.857E-01	3.603E-01	95
egfr-bridge-id47	1iyg-assembly1_A	0.146	109	145	133	0.717	0.820	8.403E-01	6.166E-01	6.671E-01	5.889E-01	95
egfr-bridge-id47	3esl-assembly1_A	0.095	167	145	195	0.993	0.815	6.036E-01	5.973E-01	4.759E-01	7.483E-02	95
egfr-bridge-id47	9gck-assembly1_B	0.130	146	145	294	0.834	0.497	6.295E-01	5.349E-01	2.871E-01	1.108E-01	95
egfr-bridge-id47	6yxx-assembly1_BE	0.132	136	145	357	0.841	0.370	7.420E-01	6.363E-01	2.873E-01	2.555E-01	95
egfr-bridge-id47	7msn-assembly1_A	0.183	158	145	417	0.972	0.372	6.197E-01	6.014E-01	2.276E-01	1.349E-01	95
egfr-bridge-id47	8sxh-assembly1_C	0.136	95	145	108	0.655	0.870	6.415E-01	4.520E-01	5.701E-01	1.417E-01	94
egfr-bridge-id47	6sn7-assembly1_D	0.137	145	145	218	0.821	0.651	7.562E-01	6.308E-01	4.401E-01	3.603E-01	94
egfr-bridge-id47	1hz4-assembly1_A	0.165	121	145	366	0.759	0.331	8.167E-01	6.339E-01	2.702E-01	5.082E-01	94
egfr-bridge-id47	3j8c-assembly1_E	0.169	130	145	384	0.786	0.339	7.919E-01	6.391E-01	2.647E-01	3.975E-01	94
egfr-bridge-id47	7x9s-assembly1_A	0.190	163	145	404	0.945	0.391	6.765E-01	6.404E-01	2.546E-01	2.555E-01	94
egfr-bridge-id47	6g70-assembly1_B	0.102	117	145	510	0.766	0.229	6.608E-01	5.337E-01	1.838E-01	1.812E-01	94
egfr-bridge-id47	8ruy-assembly1_f	0.241	124	145	538	0.759	0.230	6.181E-01	4.870E-01	1.505E-01	1.108E-01	94
egfr-bridge-id47	2l6j-assembly1_A	0.213	89	145	111	0.572	0.802	6.665E-01	4.264E-01	5.291E-01	1.725E-01	93
egfr-bridge-id47	6nx4-assembly1_A	0.157	127	145	167	0.676	0.725	6.885E-01	4.929E-01	4.361E-01	2.099E-01	93
egfr-bridge-id47	5bt1-assembly1_A	0.178	140	145	244	0.724	0.574	7.290E-01	5.513E-01	3.490E-01	2.205E-01	93
egfr-bridge-id47	6hix-assembly1_BE	0.126	134	145	392	0.828	0.332	7.350E-01	6.217E-01	2.588E-01	2.555E-01	93
egfr-bridge-id47	6exn-assembly1_S	0.118	152	145	472	0.945	0.322	5.808E-01	5.529E-01	2.065E-01	1.488E-01	93
egfr-bridge-id47	4eba-assembly2_D	0.136	132	145	551	0.800	0.240	5.961E-01	4.963E-01	1.561E-01	9.107E-02	93
egfr-bridge-id47	8gl8-assembly1_I	0.168	172	145	624	0.834	0.269	5.708E-01	4.802E-01	1.395E-01	9.107E-02	93
egfr-bridge-id47	9hcj-assembly1_00	0.144	118	145	780	0.752	0.151	7.216E-01	5.716E-01	1.279E-01	3.266E-01	93
egfr-bridge-id47	7wb4-assembly1_E	0.129	108	145	1363	0.634	0.079	6.220E-01	4.375E-01	5.989E-02	1.223E-01	93
egfr-bridge-id47	3uux-assembly1_A	0.149	107	145	127	0.690	0.843	7.772E-01	5.620E-01	6.301E-01	4.176E-01	92
egfr-bridge-id47	9cnx-assembly1_D	0.160	143	145	211	0.841	0.649	6.874E-01	5.911E-01	4.295E-01	2.099E-01	92
egfr-bridge-id47	6sn0-assembly1_D	0.137	145	145	218	0.821	0.651	7.430E-01	6.231E-01	4.358E-01	3.785E-01	92
egfr-bridge-id47	4uqy-assembly1_A	0.165	127	145	257	0.772	0.490	6.000E-01	4.712E-01	2.771E-01	1.284E-01	92
egfr-bridge-id47	7dxj-assembly1_B	0.112	187	145	268	0.959	0.698	5.201E-01	4.990E-01	2.934E-01	9.107E-02	92
egfr-bridge-id47	6tzt-assembly1_A	0.102	136	145	292	0.828	0.466	5.830E-01	4.943E-01	2.722E-01	1.284E-01	92
egfr-bridge-id47	3ly7-assembly1_A	0.210	119	145	322	0.745	0.363	6.686E-01	5.211E-01	2.653E-01	2.433E-01	92
egfr-bridge-id47	3ly8-assembly1_A-2	0.203	118	145	323	0.745	0.362	6.452E-01	5.091E-01	2.612E-01	1.563E-01	92
egfr-bridge-id47	2ff4-assembly1_A	0.132	158	145	379	0.814	0.417	7.383E-01	6.062E-01	2.444E-01	2.819E-01	92
egfr-bridge-id47	5l9u-assembly1_X	0.180	194	145	380	1.000	0.492	3.965E-01	3.954E-01	1.912E-01	8.618E-03	92
egfr-bridge-id47	4d18-assembly1_D	0.154	149	145	406	0.883	0.352	6.681E-01	5.991E-01	2.462E-01	1.812E-01	92
egfr-bridge-id47	8c6j-assembly1_T	0.181	143	145	689	0.959	0.197	6.405E-01	6.052E-01	1.584E-01	1.488E-01	92
egfr-bridge-id47	7qij-assembly1_FC	0.180	83	145	106	0.572	0.764	8.429E-01	4.987E-01	6.608E-01	7.908E-01	91
egfr-bridge-id47	3ly9-assembly1_A-2	0.201	119	145	322	0.745	0.363	6.213E-01	4.907E-01	2.564E-01	1.642E-01	91
egfr-bridge-id47	4d0p-assembly1_A	0.139	143	145	371	0.786	0.375	6.834E-01	5.478E-01	2.364E-01	1.999E-01	91
egfr-bridge-id47	4d18-assembly2_J	0.139	129	145	403	0.834	0.320	6.950E-01	5.983E-01	2.490E-01	3.603E-01	91
egfr-bridge-id47	5gjq-assembly1_Q	0.152	157	145	421	0.966	0.373	7.213E-01	6.969E-01	2.787E-01	3.975E-01	91
egfr-bridge-id47	8ig0-assembly1_B	0.100	120	145	490	0.662	0.237	7.437E-01	5.121E-01	1.677E-01	2.433E-01	91
egfr-bridge-id47	4in3-assembly1_D	0.165	127	145	632	0.745	0.191	7.394E-01	5.698E-01	1.474E-01	3.266E-01	91
egfr-bridge-id47	8hme-assembly1_E	0.165	169	145	1129	0.966	0.145	5.878E-01	5.673E-01	9.188E-02	9.566E-02	91
egfr-bridge-id47	9f44-assembly1_A	0.111	152	145	2192	0.697	0.069	7.271E-01	5.299E-01	4.231E-02	2.316E-01	91
egfr-bridge-id47	3ksl-assembly1_A	0.141	163	145	315	0.952	0.517	4.158E-01	4.006E-01	2.303E-01	2.667E-02	90
egfr-bridge-id47	5jj7-assembly1_B	0.226	84	145	330	0.552	0.255	6.856E-01	3.929E-01	1.828E-01	1.903E-01	90
egfr-bridge-id47	7am2-assembly1_BQ	0.136	132	145	413	0.814	0.310	7.719E-01	6.405E-01	2.486E-01	3.975E-01	90
egfr-bridge-id47	5wby-assembly2_A	0.148	155	145	1052	0.717	0.144	6.746E-01	5.086E-01	8.409E-02	1.725E-01	90
egfr-bridge-id47	4z29-assembly2_B	0.228	83	145	169	0.545	0.473	6.119E-01	3.822E-01	3.378E-01	1.725E-01	89
egfr-bridge-id47	6au8-assembly1_A	0.132	136	145	280	0.814	0.468	5.162E-01	4.417E-01	2.652E-01	7.859E-02	89
egfr-bridge-id47	7som-assembly1_I	0.175	160	145	993	0.917	0.160	5.730E-01	5.311E-01	1.015E-01	1.005E-01	89
egfr-bridge-id47	8rcn-assembly1_B	0.118	143	145	1521	0.683	0.094	6.337E-01	4.656E-01	5.776E-02	7.859E-02	89
egfr-bridge-id47	3o48-assembly1_A	0.168	107	145	129	0.690	0.829	7.995E-01	5.759E-01	6.378E-01	6.186E-01	88
egfr-bridge-id47	3j97-assembly1_H	0.159	163	145	286	0.807	0.570	4.554E-01	3.788E-01	2.147E-01	5.306E-02	88
egfr-bridge-id47	3e37-assembly1_A	0.141	156	145	315	0.903	0.495	4.254E-01	3.959E-01	2.252E-01	3.762E-02	88
egfr-bridge-id47	7mnj-assembly3_C	0.101	177	145	528	0.972	0.328	5.540E-01	5.387E-01	1.840E-01	1.164E-01	88
egfr-bridge-id47	5y88-assembly1_I	0.105	152	145	541	0.945	0.281	5.629E-01	5.368E-01	1.794E-01	1.725E-01	88
egfr-bridge-id47	7dco-assembly1_J	0.126	103	145	554	0.710	0.186	6.753E-01	5.105E-01	1.603E-01	3.975E-01	88
egfr-bridge-id47	7mqa-assembly1_LP	0.176	176	145	566	0.952	0.309	5.265E-01	5.049E-01	1.667E-01	7.483E-02	88
egfr-bridge-id47	4y49-assembly1_A	0.136	132	145	769	0.724	0.172	7.494E-01	5.575E-01	1.185E-01	4.607E-01	88
egfr-bridge-id47	8y6o-assembly1_G	0.150	206	145	793	0.938	0.259	3.987E-01	3.738E-01	7.646E-02	1.986E-02	88
egfr-bridge-id47	3mkq-assembly1_E	0.176	147	145	810	0.862	0.172	3.885E-01	3.390E-01	7.865E-02	2.418E-02	88
egfr-bridge-id47	2yhc-assembly1_A	0.145	179	145	209	0.938	0.852	6.323E-01	5.935E-01	4.291E-01	2.433E-01	87
egfr-bridge-id47	7vep-assembly1_A	0.174	126	145	274	0.793	0.442	7.500E-01	6.092E-01	3.451E-01	5.082E-01	87
egfr-bridge-id47	3pz1-assembly1_A	0.157	152	145	305	0.924	0.489	5.842E-01	5.502E-01	3.086E-01	1.903E-01	87
egfr-bridge-id47	4u0z-assembly3_H	0.211	104	145	318	0.690	0.321	6.772E-01	4.746E-01	2.287E-01	2.555E-01	87
egfr-bridge-id47	5wlc-assembly1_LP	0.106	103	145	359	0.655	0.287	6.683E-01	4.795E-01	2.223E-01	1.812E-01	87
egfr-bridge-id47	6cby-assembly2_B	0.190	100	145	422	0.600	0.235	7.022E-01	4.618E-01	1.797E-01	3.975E-01	87
egfr-bridge-id47	7bj1-assembly1_A	0.141	162	145	426	0.986	0.333	5.345E-01	5.227E-01	2.121E-01	1.725E-01	87
egfr-bridge-id47	8r5o-assembly1_F	0.170	129	145	537	0.821	0.235	6.312E-01	5.380E-01	1.784E-01	2.205E-01	87
egfr-bridge-id47	8r6s-assembly1_F	0.170	129	145	629	0.821	0.200	6.310E-01	5.379E-01	1.550E-01	2.205E-01	87
egfr-bridge-id47	8r0a-assembly1_N	0.125	176	145	792	0.910	0.221	3.481E-01	3.299E-01	1.045E-01	1.341E-02	87
egfr-bridge-id47	8bbf-assembly1_B	0.151	165	145	1099	0.938	0.142	3.691E-01	3.472E-01	7.348E-02	1.986E-02	87
egfr-bridge-id47	7pqh-assembly1_K	0.164	134	145	1157	0.786	0.113	4.918E-01	3.931E-01	5.487E-02	7.124E-02	87
egfr-bridge-id47	6zwo-assembly1_B	0.150	120	145	1592	0.676	0.075	6.999E-01	4.891E-01	5.447E-02	3.110E-01	87
egfr-bridge-id47	8adg-assembly1_D	0.152	131	145	209	0.814	0.627	6.924E-01	5.855E-01	4.345E-01	3.785E-01	86
egfr-bridge-id47	3rib-assembly2_B	0.193	93	145	418	0.566	0.222	7.547E-01	4.599E-01	1.754E-01	5.338E-01	86
egfr-bridge-id47	7fik-assembly1_O	0.171	128	145	683	0.855	0.171	6.446E-01	5.327E-01	1.402E-01	2.555E-01	86
egfr-bridge-id47	8r08-assembly1_N	0.150	206	145	801	0.959	0.256	3.522E-01	3.369E-01	7.228E-02	1.049E-02	86
egfr-bridge-id47	8hmf-assembly1_E	0.181	154	145	1195	0.979	0.118	5.916E-01	5.744E-01	9.310E-02	1.812E-01	86
egfr-bridge-id47	8sxe-assembly1_C	0.134	134	145	140	0.841	0.943	5.169E-01	4.495E-01	4.611E-01	1.284E-01	85
egfr-bridge-id47	1pc2-assembly1_A	0.130	107	145	152	0.703	0.704	8.360E-01	6.039E-01	5.786E-01	8.306E-01	85
egfr-bridge-id47	6ah0-assembly1_N	0.153	143	145	579	0.917	0.238	5.730E-01	5.295E-01	1.643E-01	1.642E-01	85
egfr-bridge-id47	6pw9-assembly1_B	0.221	131	145	665	0.841	0.191	6.415E-01	5.551E-01	1.483E-01	2.684E-01	85
egfr-bridge-id47	5ftp-assembly1_A	0.152	144	145	230	0.972	0.574	6.113E-01	5.679E-01	3.979E-01	3.110E-01	84
egfr-bridge-id47	3qou-assembly1_A	0.146	164	145	282	0.869	0.574	4.157E-01	3.626E-01	1.960E-01	4.150E-02	84
egfr-bridge-id47	8bfi-assembly1_B	0.169	106	145	574	0.538	0.185	8.203E-01	4.678E-01	1.285E-01	1.011E+00	84
egfr-bridge-id47	8fgw-assembly1_E	0.153	163	145	603	0.924	0.255	3.689E-01	3.447E-01	1.173E-01	2.667E-02	84
egfr-bridge-id47	5a31-assembly1_O	0.151	191	145	685	0.986	0.277	5.891E-01	5.796E-01	1.453E-01	2.316E-01	84
egfr-bridge-id47	4ui9-assembly1_O	0.151	191	145	685	0.986	0.277	5.891E-01	5.796E-01	1.453E-01	2.316E-01	84
egfr-bridge-id47	8q7n-assembly1_N	0.147	204	145	791	0.945	0.257	3.994E-01	3.769E-01	8.959E-02	2.539E-02	84
egfr-bridge-id47	8u1z-assembly1_A	0.155	109	145	125	0.690	0.872	8.048E-01	5.724E-01	6.539E-01	1.062E+00	83
egfr-bridge-id47	3zn3-assembly1_A-2	0.153	143	145	246	0.966	0.533	6.155E-01	5.683E-01	3.763E-01	3.603E-01	83
egfr-bridge-id47	1nl4-assembly1_A	0.132	189	145	312	0.993	0.606	4.400E-01	4.356E-01	2.526E-01	6.457E-02	83
egfr-bridge-id47	7mq8-assembly1_LP	0.189	153	145	567	0.897	0.268	5.377E-01	4.923E-01	1.599E-01	1.223E-01	83
egfr-bridge-id47	7ya9-assembly1_A-2	0.155	109	145	125	0.690	0.872	7.901E-01	5.614E-01	6.417E-01	1.062E+00	82
egfr-bridge-id47	3qdn-assembly2_B	0.153	150	145	280	0.800	0.529	4.391E-01	3.539E-01	1.878E-01	6.783E-02	82
egfr-bridge-id47	3zhe-assembly1_B	0.139	158	145	390	0.821	0.405	5.063E-01	4.165E-01	1.787E-01	1.349E-01	82
egfr-bridge-id47	7mnl-assembly2_B	0.106	169	145	594	0.938	0.278	5.292E-01	4.998E-01	1.564E-01	1.812E-01	82
egfr-bridge-id47	7mno-assembly2_B	0.107	177	145	604	0.945	0.286	5.261E-01	5.003E-01	1.551E-01	1.642E-01	82
egfr-bridge-id47	4b94-assembly3_C	0.197	147	145	137	0.952	0.927	6.597E-01	5.840E-01	6.135E-01	3.431E-01	81
egfr-bridge-id47	3si5-assembly2_B	0.151	152	145	149	0.931	0.953	6.586E-01	6.178E-01	6.042E-01	3.975E-01	81
egfr-bridge-id47	3qky-assembly1_A	0.191	178	145	251	0.931	0.709	3.635E-01	3.427E-01	2.267E-01	1.986E-02	81
egfr-bridge-id47	5jj6-assembly2_A	0.204	98	145	330	0.676	0.285	7.385E-01	5.007E-01	2.353E-01	6.497E-01	81
egfr-bridge-id47	5o1j-assembly1_A	0.157	133	145	580	0.814	0.222	5.500E-01	4.639E-01	1.476E-01	2.433E-01	81
egfr-bridge-id47	7mnn-assembly2_B	0.110	181	145	604	0.972	0.286	5.028E-01	4.892E-01	1.530E-01	1.164E-01	81
egfr-bridge-id47	2pzi-assembly1_A	0.133	135	145	654	0.834	0.206	6.540E-01	5.564E-01	1.467E-01	5.082E-01	81
egfr-bridge-id47	4y49-assembly2_G	0.150	113	145	770	0.779	0.139	6.799E-01	5.284E-01	1.217E-01	4.839E-01	81
egfr-bridge-id47	6vp9-assembly1_B	0.181	127	145	914	0.876	0.130	6.116E-01	5.278E-01	1.132E-01	2.684E-01	81
egfr-bridge-id47	7peb-assembly1_A	0.128	156	145	2192	0.724	0.070	6.482E-01	4.903E-01	4.126E-02	2.433E-01	81
egfr-bridge-id47	5cwn-assembly1_A	0.224	169	145	207	0.986	0.768	3.076E-01	3.028E-01	2.404E-01	1.215E-02	80
egfr-bridge-id47	7tt1-assembly1_D	0.140	142	145	213	0.821	0.667	6.893E-01	5.857E-01	4.279E-01	5.338E-01	80
egfr-bridge-id47	4gpk-assembly1_A	0.115	173	145	343	0.986	0.499	5.496E-01	5.399E-01	2.605E-01	2.433E-01	80
egfr-bridge-id47	6fvu-assembly1_Q	0.089	156	145	434	0.959	0.350	6.710E-01	6.436E-01	2.527E-01	6.186E-01	80
egfr-bridge-id47	8fy3-assembly1_B	0.165	133	145	524	0.724	0.221	6.043E-01	4.468E-01	1.351E-01	3.975E-01	80
egfr-bridge-id47	8ras-assembly1_F	0.158	158	145	568	0.959	0.266	5.643E-01	5.435E-01	1.734E-01	2.433E-01	80
egfr-bridge-id47	6q6h-assembly1_O	0.185	167	145	703	0.945	0.238	6.859E-01	6.511E-01	1.658E-01	7.168E-01	80
egfr-bridge-id47	8rm5-assembly1_N	0.158	177	145	834	0.897	0.211	3.612E-01	3.284E-01	9.695E-02	2.802E-02	80
egfr-bridge-id47	9hcj-assembly1_R0	0.157	159	145	1790	0.676	0.089	5.721E-01	4.299E-01	4.942E-02	2.684E-01	80
egfr-bridge-id47	7qij-assembly2_MC	0.144	97	145	96	0.669	0.917	8.649E-01	5.456E-01	7.930E-01	1.230E+00	79
egfr-bridge-id47	4bta-assembly1_B	0.176	113	145	211	0.697	0.517	7.058E-01	5.086E-01	3.636E-01	8.306E-01	79
egfr-bridge-id47	8bwc-assembly1_D	0.110	199	145	218	0.993	0.872	5.057E-01	4.995E-01	3.445E-01	1.055E-01	79
egfr-bridge-id47	4rea-assembly1_B	0.144	152	145	588	0.841	0.253	7.622E-01	6.512E-01	1.816E-01	9.163E-01	79
egfr-bridge-id47	5zwo-assembly1_N	0.118	143	145	725	0.890	0.192	5.679E-01	5.153E-01	1.296E-01	3.110E-01	79
egfr-bridge-id47	6nd1-assembly1_F	0.159	88	145	92	0.607	0.957	8.385E-01	5.309E-01	7.986E-01	1.171E+00	78
egfr-bridge-id47	6lys-assembly1_D	0.116	189	145	208	0.993	0.865	5.489E-01	5.420E-01	3.893E-01	2.316E-01	78
egfr-bridge-id47	7a5p-assembly1_O	0.163	153	145	261	0.924	0.559	5.009E-01	4.697E-01	2.959E-01	1.164E-01	78
egfr-bridge-id47	7ru9-assembly1_C	0.137	167	145	271	0.952	0.594	4.668E-01	4.487E-01	2.739E-01	1.284E-01	78
egfr-bridge-id47	7zy4-assembly1_A	0.124	169	145	305	0.959	0.554	4.759E-01	4.580E-01	2.512E-01	1.488E-01	78
egfr-bridge-id47	6r7n-assembly1_B	0.135	162	145	443	0.972	0.366	6.588E-01	6.407E-01	2.530E-01	7.168E-01	78
egfr-bridge-id47	4e85-assembly1_B	0.147	136	145	552	0.807	0.241	5.642E-01	4.712E-01	1.525E-01	2.433E-01	78
egfr-bridge-id47	5wyj-assembly1_R2	0.152	170	145	272	0.959	0.610	5.187E-01	4.991E-01	2.979E-01	1.999E-01	77
egfr-bridge-id47	6jg9-assembly1_A	0.154	142	145	389	0.834	0.332	6.129E-01	5.155E-01	2.081E-01	5.338E-01	77
egfr-bridge-id47	4in3-assembly1_B	0.166	126	145	589	0.738	0.204	7.444E-01	5.686E-01	1.566E-01	9.163E-01	77
egfr-bridge-id47	8f5p-assembly1_D	0.186	129	145	612	0.662	0.211	5.055E-01	3.542E-01	9.824E-02	9.566E-02	77
egfr-bridge-id47	8rdj-assembly1_F	0.158	158	145	660	0.959	0.229	5.658E-01	5.446E-01	1.523E-01	3.110E-01	77
egfr-bridge-id47	3mkq-assembly1_A	0.176	142	145	811	0.924	0.157	3.529E-01	3.187E-01	7.916E-02	4.579E-02	77
egfr-bridge-id47	8bbg-assembly1_B	0.157	165	145	1426	0.938	0.109	3.427E-01	3.216E-01	5.530E-02	3.762E-02	77
egfr-bridge-id47	8sah-assembly1_B	0.123	154	145	234	0.834	0.607	6.127E-01	5.241E-01	3.506E-01	4.839E-01	76
egfr-bridge-id47	1zbp-assembly1_A	0.178	129	145	266	0.772	0.474	5.991E-01	4.687E-01	2.656E-01	3.785E-01	76
egfr-bridge-id47	3qdn-assembly1_A	0.153	150	145	285	0.800	0.519	4.478E-01	3.596E-01	1.863E-01	1.488E-01	76
egfr-bridge-id47	5jjw-assembly1_A	0.120	174	145	296	0.959	0.584	5.133E-01	4.928E-01	2.738E-01	1.642E-01	76
egfr-bridge-id47	5o2o-assembly1_A	0.157	133	145	576	0.814	0.224	5.594E-01	4.723E-01	1.504E-01	4.176E-01	76
egfr-bridge-id47	1ni1-assembly1_A	0.124	145	145	312	0.862	0.452	4.240E-01	3.800E-01	2.228E-01	1.055E-01	75
egfr-bridge-id47	4cr2-assembly1_P	0.137	124	145	415	0.766	0.296	7.724E-01	6.137E-01	2.388E-01	9.163E-01	75
egfr-bridge-id47	3lew-assembly1_A	0.149	114	145	476	0.448	0.239	9.104E-01	4.195E-01	1.322E-01	2.330E+00	75
egfr-bridge-id47	5ctq-assembly2_C	0.128	171	145	495	0.945	0.343	5.672E-01	5.377E-01	1.897E-01	3.431E-01	75
egfr-bridge-id47	6h5f-assembly1_A	0.157	133	145	563	0.814	0.229	5.579E-01	4.713E-01	1.527E-01	4.607E-01	75
egfr-bridge-id47	4eba-assembly1_A	0.161	118	145	585	0.717	0.191	6.094E-01	4.630E-01	1.392E-01	3.785E-01	75
egfr-bridge-id47	8qn4-assembly1_D	0.160	143	145	213	0.807	0.648	6.156E-01	5.087E-01	3.641E-01	5.607E-01	74
egfr-bridge-id47	5ic8-assembly5_D-2	0.144	118	145	259	0.814	0.405	6.052E-01	4.620E-01	2.845E-01	4.386E-01	74
egfr-bridge-id47	6rxz-assembly1_Cz	0.144	152	145	275	0.772	0.553	5.044E-01	4.005E-01	2.317E-01	2.433E-01	74
egfr-bridge-id47	2uy1-assembly1_B	0.136	146	145	384	0.924	0.372	5.128E-01	4.782E-01	2.107E-01	1.999E-01	74
egfr-bridge-id47	2wvi-assembly1_A	0.138	130	145	160	0.793	0.756	6.343E-01	5.240E-01	4.821E-01	5.889E-01	73
egfr-bridge-id47	8ruy-assembly1_g	0.174	143	145	619	0.772	0.226	4.991E-01	3.938E-01	1.255E-01	1.642E-01	73
egfr-bridge-id47	4n5c-assembly6_F	0.203	118	145	727	0.759	0.150	6.579E-01	5.159E-01	1.228E-01	6.497E-01	73
egfr-bridge-id47	5zwm-assembly1_N	0.204	122	145	728	0.752	0.159	5.764E-01	4.526E-01	1.089E-01	3.110E-01	73
egfr-bridge-id47	3jcm-assembly1_G	0.129	162	145	734	0.945	0.219	4.948E-01	4.723E-01	1.214E-01	2.205E-01	73
egfr-bridge-id47	8gix-assembly1_D	0.107	196	145	750	0.828	0.261	6.865E-01	5.855E-01	1.360E-01	1.171E+00	73
egfr-bridge-id47	8f5o-assembly1_E	0.125	176	145	1076	0.917	0.154	6.049E-01	5.578E-01	9.320E-02	4.386E-01	73
egfr-bridge-id47	8fgw-assembly1_A	0.175	148	145	1081	0.945	0.130	3.608E-01	3.418E-01	6.622E-02	1.005E-01	73
egfr-bridge-id47	7pe7-assembly1_A	0.119	142	145	2194	0.697	0.065	7.084E-01	5.207E-01	4.324E-02	7.529E-01	73
egfr-bridge-id47	7kts-assembly1_A	0.129	178	145	3042	0.786	0.059	5.069E-01	4.007E-01	2.958E-02	2.205E-01	73
egfr-bridge-id47	9co0-assembly1_D	0.122	188	145	205	0.993	0.893	5.281E-01	5.215E-01	3.806E-01	3.266E-01	72
egfr-bridge-id47	7w3i-assembly1_X	0.167	155	145	380	0.945	0.405	6.961E-01	6.617E-01	2.941E-01	1.230E+00	72
egfr-bridge-id47	4q66-assembly2_K	0.180	122	145	593	0.738	0.196	6.487E-01	5.040E-01	1.448E-01	5.082E-01	72
egfr-bridge-id47	6sgb-assembly1_FX	0.183	147	145	220	0.841	0.618	6.047E-01	5.242E-01	3.728E-01	4.839E-01	71
egfr-bridge-id47	8bh8-assembly1_A	0.171	105	145	523	0.648	0.185	4.851E-01	3.175E-01	9.649E-02	1.108E-01	71
egfr-bridge-id47	7fik-assembly1_L	0.143	188	145	679	0.979	0.271	3.935E-01	3.831E-01	1.126E-01	9.107E-02	71
egfr-bridge-id47	6tnt-assembly1_O	0.187	155	145	688	0.966	0.203	5.503E-01	5.302E-01	1.347E-01	5.338E-01	71
egfr-bridge-id47	7cun-assembly1_H	0.118	177	145	912	0.897	0.190	4.716E-01	4.248E-01	8.368E-02	2.205E-01	71
egfr-bridge-id47	7stx-assembly1_B	0.203	123	145	914	0.814	0.133	5.840E-01	4.955E-01	1.030E-01	5.338E-01	71
egfr-bridge-id47	8hmf-assembly1_D	0.164	158	145	1407	0.869	0.110	4.113E-01	3.668E-01	6.518E-02	1.284E-01	71
egfr-bridge-id47	7uxh-assembly1_C	0.133	142	145	2188	0.807	0.062	5.628E-01	4.646E-01	3.803E-02	3.785E-01	71
egfr-bridge-id47	4gtv-assembly1_A	0.148	195	145	307	0.959	0.609	4.360E-01	4.198E-01	2.422E-01	2.099E-01	70
egfr-bridge-id47	6g70-assembly1_A	0.145	158	145	509	0.924	0.310	5.243E-01	4.882E-01	1.682E-01	4.386E-01	70
egfr-bridge-id47	8bjq-assembly1_D	0.138	108	145	796	0.697	0.134	5.061E-01	3.867E-01	9.251E-02	3.266E-01	70
egfr-bridge-id47	3mkq-assembly1_C	0.152	164	145	811	0.821	0.202	2.953E-01	2.487E-01	6.420E-02	2.418E-02	70
egfr-bridge-id47	8f5p-assembly1_B	0.162	148	145	1128	0.676	0.131	3.390E-01	2.387E-01	4.837E-02	2.802E-02	70
egfr-bridge-id47	7tdz-assembly1_a	0.106	160	145	1352	0.814	0.118	4.588E-01	3.915E-01	6.225E-02	2.433E-01	70
egfr-bridge-id47	2lah-assembly1_A	0.126	103	145	160	0.676	0.631	6.129E-01	4.489E-01	4.167E-01	6.186E-01	69
egfr-bridge-id47	3jco-assembly1_Q	0.117	170	145	431	0.959	0.394	6.880E-01	6.600E-01	2.579E-01	1.652E+00	69
egfr-bridge-id47	6s2k-assembly2_B	0.107	140	145	463	0.738	0.294	6.328E-01	4.839E-01	1.765E-01	6.186E-01	69
egfr-bridge-id47	7xgr-assembly1_A	0.166	138	145	546	0.779	0.245	3.422E-01	2.744E-01	9.006E-02	4.359E-02	69
egfr-bridge-id47	8rch-assembly1_B	0.152	144	145	2036	0.752	0.070	4.987E-01	3.882E-01	3.822E-02	2.316E-01	69
egfr-bridge-id47	7ywy-assembly1_a	0.183	87	145	88	0.579	0.943	6.521E-01	4.050E-01	6.146E-01	1.115E+00	68
egfr-bridge-id47	3bee-assembly2_B	0.160	87	145	91	0.579	0.912	6.208E-01	3.998E-01	5.771E-01	6.824E-01	68
egfr-bridge-id47	7qij-assembly2_LC	0.132	121	145	105	0.834	0.867	6.732E-01	4.369E-01	5.863E-01	9.625E-01	68
egfr-bridge-id47	9dze-assembly1_c	0.190	131	145	274	0.834	0.431	4.065E-01	3.424E-01	2.023E-01	1.725E-01	68
egfr-bridge-id47	3hxe-assembly1_A	0.149	194	145	306	0.959	0.611	4.373E-01	4.206E-01	2.362E-01	1.903E-01	68
egfr-bridge-id47	6wcj-assembly1_C	0.157	133	145	394	0.800	0.332	4.587E-01	3.845E-01	1.742E-01	2.099E-01	68
egfr-bridge-id47	5y5a-assembly1_A	0.116	163	145	514	0.772	0.307	6.192E-01	4.826E-01	1.463E-01	9.163E-01	68
egfr-bridge-id47	8fbn-assembly1_E	0.148	189	145	226	0.986	0.823	4.033E-01	3.968E-01	2.871E-01	1.999E-01	67
egfr-bridge-id47	6g7c-assembly1_E	0.118	160	145	237	0.910	0.654	4.189E-01	3.869E-01	2.566E-01	1.812E-01	67
egfr-bridge-id47	8hvr-assembly1_J	0.123	146	145	254	0.814	0.555	6.838E-01	5.738E-01	3.550E-01	1.230E+00	67
egfr-bridge-id47	5wlc-assembly1_NJ	0.141	156	145	265	0.938	0.585	5.245E-01	4.971E-01	3.117E-01	6.497E-01	67
egfr-bridge-id47	4di4-assembly1_A	0.119	243	145	273	0.931	0.886	4.932E-01	4.611E-01	2.654E-01	3.431E-01	67
egfr-bridge-id47	5gjr-assembly1_2	0.145	110	145	372	0.634	0.296	7.363E-01	4.955E-01	2.141E-01	1.652E+00	67
egfr-bridge-id47	5z2c-assembly9_I	0.120	183	145	408	0.814	0.446	6.454E-01	5.315E-01	2.054E-01	1.171E+00	67
egfr-bridge-id47	4q66-assembly1_E	0.163	122	145	557	0.738	0.210	6.467E-01	5.007E-01	1.531E-01	8.306E-01	67
egfr-bridge-id47	8rbz-assembly1_h	0.147	156	145	887	0.890	0.159	4.886E-01	4.357E-01	8.102E-02	4.386E-01	67
egfr-bridge-id47	8rc4-assembly1_h	0.128	156	145	956	0.890	0.147	4.921E-01	4.398E-01	7.764E-02	4.607E-01	67
egfr-bridge-id47	7ni6-assembly1_B	0.169	142	145	1423	0.828	0.098	5.695E-01	4.785E-01	5.730E-02	5.607E-01	67
egfr-bridge-id47	5jj7-assembly1_A	0.223	112	145	330	0.697	0.339	6.230E-01	4.530E-01	2.182E-01	7.908E-01	66
egfr-bridge-id47	9e8g-assembly1_a	0.127	133	145	372	0.807	0.355	6.238E-01	5.252E-01	2.400E-01	9.625E-01	66
egfr-bridge-id47	4e6h-assembly1_A-2	0.146	150	145	553	0.772	0.271	5.373E-01	4.270E-01	1.316E-01	5.338E-01	66
egfr-bridge-id47	9gaw-assembly1_O	0.107	176	145	699	0.945	0.252	4.894E-01	4.627E-01	1.183E-01	7.908E-01	66
egfr-bridge-id47	5cwm-assembly1_A	0.175	188	145	226	0.986	0.796	2.993E-01	2.945E-01	2.077E-01	3.762E-02	65
egfr-bridge-id47	5lu1-assembly2_E	0.115	173	145	227	0.986	0.758	4.128E-01	4.053E-01	2.848E-01	1.812E-01	65
egfr-bridge-id47	5z2c-assembly2_B	0.142	140	145	445	0.793	0.303	6.486E-01	5.368E-01	2.056E-01	1.426E+00	65
egfr-bridge-id47	7vvz-assembly1_L	0.162	129	145	3513	0.759	0.036	5.782E-01	4.708E-01	2.818E-02	7.908E-01	65
egfr-bridge-id47	6g5s-assembly1_A	0.215	65	145	146	0.428	0.445	8.105E-01	3.808E-01	3.784E-01	2.330E+00	64
egfr-bridge-id47	5xw7-assembly2_B	0.141	163	145	218	0.910	0.711	3.712E-01	3.399E-01	2.351E-01	1.725E-01	64
egfr-bridge-id47	6qzr-assembly2_D-3	0.152	171	145	219	0.966	0.744	4.246E-01	4.102E-01	2.967E-01	1.642E-01	64
egfr-bridge-id47	7d8p-assembly1_A	0.126	174	145	225	0.966	0.760	4.010E-01	3.907E-01	2.899E-01	1.812E-01	64
egfr-bridge-id47	6e9z-assembly1_B	0.171	187	145	225	0.986	0.800	3.080E-01	3.042E-01	2.238E-01	3.951E-02	64
egfr-bridge-id47	5z2c-assembly8_H	0.127	188	145	423	0.814	0.442	6.093E-01	5.027E-01	1.926E-01	1.062E+00	64
egfr-bridge-id47	5z2c-assembly7_G	0.125	191	145	428	0.814	0.444	6.104E-01	5.014E-01	1.893E-01	1.062E+00	64
egfr-bridge-id47	8ch6-assembly1_z	0.160	156	145	692	0.897	0.207	5.284E-01	4.822E-01	1.321E-01	4.176E-01	64
egfr-bridge-id47	8f5o-assembly1_C	0.179	162	145	1179	0.924	0.133	3.057E-01	2.921E-01	7.173E-02	5.051E-02	64
egfr-bridge-id47	6a5s-assembly2_G	0.146	178	145	228	0.986	0.768	3.942E-01	3.878E-01	2.707E-01	1.642E-01	63
egfr-bridge-id47	7zit-assembly1_B	0.131	175	145	230	0.966	0.735	4.681E-01	4.509E-01	3.107E-01	4.607E-01	63
egfr-bridge-id47	2npm-assembly1_B	0.122	171	145	235	0.993	0.728	4.497E-01	4.442E-01	3.017E-01	3.431E-01	63
egfr-bridge-id47	5xw7-assembly1_A	0.130	161	145	243	0.897	0.630	3.819E-01	3.455E-01	2.223E-01	1.642E-01	63
egfr-bridge-id47	8d9f-assembly1_A	0.113	176	145	670	0.821	0.260	6.235E-01	5.245E-01	1.347E-01	1.230E+00	63
egfr-bridge-id47	6f09-assembly4_Q	0.097	175	145	225	0.986	0.769	4.153E-01	4.086E-01	2.910E-01	2.684E-01	62
egfr-bridge-id47	6y7t-assembly3_K	0.122	172	145	231	0.972	0.736	4.157E-01	4.037E-01	2.794E-01	2.205E-01	62
egfr-bridge-id47	6g7c-assembly1_A	0.114	157	145	234	0.910	0.667	4.210E-01	3.871E-01	2.592E-01	3.603E-01	62
egfr-bridge-id47	5yqg-assembly1_B	0.132	181	145	236	0.972	0.750	4.104E-01	3.986E-01	2.667E-01	1.725E-01	62
egfr-bridge-id47	8gh2-assembly1_E	0.164	176	145	258	0.917	0.678	4.113E-01	3.762E-01	2.193E-01	3.785E-01	62
egfr-bridge-id47	9ep4-assembly1_A	0.148	155	145	884	0.883	0.158	4.797E-01	4.252E-01	7.974E-02	6.497E-01	62
egfr-bridge-id47	8gix-assembly1_E	0.095	189	145	991	0.779	0.191	6.070E-01	4.876E-01	9.162E-02	1.171E+00	62
egfr-bridge-id47	6e9t-assembly1_B	0.179	178	145	227	0.972	0.784	2.652E-01	2.584E-01	1.895E-01	4.150E-02	61
egfr-bridge-id47	2v7d-assembly1_A	0.106	169	145	228	0.986	0.728	4.111E-01	4.036E-01	2.866E-01	2.961E-01	61
egfr-bridge-id47	9dze-assembly1_h	0.145	186	145	274	0.986	0.646	3.450E-01	3.389E-01	1.977E-01	2.555E-01	61
egfr-bridge-id47	5lcw-assembly1_S	0.145	151	145	277	0.903	0.523	5.635E-01	5.193E-01	3.052E-01	8.724E-01	61
egfr-bridge-id47	6o60-assembly1_A	0.114	114	145	300	0.724	0.380	4.668E-01	3.704E-01	2.159E-01	7.529E-01	61
egfr-bridge-id47	7y8y-assembly1_B	0.123	162	145	680	0.834	0.232	6.091E-01	5.213E-01	1.383E-01	1.171E+00	61
egfr-bridge-id47	8hme-assembly1_D	0.144	194	145	1084	0.945	0.179	2.630E-01	2.487E-01	5.028E-02	4.150E-02	61
egfr-bridge-id47	3q75-assembly1_A	0.119	159	145	315	0.883	0.492	4.094E-01	3.795E-01	2.202E-01	3.110E-01	60
egfr-bridge-id47	3jck-assembly1_C	0.102	147	145	378	0.883	0.384	6.700E-01	5.997E-01	2.642E-01	2.700E+00	60
egfr-bridge-id47	8amz-assembly1_P	0.095	167	145	421	0.786	0.397	4.359E-01	3.578E-01	1.466E-01	3.785E-01	60
egfr-bridge-id47	3jco-assembly1_P	0.125	127	145	431	0.786	0.292	7.821E-01	6.333E-01	2.369E-01	3.286E+00	60
egfr-bridge-id47	4av7-assembly3_E	0.196	56	145	634	0.386	0.077	8.285E-01	2.971E-01	7.222E-02	3.286E+00	60
egfr-bridge-id47	8xvv-assembly1_L	0.135	185	145	3485	0.814	0.053	4.792E-01	3.923E-01	2.733E-02	5.889E-01	60
egfr-bridge-id47	2n8i-assembly1_A	0.294	78	145	100	0.483	0.750	6.873E-01	3.505E-01	4.915E-01	2.218E+00	59
egfr-bridge-id47	8e0o-assembly1_B	0.175	194	145	201	0.979	0.945	3.737E-01	3.657E-01	2.891E-01	2.099E-01	59
egfr-bridge-id47	8fit-assembly2_C	0.169	206	145	219	0.972	0.941	4.218E-01	4.138E-01	3.153E-01	6.186E-01	59
egfr-bridge-id47	7xbq-assembly2_B	0.091	174	145	235	0.986	0.728	4.863E-01	4.770E-01	3.224E-01	8.724E-01	59
egfr-bridge-id47	5ok9-assembly1_E	0.126	174	145	240	0.986	0.721	4.076E-01	4.001E-01	2.701E-01	2.819E-01	59
egfr-bridge-id47	5bwk-assembly1_E	0.167	149	145	291	0.779	0.509	3.851E-01	3.131E-01	1.798E-01	3.603E-01	59
egfr-bridge-id47	3q7f-assembly1_A	0.130	192	145	313	0.938	0.604	4.225E-01	4.034E-01	2.392E-01	3.785E-01	59
egfr-bridge-id47	7t0e-assembly1_A	0.150	106	145	318	0.662	0.333	4.761E-01	3.609E-01	2.028E-01	7.529E-01	59
egfr-bridge-id47	8h38-assembly1_B	0.144	145	145	420	0.869	0.345	5.956E-01	5.297E-01	2.245E-01	2.011E+00	59
egfr-bridge-id47	5z2c-assembly4_D	0.126	190	145	434	0.814	0.438	6.240E-01	5.134E-01	1.901E-01	1.914E+00	59
egfr-bridge-id47	4um2-assembly1_A	0.113	141	145	510	0.731	0.271	5.269E-01	3.894E-01	1.287E-01	8.306E-01	59
egfr-bridge-id47	6w2t-assembly1_1	0.183	120	145	534	0.779	0.210	4.926E-01	3.996E-01	1.326E-01	6.824E-01	59
egfr-bridge-id47	4e85-assembly1_A	0.149	161	145	555	0.834	0.274	3.761E-01	3.241E-01	1.204E-01	1.488E-01	59
egfr-bridge-id47	6g7c-assembly1_C	0.098	163	145	239	0.910	0.678	4.262E-01	3.945E-01	2.622E-01	5.082E-01	58
egfr-bridge-id47	9dze-assembly1_S	0.210	157	145	316	0.972	0.440	3.640E-01	3.499E-01	1.818E-01	3.110E-01	58
egfr-bridge-id47	6j2n-assembly1_R	0.173	150	145	400	0.959	0.373	5.399E-01	5.210E-01	2.373E-01	1.292E+00	58
egfr-bridge-id47	8ftu-assembly1_A	0.107	149	145	627	0.883	0.226	5.603E-01	5.025E-01	1.471E-01	1.171E+00	58
egfr-bridge-id47	2yhe-assembly3_C	0.196	56	145	634	0.386	0.077	8.263E-01	2.970E-01	7.216E-02	3.626E+00	58
egfr-bridge-id47	7sqc-assembly1_R0	0.193	191	145	2070	0.979	0.091	4.446E-01	4.341E-01	4.346E-02	5.082E-01	58
egfr-bridge-id47	8g9j-assembly1_A	0.185	167	145	201	0.986	0.821	2.609E-01	2.574E-01	2.003E-01	8.255E-02	57
egfr-bridge-id47	6sio-assembly1_A-2	0.127	173	145	225	0.986	0.742	4.274E-01	4.198E-01	2.970E-01	5.889E-01	57
egfr-bridge-id47	6zbt-assembly2_C	0.149	161	145	227	0.993	0.678	3.575E-01	3.553E-01	2.502E-01	2.555E-01	57
egfr-bridge-id47	8fbo-assembly1_C	0.187	155	145	254	0.945	0.575	3.387E-01	3.224E-01	2.069E-01	2.099E-01	57
egfr-bridge-id47	8bbg-assembly1_C	0.134	163	145	1174	0.945	0.135	3.219E-01	3.067E-01	6.451E-02	2.433E-01	57
egfr-bridge-id47	7ni6-assembly1_A	0.176	142	145	1424	0.828	0.098	5.741E-01	4.824E-01	5.752E-02	1.498E+00	57
egfr-bridge-id47	7ni5-assembly1_B	0.154	142	145	2790	0.800	0.050	4.687E-01	3.838E-01	2.846E-02	5.889E-01	57
egfr-bridge-id47	1yz5-assembly1_A	0.132	174	145	223	0.966	0.753	3.715E-01	3.623E-01	2.775E-01	3.266E-01	56
egfr-bridge-id47	5z2c-assembly6_F	0.142	140	145	433	0.793	0.312	6.496E-01	5.376E-01	2.107E-01	2.836E+00	56
egfr-bridge-id47	7w3h-assembly1_V	0.160	137	145	444	0.800	0.288	6.078E-01	5.041E-01	1.960E-01	2.112E+00	56
egfr-bridge-id47	9ep1-assembly1_D	0.134	97	145	561	0.648	0.173	6.176E-01	4.269E-01	1.343E-01	1.823E+00	56
egfr-bridge-id47	9dtr-assembly1_T	0.159	157	145	707	0.848	0.211	5.318E-01	4.637E-01	1.182E-01	1.171E+00	56
egfr-bridge-id47	6e9r-assembly1_B	0.159	169	145	171	0.952	0.977	3.100E-01	2.989E-01	2.718E-01	1.642E-01	55
egfr-bridge-id47	8gaa-assembly1_K	0.173	190	145	197	0.986	0.959	2.980E-01	2.939E-01	2.463E-01	1.903E-01	55
egfr-bridge-id47	6gkf-assembly2_C	0.131	175	145	228	0.986	0.737	3.617E-01	3.574E-01	2.526E-01	2.961E-01	55
egfr-bridge-id47	7nfw-assembly1_A	0.106	179	145	231	0.986	0.749	3.714E-01	3.657E-01	2.591E-01	3.975E-01	55
egfr-bridge-id47	3sfy-assembly1_A	0.128	194	145	315	0.938	0.606	4.280E-01	4.097E-01	2.385E-01	6.497E-01	55
egfr-bridge-id47	7y85-assembly1_D	0.099	141	145	652	0.800	0.196	5.777E-01	4.758E-01	1.264E-01	1.914E+00	55
egfr-bridge-id47	5l9u-assembly1_O	0.161	124	145	676	0.834	0.180	4.147E-01	3.496E-01	8.843E-02	7.529E-01	55
egfr-bridge-id47	6zc9-assembly2_B	0.138	173	145	225	0.986	0.738	3.466E-01	3.419E-01	2.483E-01	2.433E-01	54
egfr-bridge-id47	1o9d-assembly1_A-2	0.083	168	145	230	0.966	0.722	4.357E-01	4.199E-01	2.920E-01	7.908E-01	54
egfr-bridge-id47	3axy-assembly1_D	0.080	173	145	235	0.986	0.728	4.203E-01	4.124E-01	2.793E-01	7.529E-01	54
egfr-bridge-id47	5ftp-assembly1_B	0.123	194	145	242	0.910	0.769	4.334E-01	3.994E-01	2.636E-01	7.529E-01	54
egfr-bridge-id47	6u3w-assembly1_B	0.110	145	145	291	0.800	0.495	5.354E-01	4.455E-01	2.468E-01	1.652E+00	54
egfr-bridge-id47	3lpz-assembly1_A	0.142	154	145	314	0.779	0.481	3.579E-01	2.945E-01	1.630E-01	4.386E-01	54
egfr-bridge-id47	3q79-assembly1_A	0.112	187	145	314	0.834	0.596	3.588E-01	3.186E-01	1.867E-01	3.266E-01	54
egfr-bridge-id47	6zwm-assembly1_B	0.100	190	145	2185	0.717	0.087	5.777E-01	4.289E-01	4.028E-02	1.498E+00	54
egfr-bridge-id47	6bcu-assembly1_B	0.138	130	145	2204	0.676	0.059	7.060E-01	4.926E-01	4.029E-02	4.201E+00	54
egfr-bridge-id47	6dcj-assembly1_A	0.169	124	145	221	0.766	0.534	5.845E-01	4.759E-01	3.420E-01	3.626E+00	53
egfr-bridge-id47	5m36-assembly1_A	0.106	169	145	221	0.972	0.765	4.422E-01	4.268E-01	3.096E-01	8.724E-01	53
egfr-bridge-id47	3kae-assembly1_A	0.162	166	145	225	0.821	0.702	4.474E-01	3.706E-01	2.508E-01	8.724E-01	53
egfr-bridge-id47	4fr3-assembly1_A-2	0.116	171	145	228	0.986	0.750	3.901E-01	3.829E-01	2.701E-01	5.607E-01	53
egfr-bridge-id47	8btq-assembly1_A-2	0.116	180	145	231	0.986	0.749	3.472E-01	3.425E-01	2.407E-01	2.684E-01	53
egfr-bridge-id47	5ok9-assembly1_F	0.120	174	145	239	0.986	0.724	4.081E-01	4.011E-01	2.708E-01	6.186E-01	53
egfr-bridge-id47	4pwx-assembly1_C	0.152	144	145	276	0.752	0.522	3.941E-01	3.107E-01	1.882E-01	7.529E-01	53
egfr-bridge-id47	9dze-assembly1_B	0.207	159	145	316	0.979	0.453	3.330E-01	3.264E-01	1.749E-01	3.975E-01	53
egfr-bridge-id47	6fvw-assembly1_P	0.128	132	145	440	0.807	0.284	4.936E-01	4.034E-01	1.544E-01	9.625E-01	53
egfr-bridge-id47	7y84-assembly1_C	0.105	218	145	652	0.959	0.334	5.291E-01	5.078E-01	1.370E-01	2.011E+00	53
egfr-bridge-id47	8pkp-assembly1_O	0.157	140	145	683	0.910	0.180	4.314E-01	3.781E-01	1.053E-01	1.230E+00	53
egfr-bridge-id47	6zvj-assembly1_A	0.175	120	145	692	0.772	0.171	4.955E-01	4.023E-01	1.062E-01	1.115E+00	53
egfr-bridge-id47	8wya-assembly1_E	0.203	54	145	919	0.352	0.059	8.838E-01	3.271E-01	5.412E-02	5.925E+00	53
egfr-bridge-id47	8f5p-assembly1_E	0.132	173	145	1057	0.931	0.155	2.908E-01	2.733E-01	5.958E-02	1.812E-01	53
egfr-bridge-id47	3msv-assembly3_B	0.119	168	145	348	0.821	0.466	5.650E-01	4.855E-01	2.418E-01	1.573E+00	52
egfr-bridge-id47	6sgb-assembly1_DF	0.130	107	145	491	0.634	0.218	6.922E-01	4.747E-01	1.616E-01	3.452E+00	52
egfr-bridge-id47	5khr-assembly1_O	0.168	148	145	603	0.917	0.232	4.662E-01	4.329E-01	1.300E-01	1.823E+00	52
egfr-bridge-id47	4pdx-assembly1_B	0.164	85	145	619	0.545	0.132	6.452E-01	3.730E-01	9.933E-02	4.000E+00	52
egfr-bridge-id47	8qma-assembly1_E	0.157	159	145	632	0.959	0.239	5.561E-01	5.347E-01	1.554E-01	2.571E+00	52
egfr-bridge-id47	8wy8-assembly1_D	0.220	77	145	932	0.510	0.078	7.609E-01	4.097E-01	7.110E-02	4.868E+00	52
egfr-bridge-id47	7wb4-assembly1_e	0.138	137	145	1310	0.814	0.098	3.727E-01	3.157E-01	6.323E-02	6.186E-01	52
egfr-bridge-id47	6zwm-assembly1_A	0.097	184	145	2184	0.683	0.084	6.773E-01	4.805E-01	4.074E-02	3.286E+00	52
egfr-bridge-id47	8uc6-assembly2_B	0.170	147	145	148	0.876	0.912	3.156E-01	2.789E-01	2.738E-01	3.603E-01	51
egfr-bridge-id47	5m73-assembly1_C	0.122	131	145	197	0.814	0.609	4.007E-01	3.414E-01	2.752E-01	5.607E-01	51
egfr-bridge-id47	4p29-assembly2_B	0.115	139	145	215	0.841	0.637	5.763E-01	4.928E-01	3.466E-01	3.129E+00	51
egfr-bridge-id47	6g7c-assembly1_H	0.120	158	145	233	0.910	0.674	4.193E-01	3.873E-01	2.603E-01	1.115E+00	51
egfr-bridge-id47	3pz2-assembly1_A	0.158	177	145	298	0.993	0.581	3.607E-01	3.584E-01	2.126E-01	5.607E-01	51
egfr-bridge-id47	7obq-assembly1_u	0.127	133	145	441	0.828	0.277	4.025E-01	3.485E-01	1.457E-01	6.824E-01	51
egfr-bridge-id47	7rdr-assembly1_A	0.116	181	145	456	0.979	0.377	3.037E-01	2.969E-01	1.133E-01	3.110E-01	51
egfr-bridge-id47	2xgs-assembly2_B	0.158	101	145	479	0.655	0.196	5.383E-01	3.642E-01	1.381E-01	2.011E+00	51
egfr-bridge-id47	6bcx-assembly1_B	0.131	152	145	2178	0.952	0.065	3.147E-01	2.986E-01	3.761E-02	3.266E-01	51
egfr-bridge-id47	6xr2-assembly1_C	0.186	177	145	170	0.993	0.947	2.777E-01	2.744E-01	2.403E-01	2.099E-01	50
egfr-bridge-id47	6bzd-assembly2_C	0.149	187	145	237	0.966	0.759	3.769E-01	3.653E-01	2.536E-01	5.338E-01	50
egfr-bridge-id47	2uy1-assembly1_A	0.148	148	145	438	0.952	0.329	3.970E-01	3.784E-01	1.563E-01	9.625E-01	50
egfr-bridge-id47	2cg2-assembly1_A-2	0.188	69	145	629	0.434	0.107	7.238E-01	3.429E-01	8.827E-02	4.868E+00	50
egfr-bridge-id47	7y6b-assembly1_B	0.087	57	145	67	0.393	0.851	7.126E-01	3.331E-01	6.269E-01	5.371E+00	49
egfr-bridge-id47	7nfx-assembly1_u	0.127	133	145	196	0.828	0.622	4.101E-01	3.566E-01	2.785E-01	8.306E-01	49
egfr-bridge-id47	6w1e-assembly1_A-2	0.111	135	145	202	0.800	0.663	6.292E-01	5.251E-01	4.032E-01	4.868E+00	49
egfr-bridge-id47	6e9v-assembly1_Q	0.146	164	145	211	0.972	0.682	2.351E-01	2.267E-01	1.621E-01	1.284E-01	49
egfr-bridge-id47	6epe-assembly1_S	0.165	127	145	476	0.800	0.254	5.305E-01	4.477E-01	1.748E-01	2.330E+00	49
egfr-bridge-id47	8hmd-assembly1_B	0.195	205	145	1195	0.945	0.172	2.654E-01	2.506E-01	4.407E-02	2.205E-01	49
egfr-bridge-id47	8era-assembly1_A	0.115	156	145	2177	0.786	0.068	4.749E-01	3.814E-01	3.534E-02	1.498E+00	49
egfr-bridge-id47	7k1b-assembly1_A	0.163	147	145	3589	0.655	0.041	5.733E-01	4.151E-01	2.460E-02	2.571E+00	49
egfr-bridge-id47	8uc6-assembly1_C	0.183	142	145	147	0.876	0.912	3.088E-01	2.734E-01	2.662E-01	4.176E-01	48
egfr-bridge-id47	2r5s-assembly2_B	0.160	156	145	171	0.972	0.865	3.548E-01	3.457E-01	3.014E-01	9.625E-01	48
egfr-bridge-id47	7obr-assembly1_u	0.104	173	145	194	0.979	0.835	3.892E-01	3.835E-01	3.073E-01	1.115E+00	48
egfr-bridge-id47	8f6q-assembly1_A	0.193	176	145	199	0.821	0.884	3.712E-01	3.116E-01	2.550E-01	8.306E-01	48
egfr-bridge-id47	6fel-assembly2_C	0.148	182	145	225	0.966	0.769	3.802E-01	3.678E-01	2.599E-01	7.168E-01	48
egfr-bridge-id47	6ygj-assembly1_F-2	0.113	176	145	228	0.986	0.759	3.667E-01	3.612E-01	2.622E-01	7.908E-01	48
egfr-bridge-id47	7d5t-assembly1_RD	0.160	181	145	316	0.869	0.570	3.745E-01	3.297E-01	1.673E-01	1.011E+00	48
egfr-bridge-id47	4u1d-assembly1_C	0.116	154	145	444	0.834	0.347	3.913E-01	3.460E-01	1.571E-01	7.168E-01	48
egfr-bridge-id47	8rg0-assembly1_5	0.168	107	145	520	0.683	0.202	5.616E-01	4.011E-01	1.251E-01	2.571E+00	48
egfr-bridge-id47	5kcn-assembly1_A	0.164	128	145	538	0.800	0.221	5.839E-01	4.906E-01	1.653E-01	4.868E+00	48
egfr-bridge-id47	8ppl-assembly1_Iu	0.134	134	145	587	0.710	0.228	5.691E-01	4.406E-01	1.420E-01	2.112E+00	48
egfr-bridge-id47	4n5c-assembly7_G	0.171	146	145	735	0.834	0.181	4.123E-01	3.585E-01	9.468E-02	1.357E+00	48
egfr-bridge-id47	8wyb-assembly1_B	0.182	82	145	952	0.510	0.077	7.174E-01	3.833E-01	6.449E-02	5.925E+00	48
egfr-bridge-id47	7ni5-assembly1_A	0.192	135	145	2791	0.800	0.047	4.692E-01	3.841E-01	2.764E-02	1.426E+00	48
egfr-bridge-id47	5xw7-assembly5_E	0.120	191	145	199	0.993	0.905	3.040E-01	3.002E-01	2.260E-01	5.338E-01	47
egfr-bridge-id47	7pub-assembly1_Fh	0.094	117	145	274	0.600	0.427	5.459E-01	3.815E-01	2.335E-01	2.836E+00	47
egfr-bridge-id47	5mjz-assembly2_B	0.191	141	145	356	0.938	0.343	2.760E-01	2.324E-01	1.083E-01	3.110E-01	47
egfr-bridge-id47	3jck-assembly1_A	0.156	115	145	397	0.662	0.277	6.465E-01	4.608E-01	1.920E-01	5.113E+00	47
egfr-bridge-id47	8wqa-assembly1_B	0.169	118	145	627	0.683	0.177	4.782E-01	3.365E-01	9.683E-02	1.914E+00	47
egfr-bridge-id47	8ghl-assembly1_D	0.120	150	145	818	0.814	0.170	5.996E-01	5.013E-01	1.049E-01	4.201E+00	47
egfr-bridge-id47	7woo-assembly1_C	0.125	143	145	1325	0.814	0.108	4.250E-01	3.692E-01	6.924E-02	1.171E+00	47
egfr-bridge-id47	7owg-assembly1_B-2	0.118	161	145	2152	0.828	0.075	5.338E-01	4.542E-01	4.538E-02	3.129E+00	47
egfr-bridge-id47	7y6c-assembly2_E	0.086	58	145	77	0.400	0.753	7.179E-01	3.388E-01	5.744E-01	6.866E+00	46
egfr-bridge-id47	8e12-assembly1_B	0.161	155	145	163	0.972	0.908	2.280E-01	2.226E-01	1.943E-01	1.563E-01	46
egfr-bridge-id47	6f09-assembly4_R-5	0.113	167	145	225	0.966	0.733	4.295E-01	4.175E-01	2.945E-01	1.735E+00	46
egfr-bridge-id47	8fit-assembly1_A	0.206	174	145	229	0.959	0.690	2.664E-01	2.566E-01	1.805E-01	3.603E-01	46
egfr-bridge-id47	6epf-assembly1_O	0.107	186	145	376	0.924	0.495	4.496E-01	4.165E-01	1.898E-01	1.914E+00	46
egfr-bridge-id47	8s8e-assembly1_o	0.166	150	145	451	0.890	0.330	4.092E-01	3.749E-01	1.635E-01	1.011E+00	46
egfr-bridge-id47	2xs1-assembly1_A	0.102	196	145	697	0.834	0.281	3.959E-01	3.325E-01	1.144E-01	1.735E+00	46
egfr-bridge-id47	3d3i-assembly1_A	0.244	49	145	758	0.338	0.053	7.660E-01	2.139E-01	4.409E-02	4.635E+00	46
egfr-bridge-id47	8rc4-assembly1_g	0.110	190	145	889	0.883	0.214	4.287E-01	3.920E-01	1.037E-01	1.652E+00	46
egfr-bridge-id47	7n6g-assembly1_1O	0.110	145	145	2632	0.690	0.054	6.938E-01	5.043E-01	3.489E-02	5.641E+00	46
egfr-bridge-id47	6g7b-assembly2_A	0.127	118	145	146	0.579	0.808	4.379E-01	2.646E-01	2.630E-01	2.011E+00	45
egfr-bridge-id47	8e0l-assembly1_C	0.165	163	145	162	0.993	0.963	3.045E-01	3.024E-01	2.754E-01	5.607E-01	45
egfr-bridge-id47	3jaj-assembly1_6	0.113	159	145	179	0.979	0.816	3.670E-01	3.601E-01	3.149E-01	1.062E+00	45
egfr-bridge-id47	6tl3-assembly1_A-2	0.132	173	145	228	0.986	0.746	3.628E-01	3.588E-01	2.567E-01	9.625E-01	45
egfr-bridge-id47	6vab-assembly1_B	0.116	189	145	276	0.917	0.656	3.776E-01	3.567E-01	2.230E-01	1.115E+00	45
egfr-bridge-id47	6w1f-assembly1_B	0.095	136	145	280	0.800	0.468	5.865E-01	4.909E-01	2.888E-01	5.371E+00	45
egfr-bridge-id47	2wpv-assembly3_E	0.176	147	145	280	0.766	0.521	3.970E-01	3.206E-01	1.898E-01	1.735E+00	45
egfr-bridge-id47	8fbj-assembly1_A	0.185	167	145	307	0.959	0.502	2.764E-01	2.644E-01	1.448E-01	5.338E-01	45
egfr-bridge-id47	5mps-assembly1_T	0.111	198	145	338	0.979	0.577	2.754E-01	2.731E-01	1.688E-01	3.110E-01	45
egfr-bridge-id47	3c3r-assembly1_A	0.104	191	145	357	0.821	0.535	3.919E-01	3.396E-01	1.919E-01	1.652E+00	45
egfr-bridge-id47	8ppl-assembly1_Iv	0.152	118	145	430	0.766	0.263	5.641E-01	4.403E-01	1.626E-01	4.413E+00	45
egfr-bridge-id47	8wy8-assembly1_B	0.220	77	145	940	0.510	0.078	7.656E-01	4.115E-01	7.061E-02	8.357E+00	45
egfr-bridge-id47	8dgc-assembly1_D	0.144	97	145	2004	0.593	0.045	6.883E-01	4.373E-01	3.784E-02	5.371E+00	45
egfr-bridge-id47	6sb2-assembly1_B	0.132	136	145	2178	0.841	0.059	3.465E-01	2.941E-01	3.336E-02	8.724E-01	45
egfr-bridge-id47	2v1s-assembly5_E	0.208	48	145	71	0.331	0.535	8.180E-01	2.143E-01	4.320E-01	6.866E+00	44
egfr-bridge-id47	8e0m-assembly4_L	0.162	160	145	166	0.972	0.928	2.407E-01	2.351E-01	2.147E-01	2.819E-01	44
egfr-bridge-id47	3kae-assembly2_B	0.140	220	145	231	0.972	0.905	2.589E-01	2.506E-01	1.812E-01	4.176E-01	44
egfr-bridge-id47	6a73-assembly2_B	0.116	129	145	290	0.752	0.428	5.195E-01	4.153E-01	2.379E-01	2.979E+00	44
egfr-bridge-id47	5cqs-assembly2_C	0.171	140	145	313	0.828	0.406	3.911E-01	3.306E-01	1.710E-01	1.823E+00	44
egfr-bridge-id47	5mk2-assembly2_B	0.191	141	145	361	0.938	0.338	2.755E-01	2.320E-01	1.070E-01	4.607E-01	44
egfr-bridge-id47	4uer-assembly1_a	0.124	129	145	449	0.703	0.287	3.183E-01	2.527E-01	1.287E-01	5.607E-01	44
egfr-bridge-id47	5vat-assembly1_A	0.111	135	145	540	0.793	0.241	5.508E-01	4.449E-01	1.353E-01	4.868E+00	44
egfr-bridge-id47	5vat-assembly2_B	0.131	167	145	542	0.959	0.286	4.991E-01	4.795E-01	1.531E-01	4.413E+00	44
egfr-bridge-id47	9fa7-assembly1_D	0.154	110	145	599	0.710	0.182	5.957E-01	4.460E-01	1.291E-01	4.413E+00	44
egfr-bridge-id47	9fa4-assembly1_D	0.123	130	145	608	0.807	0.206	6.110E-01	5.115E-01	1.499E-01	6.224E+00	44
egfr-bridge-id47	4n5c-assembly4_D	0.160	150	145	757	0.834	0.190	4.995E-01	4.267E-01	1.032E-01	3.626E+00	44
egfr-bridge-id47	5ca3-assembly1_A	0.342	35	145	758	0.241	0.044	9.206E-01	2.111E-01	4.186E-02	9.220E+00	44
egfr-bridge-id47	7ycx-assembly1_H	0.140	149	145	937	0.697	0.157	4.691E-01	3.388E-01	6.534E-02	2.330E+00	44
egfr-bridge-id47	2w2u-assembly1_A	0.253	83	145	75	0.545	0.920	4.515E-01	2.175E-01	4.105E-01	1.735E+00	43
egfr-bridge-id47	6e9y-assembly1_A	0.183	169	145	227	0.959	0.674	2.755E-01	2.652E-01	1.887E-01	3.266E-01	43
egfr-bridge-id47	5mk2-assembly1_A	0.191	141	145	355	0.938	0.344	2.757E-01	2.322E-01	1.089E-01	5.338E-01	43
egfr-bridge-id47	3jq1-assembly1_A	0.149	147	145	462	0.655	0.314	6.939E-01	4.800E-01	1.683E-01	9.220E+00	43
egfr-bridge-id47	7b6h-assembly1_A	0.119	192	145	614	0.986	0.311	4.940E-01	4.876E-01	1.570E-01	3.452E+00	43
egfr-bridge-id47	7tl5-assembly1_A	0.202	69	145	632	0.434	0.106	6.992E-01	3.359E-01	8.699E-02	7.575E+00	43
egfr-bridge-id47	8zj2-assembly1_B	0.195	164	145	1642	0.945	0.091	4.277E-01	4.072E-01	5.119E-02	2.836E+00	43
egfr-bridge-id47	4p3f-assembly1_A	0.115	165	145	193	0.945	0.777	3.977E-01	3.802E-01	3.203E-01	2.447E+00	42
egfr-bridge-id47	5crv-assembly1_A	0.198	141	145	357	0.938	0.342	2.757E-01	2.322E-01	1.081E-01	6.186E-01	42
egfr-bridge-id47	6sct-assembly1_A	0.112	133	145	379	0.766	0.343	3.966E-01	3.259E-01	1.537E-01	2.112E+00	42
egfr-bridge-id47	6z0f-assembly1_A	0.099	151	145	384	0.903	0.372	4.025E-01	3.712E-01	1.753E-01	2.330E+00	42
egfr-bridge-id47	6fvu-assembly1_P	0.128	132	145	440	0.807	0.284	4.679E-01	3.855E-01	1.507E-01	2.447E+00	42
egfr-bridge-id47	9e8h-assembly1_V	0.136	176	145	470	0.800	0.364	4.864E-01	4.056E-01	1.576E-01	3.808E+00	42
egfr-bridge-id47	5mq0-assembly1_T	0.111	198	145	633	0.979	0.308	2.754E-01	2.731E-01	1.120E-01	5.338E-01	42
egfr-bridge-id47	6ghp-assembly1_A-2	0.126	166	145	224	0.986	0.710	3.574E-01	3.511E-01	2.517E-01	1.735E+00	41
egfr-bridge-id47	5cqr-assembly1_A-2	0.152	197	145	455	0.959	0.413	2.220E-01	2.129E-01	8.471E-02	2.961E-01	41
egfr-bridge-id47	5a23-assembly1_C	0.188	69	145	627	0.434	0.107	7.142E-01	3.403E-01	8.835E-02	9.220E+00	41
egfr-bridge-id47	4nur-assembly1_A	0.172	93	145	633	0.600	0.131	5.924E-01	3.584E-01	9.336E-02	7.212E+00	41
egfr-bridge-id47	6y07-assembly1_A	0.189	153	145	154	0.993	0.844	2.865E-01	2.578E-01	2.434E-01	9.625E-01	40
egfr-bridge-id47	5cqs-assembly1_A	0.158	177	145	325	0.814	0.538	2.590E-01	2.159E-01	1.106E-01	6.186E-01	40
egfr-bridge-id47	5ft9-assembly1_A	0.120	166	145	472	0.938	0.339	5.403E-01	5.118E-01	1.960E-01	4.868E+00	40
egfr-bridge-id47	3jap-assembly1_o	0.143	139	145	550	0.779	0.251	4.136E-01	3.480E-01	1.248E-01	2.447E+00	40
egfr-bridge-id47	4pdx-assembly1_A	0.192	114	145	622	0.717	0.166	4.305E-01	3.115E-01	8.310E-02	2.836E+00	40
egfr-bridge-id47	8wfn-assembly1_B	0.231	82	145	976	0.524	0.081	6.066E-01	3.475E-01	6.307E-02	6.224E+00	40
egfr-bridge-id47	7dpa-assembly1_D	0.232	142	145	1642	0.710	0.086	4.764E-01	3.632E-01	4.881E-02	3.808E+00	40
egfr-bridge-id47	8e0m-assembly1_C	0.141	156	145	164	0.972	0.915	2.380E-01	2.303E-01	2.078E-01	7.168E-01	39
egfr-bridge-id47	6xr2-assembly1_A	0.184	173	145	169	0.993	0.941	2.906E-01	2.872E-01	2.536E-01	1.115E+00	39
egfr-bridge-id47	8cst-assembly1_V	0.119	134	145	359	0.800	0.362	4.294E-01	3.691E-01	1.892E-01	4.000E+00	39
egfr-bridge-id47	9e8q-assembly1_V	0.136	176	145	432	0.800	0.396	4.725E-01	3.953E-01	1.692E-01	4.635E+00	39
egfr-bridge-id47	7kmt-assembly1_B	0.129	201	145	475	0.959	0.415	3.907E-01	3.761E-01	1.536E-01	3.129E+00	39
egfr-bridge-id47	2cfz-assembly1_A	0.161	93	145	630	0.600	0.132	5.861E-01	3.568E-01	9.484E-02	7.956E+00	39
egfr-bridge-id47	4n5c-assembly5_E	0.129	217	145	727	0.979	0.290	3.559E-01	3.480E-01	1.050E-01	2.112E+00	39
egfr-bridge-id47	2w2u-assembly2_B	0.253	83	145	74	0.545	0.932	4.627E-01	2.221E-01	4.262E-01	3.286E+00	38
egfr-bridge-id47	2n8w-assembly1_A	0.237	97	145	104	0.641	0.721	3.784E-01	2.341E-01	3.000E-01	2.330E+00	38
egfr-bridge-id47	2cpt-assembly1_A	0.220	77	145	117	0.483	0.598	4.256E-01	2.127E-01	2.588E-01	2.447E+00	38
egfr-bridge-id47	8e0m-assembly3_G	0.154	155	145	159	0.972	0.931	2.357E-01	2.372E-01	1.996E-01	6.824E-01	38
egfr-bridge-id47	8e0o-assembly1_C	0.162	166	145	160	0.993	0.969	2.144E-01	2.120E-01	1.973E-01	4.839E-01	38
egfr-bridge-id47	8e12-assembly1_C	0.115	165	145	160	0.979	0.938	2.892E-01	2.862E-01	2.731E-01	1.735E+00	38
egfr-bridge-id47	1a4o-assembly2_D	0.088	159	145	197	0.966	0.736	3.858E-01	3.717E-01	2.984E-01	2.700E+00	38
egfr-bridge-id47	4q66-assembly2_H	0.128	195	145	338	0.897	0.565	3.181E-01	2.999E-01	1.465E-01	1.426E+00	38
egfr-bridge-id47	8jbb-assembly1_B	0.150	140	145	461	0.793	0.291	5.041E-01	4.178E-01	1.563E-01	5.641E+00	38
egfr-bridge-id47	7su3-assembly1_A	0.167	149	145	3802	0.779	0.038	3.445E-01	2.778E-01	2.114E-02	1.357E+00	38
egfr-bridge-id47	7c0q-assembly2_D	0.137	138	145	274	0.807	0.474	4.425E-01	3.754E-01	2.366E-01	4.413E+00	37
egfr-bridge-id47	8asw-assembly1_D	0.142	49	145	343	0.338	0.143	5.453E-01	2.078E-01	9.459E-02	4.635E+00	37
egfr-bridge-id47	5hay-assembly1_A	0.110	253	145	559	0.938	0.453	2.888E-01	2.729E-01	8.965E-02	1.292E+00	37
egfr-bridge-id47	4n5c-assembly3_C	0.142	182	145	737	0.959	0.233	5.090E-01	4.897E-01	1.231E-01	6.866E+00	37
egfr-bridge-id47	4u7y-assembly1_A	0.220	77	145	83	0.483	0.843	4.266E-01	2.137E-01	3.583E-01	3.452E+00	36
egfr-bridge-id47	8xyv-assembly2_B	0.161	93	145	98	0.641	0.949	3.606E-01	2.424E-01	3.397E-01	3.452E+00	36
egfr-bridge-id47	8xyv-assembly1_A	0.223	103	145	99	0.697	0.838	3.797E-01	2.235E-01	3.186E-01	4.000E+00	36
egfr-bridge-id47	6xr2-assembly1_B	0.193	165	145	167	0.993	0.898	1.835E-01	1.814E-01	1.615E-01	2.684E-01	36
egfr-bridge-id47	6xr2-assembly2_E	0.196	168	145	171	0.979	0.924	2.769E-01	2.713E-01	2.374E-01	1.357E+00	36
egfr-bridge-id47	6z0f-assembly1_B	0.099	151	145	369	0.903	0.388	3.469E-01	3.306E-01	1.713E-01	3.452E+00	36
egfr-bridge-id47	7w3g-assembly1_a	0.112	151	145	373	0.745	0.394	3.458E-01	2.734E-01	1.335E-01	1.823E+00	36
egfr-bridge-id47	8k0i-assembly1_a	0.152	184	145	399	0.848	0.456	3.746E-01	3.201E-01	1.289E-01	3.452E+00	36
egfr-bridge-id47	3b13-assembly1_C	0.188	154	145	427	0.855	0.311	3.496E-01	3.034E-01	1.226E-01	3.626E+00	36
egfr-bridge-id47	8ga7-assembly1_A	0.187	165	145	503	0.959	0.322	1.870E-01	1.807E-01	6.906E-02	2.684E-01	36
egfr-bridge-id47	8kc9-assembly1_A	0.145	172	145	642	0.841	0.266	2.825E-01	2.387E-01	7.506E-02	1.171E+00	36
egfr-bridge-id47	7a09-assembly1_A	0.177	118	145	692	0.759	0.168	5.058E-01	4.057E-01	1.056E-01	6.537E+00	36
egfr-bridge-id47	6zp4-assembly1_A	0.177	118	145	692	0.759	0.168	4.971E-01	3.963E-01	1.041E-01	6.866E+00	36
egfr-bridge-id47	8tj5-assembly1_1	0.130	138	145	1164	0.766	0.117	3.814E-01	3.163E-01	6.677E-02	2.700E+00	36
egfr-bridge-id47	7dgu-assembly1_A	0.204	93	145	97	0.593	0.887	3.492E-01	2.119E-01	3.101E-01	3.129E+00	35
egfr-bridge-id47	4p3g-assembly1_A	0.136	139	145	219	0.855	0.594	3.589E-01	3.120E-01	2.207E-01	3.286E+00	35
egfr-bridge-id47	2v6y-assembly1_A	0.240	83	145	75	0.545	0.920	4.621E-01	2.208E-01	4.201E-01	5.371E+00	34
egfr-bridge-id47	8e0m-assembly3_I	0.202	153	145	158	0.972	0.924	2.453E-01	2.409E-01	2.292E-01	1.115E+00	34
egfr-bridge-id47	4p3g-assembly1_C	0.086	173	145	184	0.897	0.940	4.256E-01	3.944E-01	3.317E-01	5.641E+00	34
egfr-bridge-id47	8oir-assembly1_AR	0.129	131	145	295	0.828	0.376	4.090E-01	3.332E-01	1.927E-01	4.413E+00	34
egfr-bridge-id47	3qtn-assembly1_B	0.121	132	145	341	0.848	0.364	3.936E-01	3.502E-01	1.855E-01	4.635E+00	34
egfr-bridge-id47	7cun-assembly1_G	0.095	189	145	895	0.828	0.211	4.632E-01	4.007E-01	1.011E-01	7.575E+00	34
egfr-bridge-id47	7zu0-assembly1_A	0.188	117	145	954	0.738	0.122	4.365E-01	3.432E-01	8.175E-02	7.212E+00	34
egfr-bridge-id47	2k3w-assembly1_A	0.207	82	145	73	0.531	0.918	3.722E-01	1.790E-01	3.387E-01	2.979E+00	33
egfr-bridge-id47	8gac-assembly1_A	0.154	110	145	103	0.710	0.961	2.746E-01	2.115E-01	2.673E-01	2.218E+00	33
egfr-bridge-id47	8e0o-assembly1_A	0.152	138	145	141	0.876	0.936	2.655E-01	2.324E-01	2.387E-01	2.011E+00	33
egfr-bridge-id47	5cqs-assembly2_B	0.150	179	145	323	0.786	0.529	2.572E-01	2.113E-01	1.061E-01	1.573E+00	33
egfr-bridge-id47	8wya-assembly1_B	0.152	170	145	923	0.945	0.177	3.865E-01	3.657E-01	7.532E-02	4.868E+00	33
egfr-bridge-id47	7wkk-assembly1_d	0.183	142	145	1123	0.814	0.126	3.958E-01	3.406E-01	6.478E-02	5.925E+00	33
egfr-bridge-id47	1yxr-assembly1_A	0.225	71	145	77	0.455	0.831	4.311E-01	1.968E-01	3.563E-01	4.868E+00	32
egfr-bridge-id47	1wfd-assembly1_A	0.152	85	145	93	0.559	0.742	4.442E-01	2.141E-01	3.279E-01	5.371E+00	32
egfr-bridge-id47	8e0m-assembly2_E	0.159	157	145	157	0.966	0.930	2.490E-01	2.438E-01	2.341E-01	2.330E+00	32
egfr-bridge-id47	8e0m-assembly2_D	0.159	157	145	161	0.959	0.894	2.261E-01	2.198E-01	2.068E-01	1.230E+00	32
egfr-bridge-id47	6gkg-assembly4_H	0.152	177	145	216	0.952	0.773	3.854E-01	3.695E-01	2.748E-01	4.413E+00	32
egfr-bridge-id47	8esq-assembly1_7	0.084	202	145	245	0.938	0.824	3.828E-01	3.615E-01	2.356E-01	5.925E+00	32
egfr-bridge-id47	6nf8-assembly1_a	0.129	62	145	289	0.421	0.215	5.593E-01	2.943E-01	1.659E-01	9.684E+00	32
egfr-bridge-id47	8jbc-assembly1_A	0.168	125	145	468	0.690	0.267	5.238E-01	3.962E-01	1.518E-01	9.684E+00	32
egfr-bridge-id47	7oqc-assembly1_D	0.106	141	145	576	0.786	0.238	4.705E-01	3.899E-01	1.245E-01	6.537E+00	32
egfr-bridge-id47	8ez9-assembly1_C	0.147	102	145	3662	0.641	0.024	4.398E-01	2.949E-01	1.942E-02	5.113E+00	32
egfr-bridge-id47	5nbt-assembly2_D	0.149	87	145	69	0.600	0.797	5.522E-01	2.107E-01	4.361E-01	8.778E+00	31
egfr-bridge-id47	4a5x-assembly2_B	0.157	76	145	73	0.483	0.945	4.676E-01	2.297E-01	4.371E-01	7.956E+00	31
egfr-bridge-id47	8apo-assembly1_BE	0.173	167	145	171	0.972	0.877	3.493E-01	3.408E-01	3.035E-01	5.641E+00	31
egfr-bridge-id47	8ptx-assembly1_D	0.185	167	145	298	0.828	0.523	2.980E-01	2.536E-01	1.386E-01	2.571E+00	31
egfr-bridge-id47	6xns-assembly2_E	0.146	184	145	326	0.972	0.509	2.041E-01	1.958E-01	1.258E-01	1.115E+00	31
egfr-bridge-id47	6xns-assembly1_B	0.156	179	145	333	0.972	0.502	2.336E-01	2.278E-01	1.307E-01	1.823E+00	31
egfr-bridge-id47	2jbw-assembly2_C	0.203	64	145	351	0.441	0.171	5.118E-01	2.180E-01	9.590E-02	8.778E+00	31
egfr-bridge-id47	4u1d-assembly3_A	0.121	156	145	459	0.945	0.322	2.229E-01	2.112E-01	8.581E-02	1.292E+00	31
egfr-bridge-id47	3jb9-assembly1_r	0.130	169	145	573	0.883	0.286	2.524E-01	2.252E-01	8.051E-02	1.735E+00	31
egfr-bridge-id47	5hb1-assembly1_A	0.121	140	145	742	0.772	0.183	4.092E-01	3.434E-01	1.035E-01	6.224E+00	31
egfr-bridge-id47	3w5n-assembly1_A	0.129	108	145	1029	0.586	0.094	4.096E-01	2.513E-01	4.649E-02	6.866E+00	31
egfr-bridge-id47	7tbj-assembly1_A2	0.130	161	145	1269	0.924	0.123	3.223E-01	3.026E-01	5.497E-02	3.808E+00	31
egfr-bridge-id47	8e0m-assembly4_J	0.171	157	145	169	0.959	0.882	2.417E-01	2.315E-01	2.042E-01	2.700E+00	30
egfr-bridge-id47	5wqd-assembly7_G	0.100	160	145	195	0.897	0.821	4.198E-01	3.862E-01	3.121E-01	8.778E+00	30
egfr-bridge-id47	5cqs-assembly1_D	0.170	199	145	324	0.807	0.614	2.086E-01	1.677E-01	8.157E-02	1.357E+00	30
egfr-bridge-id47	6xns-assembly1_A	0.150	180	145	327	0.972	0.505	2.261E-01	2.212E-01	1.298E-01	1.652E+00	30
egfr-bridge-id47	6fvw-assembly1_S	0.134	178	145	475	0.924	0.364	4.322E-01	4.048E-01	1.546E-01	8.357E+00	30
egfr-bridge-id47	5hay-assembly2_B	0.103	213	145	517	0.814	0.412	2.911E-01	2.417E-01	8.905E-02	2.979E+00	30
egfr-bridge-id47	5c6g-assembly2_C	0.084	142	145	588	0.841	0.236	3.218E-01	2.842E-01	1.016E-01	5.113E+00	30
egfr-bridge-id47	8k0f-assembly1_A	0.175	171	145	639	0.883	0.261	3.446E-01	3.036E-01	8.044E-02	5.113E+00	30
egfr-bridge-id47	8k17-assembly1_A	0.127	172	145	646	0.848	0.266	2.824E-01	2.410E-01	7.536E-02	3.452E+00	30
egfr-bridge-id47	8amz-assembly1_N	0.122	171	145	816	0.952	0.207	3.144E-01	3.004E-01	8.433E-02	5.371E+00	30
egfr-bridge-id47	5mpe-assembly2_N	0.175	114	145	890	0.731	0.115	4.686E-01	3.597E-01	7.816E-02	9.220E+00	30
egfr-bridge-id47	8gji-assembly1_A	0.165	145	145	167	0.959	0.737	2.637E-01	2.240E-01	1.959E-01	3.808E+00	29
egfr-bridge-id47	6vfk-assembly1_B	0.178	157	145	277	0.979	0.513	2.058E-01	2.003E-01	1.191E-01	1.498E+00	29
egfr-bridge-id47	4kzg-assembly8_H	0.115	182	145	307	0.848	0.580	3.090E-01	2.773E-01	1.682E-01	3.626E+00	29
egfr-bridge-id47	6xns-assembly2_F	0.182	175	145	327	0.959	0.517	2.347E-01	2.243E-01	1.241E-01	2.571E+00	29
egfr-bridge-id47	6xns-assembly2_D	0.178	179	145	330	0.972	0.506	2.148E-01	2.119E-01	1.296E-01	1.823E+00	29
egfr-bridge-id47	7wkk-assembly1_f	0.179	106	145	1097	0.662	0.096	4.206E-01	2.993E-01	6.335E-02	9.684E+00	29
egfr-bridge-id47	7k1j-assembly1_A	0.102	175	145	3584	0.972	0.048	3.237E-01	3.151E-01	2.878E-02	5.925E+00	29
egfr-bridge-id47	4zey-assembly1_A	0.206	87	145	84	0.579	0.798	4.023E-01	1.938E-01	3.173E-01	6.224E+00	28
egfr-bridge-id47	7x9z-assembly1_B	0.137	160	145	145	0.966	0.959	2.415E-01	2.303E-01	2.303E-01	3.452E+00	28
egfr-bridge-id47	8e0m-assembly3_H	0.178	151	145	161	0.959	0.901	2.218E-01	2.155E-01	1.965E-01	2.700E+00	28
egfr-bridge-id47	4kmo-assembly1_B	0.121	123	145	265	0.800	0.419	3.514E-01	2.844E-01	1.924E-01	9.220E+00	28
egfr-bridge-id47	8kc9-assembly1_B	0.141	120	145	362	0.648	0.318	3.257E-01	2.199E-01	1.054E-01	4.868E+00	28
egfr-bridge-id47	8k0m-assembly1_A	0.147	122	145	643	0.641	0.188	3.581E-01	2.387E-01	6.896E-02	5.925E+00	28
egfr-bridge-id47	7nj1-assembly1_A	0.141	134	145	1448	0.828	0.080	2.740E-01	2.300E-01	3.779E-02	3.626E+00	28
egfr-bridge-id47	5ecf-assembly1_A	0.156	141	145	151	0.910	0.874	2.108E-01	1.941E-01	1.880E-01	1.823E+00	27
egfr-bridge-id47	6yvg-assembly1_A	0.194	159	145	274	0.924	0.504	2.145E-01	1.993E-01	1.144E-01	2.011E+00	27
egfr-bridge-id47	1p7d-assembly2_B	0.166	72	145	280	0.441	0.257	3.792E-01	1.959E-01	1.118E-01	7.956E+00	27
egfr-bridge-id47	8cvt-assembly1_a	0.090	143	145	373	0.779	0.340	3.316E-01	2.719E-01	1.325E-01	6.224E+00	27
egfr-bridge-id47	8qdb-assembly1_A	0.152	118	145	410	0.786	0.224	3.407E-01	2.202E-01	8.407E-02	5.641E+00	27
egfr-bridge-id47	5wsg-assembly1_v	0.113	150	145	593	0.903	0.241	2.444E-01	2.302E-01	8.529E-02	2.836E+00	27
egfr-bridge-id47	6hzf-assembly1_A	0.125	104	145	860	0.662	0.108	2.897E-01	1.932E-01	5.007E-02	3.626E+00	27
egfr-bridge-id47	8tn6-assembly1_C	0.176	147	145	147	0.952	0.898	2.219E-01	2.022E-01	1.995E-01	4.000E+00	26
egfr-bridge-id47	5fb7-assembly1_C	0.167	155	145	155	0.979	0.871	1.873E-01	1.754E-01	1.672E-01	2.011E+00	26
egfr-bridge-id47	1nf6-assembly2_F	0.115	164	145	171	0.993	0.807	2.457E-01	2.327E-01	1.987E-01	5.113E+00	26
egfr-bridge-id47	4p3g-assembly1_B	0.076	171	145	203	0.966	0.749	3.230E-01	3.124E-01	2.429E-01	7.956E+00	26
egfr-bridge-id47	6fvy-assembly1_O	0.098	244	145	388	0.979	0.629	3.603E-01	3.554E-01	1.648E-01	9.684E+00	26
egfr-bridge-id47	8qx8-assembly1_A	0.131	167	145	969	0.814	0.165	3.832E-01	3.297E-01	7.306E-02	9.684E+00	26
egfr-bridge-id47	7c0q-assembly2_B	0.197	162	145	274	0.924	0.515	2.090E-01	1.952E-01	1.149E-01	2.447E+00	25
egfr-bridge-id47	8qah-assembly1_A	0.181	149	145	425	0.972	0.346	2.504E-01	2.424E-01	1.042E-01	7.212E+00	25
egfr-bridge-id47	7tdz-assembly1_f	0.174	126	145	639	0.724	0.189	3.278E-01	2.464E-01	6.873E-02	7.212E+00	25
egfr-bridge-id47	8ts8-assembly1_B	0.173	144	145	262	0.959	0.527	2.096E-01	1.998E-01	1.195E-01	3.286E+00	24
egfr-bridge-id47	6zce-assembly1_o	0.071	139	145	529	0.800	0.250	2.438E-01	2.015E-01	7.483E-02	4.635E+00	24
egfr-bridge-id47	6zu9-assembly1_o	0.071	139	145	529	0.800	0.250	2.439E-01	2.016E-01	7.483E-02	4.635E+00	24
egfr-bridge-id47	3mkq-assembly1_B	0.124	137	145	177	0.800	0.763	2.193E-01	1.898E-01	1.692E-01	3.808E+00	23
egfr-bridge-id47	5m4y-assembly2_C	0.136	147	145	181	0.917	0.702	1.582E-01	1.444E-01	1.242E-01	2.112E+00	23
egfr-bridge-id47	7n9z-assembly1_H	0.092	119	145	184	0.800	0.549	3.162E-01	2.202E-01	1.745E-01	9.220E+00	23
egfr-bridge-id47	7nmq-assembly1_A	0.098	132	145	365	0.834	0.362	2.457E-01	2.083E-01	9.172E-02	5.371E+00	23
egfr-bridge-id47	3j9m-assembly1_A4	0.113	168	145	414	0.814	0.406	2.220E-01	1.843E-01	1.046E-01	4.868E+00	23
egfr-bridge-id47	8qah-assembly2_B	0.181	149	145	426	0.972	0.345	2.502E-01	2.422E-01	1.041E-01	9.220E+00	23
egfr-bridge-id47	2b1e-assembly1_A	0.090	155	145	532	0.952	0.280	2.721E-01	2.596E-01	9.861E-02	7.575E+00	23
egfr-bridge-id47	6k5l-assembly1_A	0.125	112	145	565	0.738	0.198	2.772E-01	2.117E-01	6.412E-02	9.220E+00	23
egfr-bridge-id47	1g73-assembly2_B	0.157	140	145	157	0.924	0.815	2.316E-01	2.058E-01	1.916E-01	5.925E+00	22
egfr-bridge-id47	5n7e-assembly1_B	0.108	185	145	186	0.993	0.957	1.954E-01	1.932E-01	1.566E-01	4.868E+00	22
egfr-bridge-id47	8uao-assembly1_B	0.154	175	145	226	0.972	0.739	2.221E-01	2.153E-01	1.448E-01	5.925E+00	22
egfr-bridge-id47	8ts7-assembly1_B	0.173	144	145	266	0.959	0.519	2.100E-01	1.997E-01	1.188E-01	5.113E+00	22
egfr-bridge-id47	8tsb-assembly1_B	0.176	142	145	270	0.952	0.493	2.137E-01	1.984E-01	1.163E-01	4.413E+00	22
egfr-bridge-id47	7c0q-assembly1_C	0.208	163	145	272	0.945	0.518	2.034E-01	1.915E-01	1.117E-01	4.000E+00	22
egfr-bridge-id47	7sa8-assembly1_A	0.126	150	145	313	0.848	0.460	2.398E-01	2.110E-01	1.166E-01	5.925E+00	22
egfr-bridge-id47	5xbk-assembly2_A	0.157	146	145	366	0.828	0.366	2.762E-01	2.386E-01	1.225E-01	8.778E+00	22
egfr-bridge-id47	9c5a-assembly1_b	0.114	183	145	383	0.862	0.473	2.647E-01	2.321E-01	1.171E-01	9.220E+00	22
egfr-bridge-id47	5krw-assembly1_A	0.103	164	145	155	0.952	0.858	1.686E-01	1.522E-01	1.447E-01	3.286E+00	21
egfr-bridge-id47	5cwq-assembly1_A	0.168	160	145	233	0.972	0.631	2.149E-01	2.079E-01	1.363E-01	8.778E+00	21
egfr-bridge-id47	8e2i-assembly1_F	0.105	152	145	173	0.959	0.763	2.437E-01	2.213E-01	1.878E-01	9.220E+00	20
egfr-bridge-id47	8v8v-assembly2_D	0.173	144	145	271	0.959	0.509	2.035E-01	1.944E-01	1.142E-01	6.224E+00	20
egfr-bridge-id47	5y88-assembly1_U	0.098	172	145	488	0.917	0.352	2.363E-01	2.261E-01	1.071E-01	9.220E+00	20
egfr-bridge-id47	6yga-assembly1_B	0.136	139	145	719	0.841	0.185	2.730E-01	2.339E-01	6.569E-02	9.684E+00	20
egfr-bridge-id47	5j5k-assembly1_A	0.114	149	145	151	0.959	0.927	2.130E-01	2.051E-01	1.987E-01	8.778E+00	19
egfr-bridge-id47	8v8i-assembly2_D	0.178	140	145	222	0.938	0.590	2.128E-01	1.946E-01	1.364E-01	7.575E+00	19
egfr-bridge-id47	5fi4-assembly1_B	0.173	144	145	249	0.959	0.554	2.052E-01	1.955E-01	1.234E-01	8.357E+00	19
egfr-bridge-id47	5d39-assembly2_A	0.137	109	145	489	0.593	0.209	2.372E-01	1.550E-01	5.765E-02	7.212E+00	19
egfr-bridge-id47	2fup-assembly1_A	0.117	111	145	128	0.703	0.750	1.810E-01	1.235E-01	1.370E-01	5.925E+00	18
egfr-bridge-id47	3mtt-assembly1_A	0.136	147	145	163	0.979	0.859	2.096E-01	2.019E-01	1.833E-01	9.220E+00	18
egfr-bridge-id47	1few-assembly1_A	0.191	141	145	173	0.924	0.740	1.802E-01	1.616E-01	1.397E-01	7.212E+00	18
egfr-bridge-id47	4waf-assembly1_B	0.173	144	145	250	0.959	0.552	2.062E-01	1.964E-01	1.233E-01	9.684E+00	18
